Abiotrophia_defectiva,Actinomyces_gerencseriae,Actinomyces_naeslundii,Actinomyces_oris,Actinomyces_viscosus,Aggregatibacter_actinomycetemcomitans,Aggregatibacter_aphrophilus,Aggregatibacter_segnis,Alloscardovia_omnicolens,Anaeroglobus_geminatus,Bifidobacterium_dentium,Bifidobacterium_longum,Brevundimonas_diminuta,Bulleidia_extructa,Campylobacter_concisus,Campylobacter_curvus,Campylobacter_rectus,Campylobacter_showae,Capnocytophaga_gingivalis,Capnocytophaga_granulosa,Capnocytophaga_sputigena,Cardiobacterium_hominis,Cardiobacterium_valvarum,Catonella_morbi,Comamonas_testosteroni,Corynebacterium_durum,Cryptobacterium_curtum,Desulfomicrobium_orale,Dialister_invisus,Dialister_micraerophilus,Eggerthia_catenaformis,Eikenella_corrodens,Enterococcus_faecalis,Filifactor_alocis,Fusobacterium_naviforme,Fusobacterium_necrophorum,Fusobacterium_nucleatum,Fusobacterium_periodonticum,Gemella_haemolysans,Gemella_morbillorum,Granulicatella_adiacens,Granulicatella_elegans,Haemophilus_aegyptius,Haemophilus_haemolyticus,Haemophilus_sputorum,Jonquetella_anthropi,Kingella_denitrificans,Lachnoanaerobaculum_saburreum,Lactobacillus_crispatus,Lactobacillus_gasseri,Lactococcus_lactis,Leptotrichia_wadei,Megasphaera_micronuciformis,Mogibacterium_timidum,Mycoplasma_orale,Neisseria_bacilliformis,Neisseria_elongata,Neisseria_flavescens,Neisseria_lactamica,Neisseria_meningitidis,Neisseria_mucosa,Neisseria_subflava,Oribacterium_sinus,Parvimonas_micra,Peptoniphilus_indolicus,Peptostreptococcus_stomatis,Porphyromonas_catoniae,Porphyromonas_endodontalis,Prevotella_buccae,Prevotella_dentalis,Prevotella_denticola,Prevotella_melaninogenica,Prevotella_micans,Prevotella_oris,Prevotella_scopos,Prevotella_shahii,Pseudoramibacter_alactolyticus,Rothia_dentocariosa,Schaalia_georgiae,Schaalia_meyeri,Schaalia_odontolytica,Selenomonas_artemidis,Selenomonas_flueggei,Selenomonas_noxia,Selenomonas_sputigena,Shuttleworthia_satelles,Staphylococcus_epidermidis,Staphylococcus_warneri,Streptococcus_anginosus,Streptococcus_australis,Streptococcus_constellatus,Streptococcus_cristatus,Streptococcus_gordonii,Streptococcus_infantis,Streptococcus_intermedius,Streptococcus_mitis,Streptococcus_mutans,Streptococcus_oralis,Streptococcus_parasanguinis,Streptococcus_salivarius,Streptococcus_sanguinis,Streptococcus_sinensis,Streptococcus_sobrinus,Streptococcus_vestibularis,Tannerella_forsythia,Treponema_denticola,Treponema_lecithinolyticum,Treponema_maltophilum,Treponema_medium,Treponema_vincentii,Veillonella_atypica,Veillonella_dispar,Veillonella_parvula,
1_stable_0,0,0,0.05690355,0,0,0,0,0,0,0.026070755,0,0,0,0,0,0,0,0,0,0,0,0,0,0,0,0,0,0,0.081490658,0,0,0,0,0,0,0,0.198791698,0,0,0,0,0,0,0.05464178,0,0,0,0,0,0.11132861,0.126663107,0,0,0,0,0,0,0,0,0,0,0,0,0,0,0,0,0,0,0,0,0,0,0,0,0,0,0,0,0,0,0,0,0,0,0,0,0,0,0,0,0.167873203,0,0,0,0,0.079075291,0,0.038192965,0.058968384,0,0,0,0,0,0,0,0,0,0,0,0,0
1_stable_2,0,0,0.062997165,0,0,0,0,0,0,0,0,0,0.062997165,0,0,0,0,0,0,0,0,0,0,0,0,0,0,0,0.055705805,0,0.032336218,0,0,0,0,0,0.165279831,0,0,0,0,0,0,0,0,0,0,0.022072903,0,0.087011458,0.108457845,0,0,0,0,0,0,0.032336218,0,0,0,0,0,0,0,0,0,0,0,0,0,0,0,0,0,0,0,0,0,0,0,0,0,0,0,0,0,0,0,0,0,0.14276677,0,0,0,0,0.081924341,0,0.044145806,0.041779354,0,0,0,0.04626267,0,0,0,0,0,0,0,0,0.013926451
1_stable_4,0.032910136,0,0.08715486,0,0,0,0,0,0,0,0,0,0,0,0,0,0,0,0,0,0,0,0,0,0,0,0,0,0.058077186,0,0.037160482,0,0,0,0,0,0.135390485,0.018580241,0,0,0,0,0,0.023445654,0,0,0,0,0.058077186,0.06746355,0.084168832,0,0,0,0,0,0,0,0,0,0,0,0,0,0,0,0,0,0,0,0,0,0,0,0,0,0,0,0,0.075913902,0,0,0,0,0,0,0,0,0,0,0,0.119308128,0,0,0,0.027219561,0.042025895,0,0.04791662,0.044632963,0,0,0,0,0.040554318,0,0,0,0,0,0,0,0
1_stable_6,0,0,0,0,0,0,0,0,0,0,0,0,0,0,0,0,0,0,0,0,0,0,0,0,0,0,0,0,0.076730964,0.048972629,0.065296839,0,0,0,0.037903641,0,0.185935507,0,0,0,0.02587326,0,0,0.048972629,0,0,0,0,0,0.096425321,0.114269468,0,0,0,0,0,0,0,0,0,0,0,0,0,0,0,0,0,0,0,0,0,0,0,0,0,0,0,0,0,0,0,0,0,0,0,0,0,0,0,0,0.161326338,0,0,0,0,0.100389762,0,0,0.037903641,0,0,0,0,0,0,0,0,0,0,0,0,0
1_stable_8,0,0,0.051214571,0,0,0,0,0,0,0,0,0,0.051214571,0,0,0,0,0,0,0,0,0,0,0,0,0,0,0,0.066467322,0.030140751,0.04953098,0,0,0,0.023320068,0,0.139013407,0,0,0.018480717,0,0,0,0,0,0,0,0,0,0.076780888,0.092053845,0.018480717,0,0,0,0,0.027073761,0,0,0,0,0,0,0,0,0,0,0,0,0,0,0,0,0,0,0,0,0,0,0,0,0,0,0,0,0,0,0,0,0.043147253,0,0.119338321,0,0,0,0.036961434,0.076246815,0,0.023320068,0.057214512,0,0,0,0,0,0,0,0,0,0,0,0,0
1_stable_10,0.032667192,0,0.056215493,0.01180326,0,0.03775058,0,0,0,0.036598723,0,0.017585631,0.031565056,0,0,0,0,0,0,0,0,0,0,0,0.032667192,0,0,0,0.028541745,0.015250162,0.027053421,0,0,0,0.026867746,0.037793094,0.058670324,0,0.01180326,0.014270872,0,0,0,0.017585631,0,0,0,0,0,0.028977543,0.036082046,0.018223753,0,0,0,0,0,0,0,0,0,0,0,0,0,0,0,0,0,0,0.016886647,0,0,0,0,0,0,0,0,0.037960731,0,0,0,0,0,0,0,0,0,0.016113956,0.013140365,0.054292404,0,0,0,0.032227913,0.026867746,0,0.020333549,0.04094812,0.01180326,0.013140365,0,0.043167378,0.030725996,0.041111706,0,0,0,0,0.013140365,0,0.010166775
1_stable_12,0.016846014,0,0.064024597,0,0,0.028023944,0,0,0,0.036080697,0,0,0.033976494,0,0.015436236,0,0,0,0.012587708,0,0,0,0.007718118,0.00973918,0.021715604,0.017457298,0,0,0.030872471,0.013670668,0.035248064,0,0,0,0.032210926,0.045283332,0.061952779,0,0,0,0,0,0,0,0,0.00973918,0,0,0.019024956,0.028403784,0.034408958,0.016176428,0,0,0,0,0,0,0,0,0,0,0,0,0,0,0,0,0,0,0,0,0,0,0,0,0,0,0,0.037257486,0,0,0,0,0,0,0,0,0.012587708,0.012587708,0.011306838,0.052396246,0,0,0,0.029539368,0.045182246,0,0.033395557,0.036972154,0.017457298,0,0.007718118,0.035476923,0.025737743,0.035610743,0,0,0,0,0.011306838,0,0.00486959
1_progressing_0,0.011136056,0,0.055917393,0.025557501,0,0.027722316,0.014220625,0,0,0.039571625,0,0,0.034910908,0,0.015866972,0,0,0,0,0,0,0,0,0.016213915,0.036151873,0,0,0,0.032993038,0.019069542,0.026847648,0,0,0.021656162,0.003966743,0.019464374,0.042828332,0.009210492,0.010253882,0.026741667,0,0,0,0.015497631,0,0,0,0,0,0.021110721,0.032792218,0.019833715,0,0,0,0,0,0,0,0,0,0,0,0,0,0,0,0,0,0,0.015866972,0,0,0,0,0,0,0,0,0,0.010253882,0,0,0,0,0,0,0,0.030490372,0.024932575,0,0.032884374,0.024474507,0,0.014678693,0.031145871,0.035542025,0.009210492,0.017689419,0.040748882,0.017423194,0,0,0.045726539,0.032348068,0.037048785,0,0,0,0,0,0,0
1_progressing_2,0.017293783,0,0.064799318,0.017793445,0,0.038087355,0.013120005,0,0,0.044461836,0,0,0.038934041,0,0,0,0,0,0,0.012080667,0,0,0,0,0.042855095,0.013120005,0,0,0.033366265,0,0.022466885,0,0,0,0.016167446,0.025514326,0.042592528,0.013120005,0,0,0,0,0,0.0233672,0,0,0,0,0.01869376,0.019487895,0.031753295,0.010851392,0,0,0,0,0,0.012080667,0,0,0,0,0,0,0,0,0,0,0,0,0,0,0,0,0,0,0,0,0,0,0,0,0,0,0,0,0,0,0.031813765,0,0,0.041205644,0,0,0,0.030339286,0.050355321,0.01402032,0.032607899,0.052835538,0.028740474,0.018258619,0.017293783,0.0452035,0.024871712,0.040446923,0,0,0,0,0,0,0
1_progressing_4,0.015374031,0,0.068274059,0.015374031,0,0.032733618,0.018945024,0,0,0.038272415,0,0,0.034005079,0,0,0,0,0,0,0,0,0,0,0.018192008,0.046236431,0.023263096,0,0,0.039846533,0.029897705,0.025431336,0,0,0,0.016429021,0.021395462,0.052303139,0,0,0,0,0,0,0,0,0.012715668,0,0,0,0.024421365,0.030418818,0.020264867,0,0,0,0,0,0,0,0,0,0,0,0,0,0,0,0,0,0,0,0,0,0,0,0,0,0,0,0,0,0,0,0,0,0,0,0,0,0.039154448,0,0.054400269,0,0,0,0.024772564,0.046326725,0.012715668,0.024053824,0.068608739,0.022835928,0,0,0.042283366,0.032858041,0.048196722,0,0,0,0,0,0,0
1_progressing_6,0.025359136,0,0.069409182,0.020298393,0,0.03101237,0,0,0,0.053352221,0,0,0.022923882,0,0,0,0,0,0,0,0,0,0,0,0.053716367,0,0,0,0.04459288,0.023470206,0.032944599,0,0,0.026902504,0.026542233,0.050865129,0.052349362,0,0,0,0,0,0,0,0,0,0,0,0,0.018599698,0.039555905,0.013624033,0,0,0,0,0,0,0,0,0,0,0,0,0,0,0,0,0,0,0,0,0,0,0,0,0,0,0,0,0,0,0,0,0,0,0,0,0.017602655,0,0,0.019491584,0,0,0,0.034798907,0.057402246,0,0.034224783,0.061996867,0.0164723,0.011735103,0,0.050844305,0.045541302,0.044371847,0,0,0,0,0,0,0
1_progressing_8,0.032433075,0,0.05057419,0.019694907,0,0.023947328,0,0,0,0.032200021,0,0,0.017807045,0,0,0,0,0,0,0,0,0,0,0,0.03858591,0.013467543,0,0,0.035286794,0.021998806,0.022519049,0,0,0.020794802,0.021575811,0.029720522,0.041932664,0.023849025,0,0.015435528,0.009413408,0,0,0.010479785,0,0,0,0,0,0.009413408,0.032936279,0.01453392,0,0,0,0,0.019489663,0,0,0,0,0,0,0,0,0.010479785,0,0,0,0,0,0,0,0,0,0,0,0,0,0,0,0,0,0,0,0,0,0,0.013467543,0.022996774,0,0.042893789,0.022133269,0,0.012851302,0.02855892,0.046424748,0,0.031330028,0.048094296,0.02226471,0.015839059,0.011381394,0.038308118,0.023331087,0.020625258,0.024504786,0,0,0,0,0,0.006425651
1_progressing_10,0.029192817,0,0.058920884,0.024230363,0,0.037031769,0,0,0,0.040326763,0,0,0.02574492,0,0.008076788,0,0,0.017453648,0,0,0,0,0.006400703,0,0.037298663,0.013415254,0,0,0.030023957,0.011337205,0.038167713,0,0,0.024230363,0.023656834,0.036579738,0.044295796,0.021492042,0,0,0,0,0,0.00937686,0,0,0,0,0,0.011337205,0.023240502,0.01447749,0,0,0,0,0,0,0,0,0,0,0,0,0,0,0,0,0,0,0,0,0,0,0,0,0,0,0,0.032261455,0,0,0,0,0,0,0,0,0.02538293,0.023131599,0,0.024668628,0,0,0,0.024230363,0.045683586,0,0.032703043,0.046706359,0.023950653,0.019202108,0.011337205,0.040080302,0.02037125,0.031180839,0,0,0,0,0.012801406,0,0
1_progressing_12,0.010576252,0,0.049187532,0.036292679,0,0.03572378,0.020457264,0,0,0.039849853,0,0.006484799,0.022201306,0,0,0,0,0.019669066,0,0,0,0,0,0,0.051758428,0.024640234,0,0,0.027582394,0,0,0,0,0,0,0.03580653,0.038428224,0,0.013591512,0,0,0,0,0.010576252,0,0,0,0,0,0.015577613,0.025791622,0.022201306,0,0,0,0,0,0,0,0,0,0,0,0,0,0,0,0,0,0,0.027063774,0,0,0,0,0,0,0,0,0,0,0,0,0,0,0,0,0,0.02816001,0.029416828,0.023654161,0.034594573,0,0,0.018759158,0.032777559,0.045184822,0,0.030750132,0.052945434,0.031756021,0.019000119,0.014667705,0.042010862,0.017380195,0.038997198,0,0,0,0,0.006484799,0,0
2_stable_0,0.026582138,0,0.031051626,0,0,0.01707042,0,0,0,0.019031093,0,0.011980682,0.034140841,0.024085749,0.022396082,0,0,0,0.021338026,0.014176677,0,0,0.018744676,0.026244692,0.028883938,0.023704792,0,0,0.04261563,0.017443677,0.036857703,0.020515892,0,0.032040303,0.024207671,0.043406566,0.042317057,0,0.018444282,0,0,0,0,0.025978887,0,0,0,0,0.032651667,0.020059621,0.023961364,0.024444503,0,0,0,0,0,0,0,0,0,0,0,0.027839986,0,0.009909072,0,0,0,0,0,0,0,0,0,0,0,0,0,0,0,0,0,0,0,0,0,0,0,0.02550867,0,0,0.015299204,0,0,0.024783498,0.043749279,0,0.032369625,0.028414617,0,0,0,0.00853521,0.033235693,0.025978887,0,0,0,0,0,0,0
2_stable_2,0.024136499,0,0.044071077,0.012068249,0,0.025284442,0,0,0,0.026589577,0.005529152,0.029974842,0.04028814,0,0.017893537,0,0,0,0.015994671,0,0,0,0.015322628,0.019586951,0.031317299,0,0,0,0.038203627,0.012909008,0.028723035,0,0,0.014818922,0.029078063,0.036725171,0.037969499,0.032244872,0,0.015780475,0,0,0,0.031366982,0,0.005529152,0,0,0,0.015556756,0.021661718,0.026911195,0,0,0,0,0,0,0,0,0,0,0,0,0,0.010465519,0,0,0,0,0,0,0,0,0,0,0,0,0,0,0.01425914,0,0,0,0,0,0,0.013629213,0.012506165,0.018811134,0,0.021661718,0.013281982,0,0,0.02501233,0.030746932,0,0.021085908,0.033437203,0.011588568,0,0,0.033754638,0.027455818,0.02671572,0,0,0,0,0.013281982,0,0.016770489
2_stable_4,0.022588546,0,0.037375843,0.01631949,0,0.024896423,0.017480181,0.015853378,0,0.037245038,0,0.015332309,0.037505653,0.021829962,0.020754379,0,0,0,0.015468442,0.013253028,0,0,0.015728751,0.023461658,0.029825077,0.015332309,0,0,0.031388347,0.012786916,0.022368677,0,0.011675109,0,0.025143983,0.027349354,0.031424879,0.031197193,0,0.016840558,0.009720454,0,0,0.020952797,0,0,0,0,0,0.016937792,0.022561653,0.023960662,0,0,0,0,0,0,0,0,0,0,0,0,0,0,0,0,0,0,0,0,0,0,0,0,0,0,0,0.032475632,0,0,0,0,0,0,0,0,0.015853378,0.021360312,0.017217294,0.021324778,0.010993151,0,0,0.023022366,0.028550639,0,0.023759538,0.031699924,0.010993151,0,0,0.023980281,0.018329101,0.020834817,0,0,0,0,0.011980331,0,0.003066462
2_stable_6,0.034799275,0,0.045361846,0,0,0.028864169,0,0,0,0.032986094,0,0.024982439,0.036041747,0,0,0,0,0,0.008529369,0,0,0,0,0,0.031489167,0,0.013518729,0,0.04149376,0.020045891,0.020501851,0,0.014166974,0.024069265,0.035585787,0.025588106,0.04199459,0.040932663,0.012794053,0.016237167,0,0,0,0.021874773,0,0,0,0,0,0.018731847,0.031881643,0.020045891,0,0,0,0,0,0,0,0,0,0,0,0.020045891,0,0,0,0,0,0,0,0,0,0,0,0,0,0,0,0,0,0,0,0,0,0,0,0.026050928,0.030134639,0,0.026397647,0.024310576,0.023282752,0,0,0.033268375,0.036970057,0,0.021128083,0.035585787,0.00990229,0,0,0.041212024,0.019291563,0,0,0,0,0,0.00990229,0,0
2_stable_8,0.008419383,0,0.055577224,0.015936118,0,0.034569661,0,0,0,0.04657694,0,0,0.058631884,0.021248157,0,0,0,0,0,0,0,0,0,0.024355501,0.050335469,0,0,0,0.037592323,0.020224819,0.019043462,0,0,0,0,0.037124168,0.049880947,0.033388304,0,0,0,0,0,0.028076265,0,0,0,0,0.028644202,0.019043462,0.034312755,0.033189237,0,0,0,0,0,0,0,0,0,0,0,0,0,0,0,0,0,0,0,0,0,0,0,0,0,0,0,0,0,0,0,0,0,0,0,0.01491278,0,0.013731423,0.03150431,0.040527443,0,0,0,0,0.048426378,0,0.018376637,0.049137949,0.012334173,0,0,0.039313763,0.04160862,0.033956242,0,0,0,0,0,0,0
2_stable_10,0.021200953,0,0.035239073,0.01758598,0,0.027533596,0.018708217,0,0,0.034186422,0,0.020983883,0.036026779,0.022583213,0.020683028,0,0,0.008393726,0.017932889,0.009679173,0,0.006496542,0.013989543,0.026500881,0.036363931,0,0,0,0.024678054,0.008393726,0.016175716,0,0,0.011191634,0.020847807,0.021564486,0.030642731,0.031224299,0,0.012092359,0.00886916,0,0,0.015087211,0,0,0,0,0,0.018507353,0.020171391,0.0255501,0,0,0,0,0,0.010652631,0,0,0,0,0,0,0,0.012993085,0,0,0,0,0.014113753,0,0,0,0,0,0,0,0,0,0.009294451,0,0,0,0,0,0,0.01527499,0.016101649,0.020171391,0.016723882,0.022222429,0.0131514,0,0,0.024284391,0.02249216,0.012289302,0.020634686,0.029870351,0.01330374,0,0,0.031628541,0.022537943,0.02388092,0,0,0,0,0.006496542,0,0.002797909
2_stable_12,0.028967961,0,0,0,0,0,0,0,0,0.058236671,0,0,0.065601009,0,0,0,0,0,0,0,0,0,0,0,0,0.043832647,0,0,0.08774754,0,0,0,0,0,0.020637192,0,0.079600181,0.063456755,0,0,0,0,0,0.058236671,0,0,0,0,0,0,0.077632595,0,0,0,0,0,0,0,0,0,0,0,0,0,0,0,0,0,0,0,0,0,0,0,0,0,0,0,0,0,0,0,0,0,0,0,0,0,0,0.052051064,0,0.087076482,0,0,0,0.032709175,0.083063133,0,0.071995731,0.045322548,0,0,0,0,0,0.043832647,0,0,0,0,0,0,0
2_progressing_0,0.018492264,0,0.047505993,0.014085254,0,0.03802402,0.014736259,0,0,0.040854641,0,0.020025591,0.040053536,0,0.018026169,0,0,0,0.016308498,0.010815701,0,0,0.015314772,0.024106397,0.024588339,0,0,0,0.021712044,0.008371094,0.024588339,0,0,0,0,0.037047831,0.034742284,0.023630825,0.009319394,0,0,0,0,0.014085254,0,0,0,0,0,0.020843153,0.027958182,0.024156651,0,0,0,0,0,0,0,0,0,0,0,0.018781297,0,0.010121171,0,0,0,0.016946184,0,0,0,0,0,0,0,0,0,0.035732885,0,0,0,0,0,0,0,0.020025591,0,0,0.015835331,0.027479278,0,0,0.010815701,0.024634166,0.039552388,0,0.034425735,0.03655084,0.017514157,0.007210468,0,0.021549491,0.026863358,0.036448303,0,0,0,0,0,0,0.010121171
2_progressing_2,0.012711972,0,0.046625649,0.015881288,0,0.041172139,0.01706424,0,0,0.043249259,0,0.015019726,0.037144623,0.010315862,0.009498662,0,0,0,0.012206704,0,0,0,0.014698336,0.031054686,0.033947295,0,0,0,0.029833731,0.007349168,0.021792993,0,0,0,0,0.024570108,0.031867556,0.015609367,0,0.026838356,0.012206704,0,0,0.018204611,0,0,0,0,0,0.021705366,0.022129697,0.029163843,0,0,0,0,0.009498662,0,0,0,0,0,0,0,0,0,0,0,0,0,0.021792993,0,0,0,0,0,0,0,0,0,0,0,0,0,0,0,0,0.019421655,0.022368894,0.015609367,0,0.031867556,0.01684783,0,0.010315862,0.023735724,0.038155794,0,0.02559636,0.037990556,0.01706424,0.010315862,0.007349168,0.035606712,0.01532274,0.039278086,0,0,0,0,0,0,0
2_progressing_4,0.019676951,0,0.069918741,0.016954727,0,0.048024408,0,0,0,0.06500866,0,0,0.054845854,0.024972379,0,0,0,0,0,0,0,0,0,0.037746214,0.041465424,0,0,0,0.041103751,0,0.039645083,0,0,0,0,0.030830108,0.064607216,0,0,0,0,0,0,0.013117968,0,0,0,0,0,0.022690356,0.041225851,0.026235935,0,0,0,0,0,0,0,0,0,0,0,0,0,0,0,0,0,0,0,0,0,0,0,0,0,0,0,0,0,0,0,0,0,0,0,0,0,0,0,0.033909454,0,0,0,0,0.061230674,0,0.050323314,0.060161804,0,0,0,0.037205346,0.032494493,0.066605288,0,0,0,0,0,0,0
2_progressing_6,0,0,0.051419462,0.015505834,0,0.036274202,0,0,0,0.052661721,0,0,0.043244437,0.020363,0.0081452,0,0,0,0.009456284,0,0,0,0,0.017300109,0.030981613,0,0,0,0.024877577,0.015505834,0.0285082,0,0,0,0,0.039201662,0.036845317,0.017300109,0,0.029440087,0,0,0,0.018161481,0,0,0,0,0,0.02121602,0.029240898,0.027231442,0,0,0,0,0.009456284,0,0,0,0,0,0,0,0,0,0,0,0,0,0.018161481,0,0,0,0,0,0,0,0,0.04224453,0.017888152,0,0,0,0,0,0,0,0.012909836,0.010527518,0,0.03357115,0.015070411,0,0,0.02121602,0.044926303,0,0.029964366,0.042496067,0.0081452,0.0081452,0,0.032441453,0.033855047,0.039645578,0,0,0,0,0.006454918,0,0
2_progressing_8,0.028894044,0.032283288,0.049932188,0.007983539,0,0.043251865,0,0,0,0.053681781,0,0.007983539,0.044582765,0.018980415,0.01265361,0,0,0,0.01265361,0,0,0,0.013260371,0.024299749,0.034504282,0,0,0,0.021922212,0.020474916,0.024383822,0,0,0,0,0.04278933,0.043072585,0,0,0.010318575,0.010318575,0,0,0.007983539,0,0,0,0,0,0.01977601,0.025913982,0.02376778,0,0,0,0,0,0,0,0,0,0,0,0,0,0,0,0,0,0,0.015967078,0,0,0,0,0,0,0,0,0.037660862,0,0,0,0,0,0,0,0,0,0,0,0.027712918,0,0,0,0.02338371,0.041665101,0,0.026404397,0.040685284,0.021098108,0.009268602,0.007983539,0.033413855,0.029439458,0.040382114,0,0,0,0,0.009268602,0,0
2_progressing_10,0.022594748,0,0.040483741,0.01463472,0,0.030153104,0.011526447,0.013893733,0,0.042639731,0,0.016349222,0.039770343,0.011526447,0.00773641,0,0,0,0.006663781,0.006663781,0,0,0,0.019600322,0.033309507,0,0,0,0.029355859,0.005280921,0.022850041,0,0,0,0.017732081,0.028579053,0.036315463,0.022681361,0,0,0,0,0,0.017090209,0,0,0,0.009353799,0.018707598,0.0188999,0.026444008,0.024826619,0,0,0,0,0.01618626,0,0,0,0,0.0241493,0,0,0,0,0,0,0,0,0,0,0,0,0,0,0,0,0,0.032083961,0,0,0,0,0,0,0,0,0.011944702,0.024485157,0.013017331,0.035494112,0,0,0,0.019174655,0.037360835,0,0.022932213,0.03839851,0.011526447,0,0,0.031605744,0.03130132,0.035327031,0,0,0,0,0.012685689,0,0.006663781
2_progressing_12,0.007871626,0,0.047460662,0.017551488,0,0.036536498,0.020187898,0,0,0.048603372,0,0.007871626,0.041138065,0.014564238,0.019120104,0,0,0,0.019312603,0.011807439,0,0,0.017287339,0.03238709,0.037214398,0,0,0,0.02275435,0.012476232,0.012476232,0,0,0.016412044,0.007871626,0.027088795,0.036453872,0.028489006,0,0,0,0,0,0.012476232,0,0,0,0,0.030113108,0.01949879,0.019120104,0.023959115,0,0,0,0,0,0,0,0,0,0,0,0,0,0.011807439,0,0,0,0,0.020654861,0,0,0,0,0,0,0,0,0,0,0,0,0,0,0,0,0,0,0,0.016412044,0.020802354,0,0,0.010173929,0.028219483,0.039851733,0,0.028600712,0.036689364,0.011049224,0,0,0.024439246,0.032893761,0.039780115,0,0,0,0.018045554,0.012476232,0,0
3_stable_0,0.025515829,0,0.059572252,0,0,0,0,0,0,0.032197391,0,0,0,0,0,0,0,0,0,0,0,0,0,0,0,0.094305852,0,0,0.128238735,0.117136111,0.048296086,0,0,0,0.025515829,0,0.126702605,0,0,0,0,0,0,0,0,0,0,0,0,0,0,0,0,0,0,0,0,0,0,0,0,0,0,0.0856761,0,0,0,0,0,0,0,0,0,0,0,0,0,0,0,0,0,0,0,0,0,0,0,0,0,0,0,0,0,0,0,0,0.083865403,0,0,0.05771322,0,0.115264588,0,0,0,0,0,0,0,0,0,0,0
3_stable_2,0.037538619,0,0.053039599,0.008997432,0,0.023258025,0,0,0,0.017994865,0,0.007130296,0.036910037,0,0.024560433,0,0,0,0.020350221,0,0,0,0.013496148,0.025768288,0.041286605,0,0,0,0.040386234,0.007130296,0.017128209,0,0,0,0.032164683,0,0.042655924,0.014944412,0,0.017994865,0,0,0,0.016647228,0,0.013496148,0,0,0,0.018759309,0.017575992,0,0,0,0,0,0,0,0,0,0,0,0,0,0,0,0,0,0,0,0,0,0,0,0,0,0,0,0,0.033099538,0,0,0,0,0.010445695,0,0,0.033059842,0.035989729,0.037982406,0,0.029555916,0.022074708,0,0.014260593,0.025889605,0.022887051,0,0.039722416,0.031641374,0.008997432,0,0,0.026353394,0.037417678,0.036910037,0,0,0,0,0,0,0.004498716
3_stable_4,0.019631168,0,0.037465843,0.008035745,0,0.012806507,0,0,0,0.033394212,0,0,0.028690154,0,0.009715713,0,0,0,0.011972425,0.014957358,0,0,0.010970498,0.011972425,0.035980641,0,0,0,0.032134983,0.008035745,0.020764841,0,0,0,0.029927183,0,0.033857067,0.036983914,0.010970498,0.016071489,0,0,0,0,0,0,0,0,0.037306526,0.011972425,0.016071489,0.019823226,0,0,0,0,0.011496551,0,0,0,0,0,0,0,0,0.010382421,0,0,0,0,0,0,0,0,0,0,0,0,0,0,0,0,0,0,0.017606726,0,0.017304034,0.033919021,0.034841446,0.030252529,0.027364221,0.038306904,0.020273341,0,0.006921614,0.025927856,0.033486618,0,0.029416325,0.028274532,0.005485249,0,0,0.029233723,0.032422591,0.03198884,0,0,0,0,0.016637327,0,0.008946056
3_stable_6,0.027575069,0,0.071439556,0,0,0,0,0,0,0.023621761,0,0,0.014903672,0,0.017302627,0,0,0,0,0,0,0,0,0,0,0.034605254,0,0,0.06443944,0.01181088,0.041391884,0,0,0,0.034605254,0,0.064962693,0.038819991,0,0.055339305,0,0,0,0.051821529,0,0,0,0,0,0.025779116,0.053723663,0,0,0,0,0,0,0,0,0,0,0,0,0,0,0,0,0,0,0,0,0,0,0,0,0,0,0,0,0,0,0,0,0,0,0,0,0,0,0,0,0,0.01181088,0,0,0.029807343,0.051469015,0,0.054561806,0.073835715,0,0,0,0.037259179,0.067274473,0.041839896,0,0,0,0,0,0,0
3_stable_8,0.176861327,0,0.056658856,0,0,0,0,0,0,0,0,0,0,0,0,0,0,0,0,0,0,0,0,0,0.056658856,0,0,0,0.165154805,0,0.077351373,0,0,0,0.038675686,0,0.177321518,0,0,0,0,0,0,0,0,0,0,0,0,0,0,0,0,0,0,0,0,0,0,0,0,0,0,0,0,0,0,0,0,0,0,0,0,0,0,0,0,0,0,0,0,0,0,0,0,0,0,0,0,0,0,0.155983036,0,0,0,0,0,0,0,0.095334543,0,0,0,0,0,0,0,0,0,0,0,0,0
3_stable_10,0,0,0.074523844,0,0,0,0,0,0,0.032715339,0,0,0.031039641,0,0.043384444,0,0,0,0.022844568,0.022844568,0,0,0.02443608,0.04798667,0.045610075,0,0,0,0.063344377,0.045530351,0.03726955,0,0,0.026991811,0,0,0.066146607,0,0,0,0,0,0,0,0,0.032079975,0,0,0,0.034400944,0.032079975,0,0,0,0,0,0,0,0,0,0,0,0,0,0,0,0,0,0,0,0,0,0,0,0,0,0,0,0,0,0,0,0,0,0,0,0,0,0,0,0.03027708,0,0,0,0,0.033017806,0.021936555,0,0.039006514,0.057032479,0.013207122,0,0,0.010466397,0.064283751,0.047543477,0,0,0,0,0,0,0
3_stable_12,0.027486878,0,0.054379725,0,0,0,0,0,0,0.03879646,0,0,0.025143385,0.015300334,0.039064732,0,0,0,0.013743439,0,0,0,0.011837954,0.019662416,0.042614695,0.047614584,0,0,0.056909246,0.026774859,0.023124795,0,0,0,0.036156216,0,0.050611673,0.054610921,0,0,0,0,0,0.054217068,0,0.016616669,0,0,0.025998026,0.018762713,0.016616669,0,0,0,0,0,0,0,0,0,0,0,0,0.021902817,0,0,0,0,0,0,0,0,0,0,0,0,0,0,0,0,0,0,0,0,0,0,0,0,0.03231425,0,0,0.033057264,0,0,0,0.035646256,0.025581393,0,0.038886824,0.046400067,0,0,0,0,0.050167671,0,0,0,0,0,0,0,0
3_progressing_0,0.039298539,0,0.033889134,0,0,0,0,0,0,0.029639809,0,0,0.034905668,0,0.018833912,0,0,0,0,0,0,0,0,0,0.046071012,0.016266393,0,0,0.05226221,0,0.036033696,0,0,0.015406832,0.031611299,0,0.042828224,0.03373815,0.010762527,0.019797039,0.016266393,0,0,0,0,0.024692706,0,0,0.040241759,0.015851974,0.006599013,0.01736154,0,0,0,0,0,0.012490541,0,0,0,0.019089554,0,0.015851974,0,0,0,0,0,0,0,0,0,0,0,0,0,0,0,0,0,0,0,0,0,0,0,0.029934933,0.034591883,0.035372609,0.024179002,0.032315325,0.022450988,0,0.010762527,0.026169358,0.042226802,0,0.020429906,0.028604858,0.013198026,0,0,0,0.023960553,0.026013332,0,0,0,0,0,0,0
3_progressing_2,0,0,0,0,0,0,0,0,0,0.032153164,0,0,0.073489399,0,0,0,0,0,0,0,0,0,0,0,0.032153164,0,0,0,0.08548214,0.060632261,0.066165922,0,0,0,0,0,0.080372495,0.057712826,0,0.027883047,0,0,0,0,0,0.014731194,0,0,0,0.041447513,0.060920635,0,0,0,0,0,0,0,0,0,0,0,0,0,0,0,0,0,0,0,0,0,0,0,0,0,0,0,0,0,0,0,0,0,0,0,0,0,0.059727946,0.063740468,0,0,0,0,0,0,0.072383483,0,0,0.036312004,0,0,0,0.069631896,0,0,0,0,0,0,0,0,0.065060442
3_progressing_4,0.009404112,0,0.028212336,0,0,0,0,0,0,0.020652923,0,0.012154638,0.028623591,0,0,0,0,0,0,0,0,0,0,0.019973993,0.016856694,0,0,0,0.042371295,0.027306508,0.03357057,0.042828792,0,0,0.007452582,0,0.035558087,0.03230484,0.022101731,0.02842108,0,0,0,0.03399031,0,0.017399675,0,0.030600015,0.033174333,0.045320466,0.034212745,0,0,0,0,0,0,0,0,0,0,0.025354979,0,0.028820232,0,0,0,0.01320034,0,0,0,0,0.025670553,0,0,0,0,0,0,0,0,0,0,0,0,0,0,0,0.016266441,0.035264695,0,0.053985692,0.01320034,0,0,0.025823001,0.054573967,0,0.033123136,0.032644092,0,0,0,0.024676049,0,0,0,0,0,0,0,0.007452582,0.007452582
3_progressing_6,0.028358441,0,0.03490814,0,0,0,0,0,0,0.014532074,0,0,0.044140755,0,0.0178206,0,0,0,0,0,0,0,0,0,0.044974188,0.034102179,0.015782313,0,0.058203046,0,0,0,0,0,0.051466314,0,0.055025371,0.049217994,0.01686532,0.0178206,0,0,0,0.025775621,0,0,0,0,0,0.032046581,0.0371864,0.026106708,0,0,0,0,0,0.025775621,0,0,0,0,0,0,0,0.0089103,0,0,0,0,0,0,0,0,0,0,0,0,0,0,0,0,0,0,0.0178206,0,0,0.030505231,0.037745967,0.034340741,0,0.049987594,0,0,0.0089103,0.043367741,0.050256289,0,0.028108867,0.030873954,0,0,0,0,0.020153847,0,0,0,0,0,0.0089103,0,0
3_progressing_8,0.066386493,0,0.053798461,0,0,0.017053709,0,0,0,0,0,0,0.024983231,0,0,0,0,0,0,0,0,0,0,0,0,0.074949694,0,0,0.099273355,0.038573093,0.046502616,0,0,0,0.054739534,0,0.101310483,0.073245043,0,0,0,0,0,0,0,0,0,0,0.035742924,0.017053709,0.066169386,0,0,0,0,0,0,0,0,0,0,0,0,0,0,0,0,0,0,0,0,0,0,0,0,0,0,0,0,0,0,0,0,0,0,0,0,0,0,0,0,0,0.035742924,0,0,0,0.078684369,0,0.051725659,0.064065319,0,0,0,0,0,0,0,0,0,0,0,0,0
3_progressing_10,0.069092768,0,0.041734359,0,0,0,0,0,0,0,0,0,0.02086718,0,0,0,0,0,0,0,0,0,0,0,0.039497174,0.099461636,0,0,0.128713824,0.082258492,0.02086718,0,0,0,0,0,0.120328815,0.058711648,0,0,0,0,0,0.04373559,0,0,0,0,0,0,0.072721695,0,0,0,0,0,0,0,0,0,0,0,0,0,0,0,0,0,0,0,0,0,0,0,0,0,0,0,0,0,0,0,0,0,0,0,0,0,0,0,0,0,0,0,0,0.036960862,0.076115789,0,0,0.088932988,0,0,0,0,0,0,0,0,0,0,0,0,0
3_progressing_12,0,0,0.067476596,0,0,0,0,0,0,0,0,0,0,0,0,0,0,0,0,0,0,0,0,0,0.051191417,0.083605648,0,0,0.120347765,0.047136147,0.028901396,0,0,0,0,0,0.150828066,0.082486024,0,0,0,0,0,0.047136147,0,0,0,0,0,0.047136147,0.088584072,0,0,0,0,0,0,0,0,0,0,0,0,0,0,0,0,0,0,0,0,0,0,0,0,0,0,0,0,0,0,0,0,0,0,0,0,0,0,0,0,0.107710677,0,0,0,0,0.077459899,0,0,0,0,0,0,0,0,0,0,0,0,0,0,0,0
4_stable_0,0,0,0.048251765,0,0,0,0,0,0,0,0,0,0.047137797,0,0.011751637,0,0,0,0,0,0,0,0,0,0.03525491,0.04184613,0,0,0.060120308,0.03256665,0.017215836,0,0,0,0.023503273,0.019166094,0.058714073,0,0,0.040478722,0,0,0,0.014828914,0,0,0,0,0,0.045135233,0.062691662,0,0,0,0,0,0.027436752,0,0,0,0,0,0,0,0,0.019166094,0,0,0,0,0,0,0,0,0,0,0,0,0,0,0,0,0,0,0,0,0,0,0.026580551,0.044976759,0,0.080677554,0.022243372,0,0,0,0.074968583,0,0.034431673,0.062031738,0,0,0,0.026580551,0,0,0,0,0,0,0,0,0.022243372
4_stable_2,0.009459162,0,0.039281802,0.022458826,0,0.032333372,0.030331261,0,0,0.033340184,0.005277133,0.012546087,0.029864729,0.020941348,0.023709742,0,0,0,0.011589422,0.008364058,0,0,0,0.015585724,0.029989356,0.020846963,0.010554266,0,0.021556891,0,0.008765128,0,0,0,0.011935719,0.018615832,0.022612135,0.019390108,0.009459162,0.01330997,0,0,0,0.019022623,0,0.005277133,0,0,0,0.015710543,0.016172521,0.023970872,0,0,0,0,0,0,0,0,0,0.013533955,0,0,0,0.0079157,0,0.0079157,0,0,0.016332264,0,0,0,0,0,0,0,0,0.025018359,0.012684526,0,0,0,0,0,0,0.014656152,0.020750179,0.018558155,0.016956127,0.022469241,0.015710543,0,0.009763857,0.018615832,0.028173874,0,0.015771451,0.029783381,0.012402423,0.0079157,0.005277133,0.025953074,0.01834911,0.031484917,0.016485573,0,0,0,0.01120844,0,0.014042262
4_stable_4,0.008460857,0,0.048663287,0.021503835,0,0.034549428,0.030873711,0.017177024,0,0.038684781,0.006546212,0,0.035275101,0.024053167,0.021033847,0,0,0,0.015734983,0.007599917,0,0,0.008460857,0.019173794,0.031868277,0.02045013,0,0,0.022723587,0,0,0,0,0,0.007599917,0.02538257,0.028220891,0.022911743,0,0,0,0,0,0.016788688,0,0,0,0,0,0.017975418,0.015900687,0.022799751,0,0,0,0,0,0,0,0,0,0.015199834,0,0,0,0,0,0.012787668,0,0,0.01621561,0,0,0,0,0,0,0,0,0.025840576,0.017649627,0,0,0,0,0,0,0,0.02305705,0,0,0.027134112,0.015007069,0,0.009188771,0.02419584,0.032084676,0,0.02330105,0.033452383,0.013648607,0,0,0.030284956,0.025977458,0.039022668,0,0,0,0.019173794,0.012461877,0,0.013903918
4_stable_6,0.012898928,0,0.052413947,0,0,0,0,0,0,0.028445116,0,0,0.04096506,0.017888914,0.011586389,0,0,0,0,0,0,0,0,0,0.065924107,0.02345513,0,0,0.039425218,0.03181136,0.02345513,0,0,0.012898928,0,0.03088714,0.04391637,0.022252503,0,0.036844584,0,0,0,0,0,0,0,0,0,0.015817882,0.036445766,0,0.011586389,0,0,0,0.016576376,0,0,0.015817882,0,0,0,0,0,0,0,0,0,0,0,0,0,0,0,0,0,0,0,0.037303808,0,0,0,0,0,0,0,0,0,0.021917604,0.009979973,0.056895555,0.011586389,0,0.022252503,0.023726824,0.055747141,0,0.030481454,0.044138875,0,0,0,0.035366343,0,0.025995101,0,0,0,0.028305325,0,0,0.004989986
4_stable_8,0.005050738,0,0.040121934,0.019047565,0,0.028506098,0.018423234,0,0,0.033301183,0,0.016959181,0.035323527,0.022879937,0.026432145,0,0,0,0.016345287,0.010585859,0,0,0.010101477,0.024560741,0.041591404,0.012746644,0,0,0.026504775,0.013536705,0.012746644,0,0.018423234,0,0.014415059,0.019398681,0.028907676,0.017797383,0.008946089,0,0.008237399,0,0,0.015933305,0,0,0,0,0.01966146,0.019398681,0.017291667,0.020531477,0,0,0,0,0.010585859,0,0,0,0,0,0,0.013288138,0,0.008237399,0,0,0,0.008946089,0,0,0,0,0,0,0,0,0,0,0,0,0,0,0,0,0,0,0.014610722,0.013996827,0.012449936,0.027579392,0.013288138,0,0,0.028004067,0.03198626,0,0.022197594,0.03229089,0.012449936,0.008237399,0,0.033636953,0.030234531,0.032038454,0,0,0,0,0.010101477,0,0.01213275
4_stable_10,0.018253049,0,0.075011353,0,0,0.023456942,0,0,0,0.05225941,0,0,0.059991299,0.047215007,0,0,0,0,0,0,0,0,0,0,0.04063666,0,0,0,0.045840554,0,0.019823416,0,0,0,0.04063666,0.050976305,0.062999289,0.031015222,0,0,0,0,0,0.014122486,0,0,0,0,0.043846461,0.014122486,0.047015251,0.032791398,0,0,0,0,0,0,0,0,0,0,0,0,0,0,0,0,0,0,0,0,0,0,0,0,0,0,0,0,0,0,0,0,0,0,0,0,0,0,0,0.062999289,0,0,0,0,0.068398736,0,0.04660359,0.053559265,0,0,0,0.034303385,0,0,0,0,0,0,0,0,0.014122486
4_stable_12,0.007769454,0,0.049106616,0.022133624,0,0.033673345,0.025812804,0,0,0.039984354,0,0.020577802,0.036422313,0.02746983,0.029922742,0,0,0,0.016255396,0.010038365,0,0,0.013384487,0.020711906,0.030616167,0,0,0,0.023855449,0,0.01804335,0,0.025948797,0,0,0.026806541,0.028067327,0,0.010606955,0.019844969,0,0,0,0.015910432,0,0,0,0,0,0.018787502,0.019601517,0.025121995,0.013384487,0,0,0,0,0,0,0,0,0,0,0,0,0.008649599,0,0.010038365,0,0,0,0,0,0,0,0,0,0,0,0,0.014697229,0,0,0,0,0,0,0,0.014697229,0.014697229,0.016577344,0.020000706,0.019844969,0,0,0.021880821,0.032153482,0,0.022420487,0.033303084,0.011575679,0,0,0.03329821,0.02746983,0.03830679,0,0,0,0.021880821,0.008649599,0,0
4_progressing_0,0.01949597,0,0.065214979,0,0,0.010876526,0,0,0,0.049081084,0,0.01949597,0.051228223,0.042733769,0.023503783,0,0,0,0,0,0,0,0.008619443,0.010876526,0.043064863,0.024934233,0,0,0.043097216,0.008619443,0.028743408,0,0.010876526,0,0,0.050534091,0.044698002,0,0,0,0,0,0,0.021753053,0,0,0,0,0,0.02267715,0.021246699,0,0,0,0,0,0,0,0,0,0,0,0,0,0,0,0,0,0,0,0,0,0,0,0,0,0,0,0,0.057261815,0,0,0,0,0,0,0,0,0,0,0,0.042767514,0,0,0,0.032252911,0.056492772,0,0.034477773,0.045033011,0.010876526,0,0,0.047464729,0.036734856,0.015267135,0,0,0,0,0,0,0
4_progressing_2,0.018182171,0.028745683,0.054639867,0.008413917,0,0.021915953,0,0,0,0.034658625,0,0.015081788,0.041184159,0.018760643,0.006667871,0,0.009768255,0,0.012620875,0,0,0,0,0,0.027035028,0.018478296,0,0,0.026745956,0,0.037483548,0,0,0,0.034370534,0.041498219,0.036484531,0.021915953,0.006667871,0.02620438,0,0,0,0.008413917,0,0,0,0,0.023103997,0.010874829,0.021749659,0,0,0,0,0,0.006667871,0,0,0,0,0.008413917,0,0,0,0.018478296,0,0,0,0,0,0,0,0,0,0,0,0,0,0.054243974,0,0,0,0,0,0,0,0,0.016827833,0,0.013975213,0.034370534,0,0,0,0.025956617,0.046591265,0,0.023863657,0.034598032,0.011810425,0.008413917,0.006667871,0.032187655,0.028070615,0.017195786,0,0,0,0,0,0,0
4_progressing_4,0.026191986,0.032399051,0.05954173,0,0,0.02743065,0,0,0,0.042106145,0.006529764,0,0.043074093,0.024030472,0.011565804,0,0,0,0.008239645,0,0,0,0,0.009565932,0.02647507,0.009565932,0,0,0.025740353,0.019131863,0.02743065,0,0,0.021462023,0.025818049,0.041442714,0.036109716,0.020599113,0,0,0,0,0,0.01647929,0,0,0,0,0,0.020782009,0.026875918,0.009565932,0,0,0,0,0.015685627,0,0,0,0,0,0,0,0,0,0,0,0,0,0,0,0,0,0,0,0,0,0,0.04978316,0,0,0,0,0,0,0,0,0.02262546,0,0,0.033781195,0,0,0,0.026678873,0.04496225,0,0.024811087,0.03852421,0.015245155,0.013059529,0,0.034321899,0.028792141,0.029455689,0,0,0,0,0,0,0.004119823
4_progressing_6,0.01818787,0,0.05906981,0.01284476,0,0.015843754,0.008563174,0,0,0.030019178,0,0,0.039902985,0.017500827,0.024039868,0,0,0,0.014811857,0,0,0,0.006786155,0.011067741,0.031193082,0.017500827,0,0,0.037206981,0.013572309,0.04617535,0,0,0,0.03395614,0.044270965,0.040518901,0,0,0.015349328,0,0,0,0.008563174,0,0,0,0,0,0.014811857,0.018806088,0.014223124,0,0,0,0,0,0,0,0,0,0,0,0,0,0.008563174,0,0,0,0,0,0,0,0,0,0,0,0,0,0.050677077,0,0,0,0,0,0,0,0,0.011067741,0.015349328,0.014223124,0.031832006,0.01284476,0,0,0.027369262,0.046823012,0,0.0282581,0.034937198,0.012019934,0.006786155,0,0.044518547,0.035191084,0.024753394,0,0,0,0,0,0,0
4_progressing_8,0.016638465,0,0.063758871,0,0,0.010497702,0,0,0,0.034241206,0,0,0.035022567,0.031373853,0.026922843,0,0,0,0.013568083,0,0,0,0,0,0.02992076,0.021454484,0,0,0.043166561,0.012187455,0.032385018,0.018158042,0,0,0.018816935,0.034796506,0.045197987,0.018158042,0,0,0,0,0,0.008319232,0,0.012187455,0,0,0,0.021887316,0.034404061,0.012187455,0,0,0,0,0.008319232,0,0,0,0,0.015746553,0,0.018816935,0,0,0,0,0,0,0,0,0,0,0,0,0,0,0,0.047105366,0,0,0,0,0,0,0,0,0.020506687,0.015746553,0.023743503,0.050552615,0,0,0,0.032385018,0.064916152,0,0.036378409,0.043609235,0,0,0,0.026922843,0,0,0,0,0,0,0,0,0
4_progressing_10,0.006365916,0,0.046520204,0.017776701,0,0.024045939,0.010089738,0,0,0.031465757,0.008227827,0.020235821,0.032971152,0.014781199,0.026161268,0,0.010573558,0,0.014781199,0.008227827,0,0,0.012435469,0.017377142,0.034538176,0.016581471,0.008227827,0,0.026545393,0.005044869,0.035744684,0,0.010573558,0.024532201,0.029488332,0.026629653,0.038871864,0.035114539,0.008935693,0.012435469,0,0,0,0.011410785,0,0,0,0,0,0.014781199,0.0205601,0.019638612,0,0,0,0,0,0,0,0,0,0.009548874,0,0,0,0.0073906,0,0,0,0,0,0,0,0.011778344,0,0,0,0,0,0.035681158,0,0,0,0,0,0,0,0,0,0.012435469,0.012731832,0.027726131,0,0,0,0.025570048,0.032821862,0,0.018877288,0.033071472,0.010089738,0,0,0.028214333,0.019239053,0.020400822,0,0,0,0,0.006365916,0,0.006365916
4_progressing_12,0.015461332,0,0.051423543,0.014309661,0,0.023970256,0,0,0,0.035304877,0,0.014917554,0.03788358,0.025577615,0.029333634,0,0,0,0.019530654,0.015461332,0,0.0128249,0.016402315,0.019038747,0.032786679,0,0,0,0.028413673,0,0.030896793,0.011340138,0.008306501,0,0.019760075,0.033810908,0.036382046,0.02721458,0,0,0,0,0,0.011883916,0,0.007154831,0,0,0.0220002,0.019038747,0.021383213,0.019038747,0,0,0,0,0,0,0,0,0,0.009247484,0,0.0128249,0,0.005670069,0,0,0,0,0,0,0,0,0,0,0,0,0,0.04314491,0,0,0,0,0,0,0,0,0.016815425,0,0,0.03076546,0,0,0,0.030421717,0.039213658,0,0.022143573,0.032166408,0.015713144,0,0,0.029960994,0.023715962,0.027345248,0,0,0,0,0,0,0
6_stable_0,0.019771997,0.024859771,0.06674538,0,0,0.013662639,0,0,0,0.040807183,0,0,0.03685127,0.015659133,0.006518735,0,0,0,0.012338592,0.006518735,0,0,0,0.006518735,0.027265643,0.015659133,0,0,0.0244888,0,0.033724138,0.006518735,0,0,0.016451456,0.045865224,0.033327721,0.025851005,0.006518735,0,0,0,0,0.018065004,0,0.018065004,0,0,0,0.022034883,0.024949,0.011546269,0,0,0,0,0,0,0,0,0,0,0,0,0,0,0,0,0,0,0,0,0,0,0,0,0,0,0.024677184,0.044311847,0,0,0,0,0,0,0,0.01606851,0.025926593,0,0.016451456,0.036143449,0.017471148,0,0,0.028836225,0.046085392,0,0.027890811,0.037837002,0.015219406,0.009549775,0.008225728,0.028882044,0.035840507,0,0,0,0,0,0,0,0
6_stable_2,0,0,0.040580302,0,0,0,0,0,0,0,0,0.015051155,0.024999427,0,0,0,0,0,0,0,0,0,0,0,0.037283188,0.038286095,0,0,0.058410155,0,0.030760518,0,0,0,0.042030068,0,0.067142005,0,0,0,0,0,0,0.011927758,0,0.023855516,0,0,0.066280431,0.011927758,0.037961978,0.015051155,0.01747385,0,0,0,0,0,0,0,0,0.01747385,0,0,0,0,0,0,0,0,0,0,0,0,0,0,0,0,0,0.030760518,0,0,0,0,0,0,0,0,0.027847946,0.024999427,0.019453335,0.067898527,0.011927758,0,0,0,0.084426166,0,0.041567993,0.04743959,0,0,0,0.045153464,0,0.042030068,0,0,0,0,0,0,0
6_stable_4,0.024015175,0,0.045692871,0.016228822,0,0.028982905,0.022677919,0,0,0.034339383,0.009645051,0.027476826,0.034642881,0,0.022106743,0,0,0,0.013167543,0,0,0,0.010737669,0.026831816,0.034241299,0.01732144,0.014891566,0,0.041729054,0.013798948,0,0,0,0.023199361,0.03006759,0,0.038731689,0.040294631,0,0.016228822,0.012461692,0,0,0.019290102,0,0.017952846,0,0,0,0.019525144,0.015815361,0.027353258,0,0,0,0,0,0,0,0,0,0,0,0,0,0,0,0,0,0,0,0,0,0,0,0,0,0,0,0,0,0,0,0,0,0,0,0,0,0.014891566,0,0.03401969,0,0,0,0.022812594,0.039624686,0,0.031691564,0.04370157,0.009645051,0,0,0.02771657,0.026408618,0.040394632,0,0,0,0,0.009645051,0,0
6_stable_6,0.020332376,0,0.033187324,0,0,0.015836263,0,0,0,0.019365002,0.0128606,0.033590142,0.034477132,0.011902651,0.023289169,0,0,0,0.01728073,0.013460595,0,0.002975663,0.013460595,0.018647843,0.036749763,0.019021381,0.007691977,0,0.037604355,0.014455713,0.018359616,0,0.006909275,0.013643302,0.024310941,0,0.033843429,0.034595547,0.010294102,0.013643302,0.008926988,0,0,0.019594628,0,0.016146734,0,0,0,0.018114236,0.022410851,0.019317565,0,0,0,0.009432628,0.006909275,0,0,0,0,0,0,0.010294102,0,0.009432628,0,0,0,0.005951325,0.01240829,0,0,0,0,0,0,0,0,0,0,0,0,0,0,0,0.005951325,0,0.018477239,0.017986078,0.015263016,0.030265992,0.01381855,0,0,0.024097012,0.036715918,0.004716314,0.021567388,0.028402595,0.01240829,0,0.004716314,0.021893593,0.021481811,0.009884938,0,0,0,0,0.011625589,0,0
6_stable_8,0.018371444,0,0.037586914,0.018371444,0,0.02848687,0,0,0,0.017426756,0,0.02434022,0.030172495,0.016251004,0.025271744,0,0,0,0.022176641,0.012378776,0,0,0.015906134,0.022685125,0.032909007,0,0,0,0.03193644,0.007767355,0.016874597,0,0,0.024757553,0.01553471,0.012378776,0.029621463,0.013673453,0.016414617,0,0.013949307,0,0,0.0223678,0,0.007767355,0,0,0,0.020071306,0.018581309,0.017803008,0,0,0,0,0,0,0,0,0,0.0130694,0,0.017018671,0,0.011112573,0,0,0,0,0,0,0,0,0,0,0,0,0,0,0,0,0,0,0.008647262,0,0,0,0.028793394,0.026608518,0.022028133,0.034651943,0.018262987,0,0.012736431,0.026389564,0.038277403,0,0.025642217,0.034344636,0.005302045,0,0,0.02605223,0.023302065,0.028159549,0,0,0,0,0.007767355,0,0
6_stable_10,0.025017661,0,0.028065587,0,0,0.015262571,0,0,0,0.013575793,0.003474833,0.037471965,0.035224354,0.016522441,0.018970614,0,0,0.008982314,0.019710732,0.015262571,0,0,0.014489794,0.037091038,0.035175139,0.020848999,0,0,0.037987623,0,0.019997274,0,0.011014961,0.017678085,0.02568707,0,0.037810057,0.042720759,0.0104245,0.016704757,0.01476084,0,0,0.016522441,0,0.013575793,0,0,0,0.019710732,0.027639506,0.016136626,0,0,0,0,0.0104245,0,0,0,0,0,0,0.015262571,0,0.012457147,0,0,0,0,0,0,0,0,0,0,0,0,0,0,0,0,0,0,0,0,0,0.0186166,0.022502094,0,0.015262571,0.028660173,0.014203252,0,0.006949666,0.021904587,0.033948557,0,0.019406813,0.025746398,0.011014961,0,0,0.021078648,0.024164673,0.012020948,0,0,0,0,0.012858411,0,0
6_stable_12,0.021180354,0,0.035325762,0.006348622,0,0.021484323,0,0,0,0.025412343,0,0.03207514,0.030731263,0.016658555,0.026694023,0,0,0,0.017915355,0.012974879,0,0.008205475,0.009522933,0.035730708,0.035456817,0.019521211,0,0,0.033829644,0.013236639,0.016777511,0,0,0.012401686,0.022361098,0,0.031423639,0.033536921,0,0.021729715,0,0,0,0.012974879,0,0,0,0,0,0.018267803,0.020657765,0.019585261,0,0,0,0,0.009522933,0,0,0,0,0,0,0.013484243,0,0.008205475,0,0,0,0,0.013719144,0,0,0,0,0,0,0,0,0.026256197,0,0,0,0,0,0,0,0.012974879,0.019772208,0.016658555,0.017006537,0.028098205,0.015871556,0,0,0.023931636,0.031760965,0,0.020504246,0.029310381,0.01526004,0,0,0.023730304,0.020607161,0.023037207,0,0,0,0,0.015093492,0,0.003174311
6_progressing_0,0,0,0.041241012,0,0,0.012801916,0,0,0,0,0,0.012801916,0.042434234,0,0,0,0,0,0,0,0,0,0,0,0.012801916,0.02368636,0,0,0.055165925,0.041955649,0.040581114,0,0,0,0.017969761,0,0.05908866,0,0,0,0,0,0,0.014862565,0,0.022143677,0,0,0,0.035153122,0.051868806,0,0,0,0,0,0.042709915,0,0,0,0,0,0,0,0,0,0,0,0,0,0,0,0,0,0,0,0,0,0,0,0,0,0,0,0,0,0,0,0.025007843,0.032564637,0,0.077413685,0.021263523,0,0,0.049200968,0.068868267,0,0.053210416,0.058886717,0,0,0,0.035939523,0.016546237,0.02368636,0,0,0,0,0.010145279,0,0
6_progressing_2,0,0,0.018603282,0,0,0,0,0,0,0,0,0,0.030340645,0,0,0,0,0,0,0,0,0,0,0,0,0.069331324,0,0,0.08540252,0.071941625,0,0,0,0,0,0.049859471,0.115486315,0,0,0,0,0,0,0.046949455,0,0.035212092,0,0,0,0.023474728,0,0,0,0,0,0,0,0,0,0,0,0,0,0,0,0,0,0,0,0,0,0,0,0,0,0,0,0,0,0,0,0,0,0,0,0,0,0,0,0.027253315,0,0.085511417,0,0,0,0.05759396,0.118462363,0,0.092158835,0.053815373,0,0,0.018603282,0,0,0,0,0,0,0,0,0,0
6_progressing_4,0,0,0.071541091,0,0,0.011731609,0,0,0,0.048051537,0,0.011731609,0.036670076,0,0,0,0,0,0,0,0,0,0,0,0.041338895,0.033007917,0,0,0.060322973,0.014803643,0,0,0,0,0.039391961,0.038844222,0.068416323,0,0,0,0,0,0,0.047441167,0,0.035957908,0,0,0.038559444,0.029607286,0.047932223,0.017186497,0,0,0,0,0,0,0,0,0,0,0,0,0,0,0,0,0,0,0,0,0,0,0,0,0,0,0,0,0,0,0,0,0,0,0,0,0.03025467,0.058117244,0,0.033007917,0,0,0,0,0.063233996,0,0.041986279,0.046926438,0,0,0,0,0,0.022205464,0,0,0,0,0,0,0.011731609
6_progressing_6,0.013165358,0,0.045765281,0,0,0,0,0,0,0.013165358,0,0,0.043582543,0,0,0,0,0,0,0,0,0,0,0.015917734,0.02450538,0.036341318,0,0,0.050242461,0.033214817,0.030377379,0,0,0,0,0.031666799,0.051343552,0,0,0.029083092,0,0,0,0.025996788,0,0,0,0,0,0.037912532,0.052489492,0.011340022,0,0,0,0,0.030175391,0,0,0.011340022,0,0,0,0,0,0,0,0,0,0.03837568,0,0,0,0,0,0,0,0,0,0,0,0,0,0,0,0,0,0,0.022152113,0.033891244,0.008986755,0.06664087,0,0,0.022152113,0.034635402,0.062839681,0,0.033214817,0.051733869,0,0,0,0.037752133,0,0,0,0,0,0,0,0,0
6_progressing_8,0.017426739,0,0.047988003,0.017334411,0,0.024741797,0.010310484,0,0,0.033483113,0,0.00871337,0.030203726,0.013184568,0.009838702,0,0,0,0.011126881,0,0,0.004919351,0.007206719,0.013184568,0.026021047,0.00620753,0,0,0.021474525,0,0.01212607,0,0,0.00871337,0.019621779,0.030518979,0.029778528,0.021997818,0,0.007206719,0.007206719,0,0,0.01212607,0,0,0,0,0.012942467,0.013632721,0.021795779,0.012686524,0,0,0,0,0,0,0,0,0,0,0,0,0,0,0,0,0,0,0,0,0,0,0,0,0,0,0,0.024777335,0.00620753,0,0.008023116,0.009311295,0.011485295,0,0.013414249,0,0.027986053,0.019087369,0.019087369,0.026726596,0.023375637,0,0,0.026873053,0.035678881,0.014040073,0.024522433,0.037992538,0.018894053,0.010310484,0.013632721,0.032971192,0.023471423,0.027025596,0.026467284,0,0,0,0.004919351,0,0
6_progressing_10,0.0136841,0,0.078645192,0,0,0,0,0,0,0.038164225,0,0,0.041769404,0.02408914,0.028630129,0,0,0,0.022438347,0.009340852,0,0,0.011786843,0.023024952,0.027021116,0,0,0,0.044293185,0.021127694,0.030229026,0.0136841,0,0.011786843,0.040705216,0.057874452,0.061838813,0,0.0136841,0.0136841,0,0,0,0.011786843,0,0,0,0,0.027701671,0.023024952,0.02408914,0,0,0,0,0,0,0,0,0,0,0,0,0,0,0,0,0,0,0,0,0,0,0,0,0,0,0,0,0,0,0,0,0,0,0,0,0,0,0,0,0.043361154,0,0,0,0.038164225,0.057817832,0,0.043864402,0.055540582,0.017680264,0.011786843,0,0.017680264,0,0,0,0,0,0,0,0,0
6_progressing_12,0.023679674,0,0.064290045,0,0,0,0,0,0,0.03714257,0,0.010849006,0.042232895,0,0.015893507,0,0,0,0,0,0,0,0,0.010849006,0.044653526,0.023679674,0,0,0.055063563,0.044214556,0.027379843,0,0,0,0.015893507,0,0.052122391,0.047359348,0,0,0,0,0,0.039925904,0,0,0,0.019216234,0,0,0.044760286,0,0,0,0,0,0,0,0,0,0,0,0,0,0,0,0,0,0,0,0,0,0,0,0,0,0,0,0,0,0,0,0,0,0,0,0,0,0,0.017693967,0.021698012,0.056870255,0,0,0,0.03714257,0.066885463,0,0.043755162,0.049480981,0,0,0,0.038827529,0,0.048440526,0,0,0,0,0,0,0
7_stable_0,0,0,0.044177371,0,0,0,0,0,0,0,0,0,0,0,0,0,0,0,0,0,0,0,0,0,0,0.065789929,0,0,0.073498431,0.059585469,0.050999082,0,0,0,0,0,0.076879377,0.03369349,0,0.036719151,0.024294929,0,0,0.062974494,0,0.048207881,0,0,0.056177832,0.018797123,0.041912241,0.029792734,0,0,0,0,0,0,0,0,0,0,0,0.035783659,0,0,0,0,0,0,0,0,0,0,0,0,0,0,0,0,0,0,0,0,0,0,0,0,0,0,0,0.072631334,0,0,0,0.04518222,0.061014079,0,0.03369349,0.028195684,0,0,0,0,0,0,0,0,0,0,0,0,0
7_stable_2,0,0,0.042352435,0,0,0,0,0,0,0,0,0.053147303,0.016422662,0,0,0,0,0,0,0,0,0,0,0,0.073103635,0.024058765,0,0,0.074291509,0.040481427,0.066234292,0,0,0,0,0,0.095748886,0,0,0,0.024058765,0,0,0.053147303,0,0.034420311,0,0,0.089146872,0.063075528,0.039450084,0,0,0,0,0,0,0,0,0,0,0,0,0,0,0,0,0,0,0,0,0,0,0,0,0,0,0,0,0,0,0,0,0,0,0,0,0,0,0,0,0,0,0,0,0.053147303,0.046206607,0,0,0.072056226,0,0,0,0.039450084,0,0,0,0,0,0,0,0,0
7_stable_4,0.043648259,0,0.046842731,0.012244782,0,0.049449424,0,0,0,0.00970376,0.014215752,0,0.042359987,0,0,0,0,0,0,0,0,0,0,0.014215752,0.065154803,0,0,0,0.051221897,0,0.018367173,0,0,0,0.039745664,0,0.051588888,0.0323593,0.014215752,0,0,0,0,0,0,0,0,0,0.034553895,0.023310116,0.023310116,0.020338143,0,0,0,0,0,0,0,0,0,0,0,0,0,0,0,0,0,0,0,0,0,0,0,0,0,0,0,0,0,0,0,0,0,0,0,0,0.043521167,0.040676286,0.027302385,0,0,0,0.018367173,0.042993682,0.041755803,0,0.031147437,0.053246237,0.015826151,0,0,0.056368943,0.012244782,0,0,0,0,0,0.00970376,0,0
7_stable_6,0.030126483,0,0.030416923,0,0,0,0,0,0,0.00973108,0,0.026535031,0.046796563,0,0,0,0,0,0,0,0,0,0,0,0.045696905,0.02851155,0,0,0.048321112,0.039857563,0.01946216,0,0,0,0.038924321,0,0.050726189,0.022719324,0,0,0,0,0,0.028858952,0,0,0,0,0.045009103,0.014255775,0.045279999,0,0,0,0,0,0.02851155,0,0,0,0,0,0,0,0,0,0,0,0,0,0,0.017236115,0,0,0,0,0,0,0,0,0,0,0,0,0,0,0,0,0.041306929,0.031741417,0,0.063482833,0,0,0,0.038475738,0.063414222,0,0.023375743,0.055444937,0,0,0,0.028149964,0,0.023375743,0,0,0,0,0,0,0.014255775
7_stable_8,0.020335523,0,0.066007613,0,0,0,0,0,0,0,0,0,0.042398803,0,0,0,0,0,0,0,0,0,0,0,0.023608811,0.068128472,0,0,0.06567796,0.068545628,0.026283282,0,0,0,0,0,0.08853435,0,0.020335523,0.040671046,0,0,0,0.073402783,0,0.051290196,0,0,0,0.058783486,0.068268847,0,0,0,0,0,0,0,0,0,0,0,0,0,0,0,0,0,0,0,0,0,0,0,0,0,0,0,0,0,0,0,0,0,0,0,0,0,0,0,0,0.067405716,0,0,0,0.035174675,0.023608811,0,0,0.043191913,0,0,0,0.048346562,0,0,0,0,0,0,0,0,0
7_stable_10,0.055784741,0,0.037419379,0,0,0,0,0,0,0,0,0,0.044757403,0,0,0,0,0,0,0,0,0,0,0,0.058423185,0.040865183,0,0,0.062828989,0.028091369,0,0,0.026946642,0,0,0,0.066451673,0,0,0,0,0,0,0.018912197,0,0,0,0,0,0.049203091,0.056507225,0,0,0,0,0,0,0,0,0,0,0,0,0,0,0,0,0,0,0,0,0,0,0,0,0,0,0,0,0.029589551,0,0,0,0,0.025648857,0,0,0,0.050995547,0,0,0.053817056,0.030473701,0,0,0.033056056,0.040719031,0,0.04594523,0.052106113,0,0.05182841,0,0,0,0.039629369,0,0,0,0,0,0,0
7_stable_12,0,0,0,0,0,0.020371335,0,0,0,0.041633538,0,0.063639313,0.070833133,0,0,0,0,0,0,0,0,0,0,0,0.074206686,0.037691449,0,0,0.067224519,0.048431704,0.033836056,0,0,0.028594784,0,0,0.11120832,0.05527013,0,0,0,0,0,0.023650388,0,0,0,0,0,0,0.06040852,0,0,0,0,0,0,0,0,0,0,0,0,0,0,0,0,0,0,0,0,0,0,0,0,0,0,0,0,0,0,0,0,0,0,0,0,0,0.048431704,0,0,0.054570244,0,0,0,0,0.037691449,0,0,0.04948178,0,0,0,0.072824948,0,0,0,0,0,0,0,0,0
7_progressing_0,0.014849222,0,0.036286257,0.014555572,0,0.033179573,0,0,0,0.008268452,0,0.023002221,0.027825098,0,0,0,0,0,0,0,0,0,0,0.013177372,0.049997568,0.022382497,0,0,0.037766416,0.007122057,0.017963232,0,0,0.011829481,0.024101698,0,0.036692058,0.035949998,0,0.026763622,0,0,0,0.030677228,0,0.010683086,0,0,0.03343866,0.020299429,0.021119525,0.018951538,0,0,0,0,0,0,0,0,0,0,0,0,0,0.005644097,0,0,0,0,0,0,0,0,0,0,0,0,0,0,0,0,0,0,0.011288194,0,0,0.030408189,0.032898224,0.028508258,0.024421466,0.033461578,0.024054348,0,0.016327183,0.028948609,0.0291642,0,0.02094826,0.042995172,0,0,0,0.04082921,0,0.035921744,0,0,0,0,0.017299409,0,0
7_progressing_2,0.040974884,0,0.041369909,0,0,0.029936152,0,0,0,0,0,0.031793235,0,0,0,0,0,0,0,0,0,0,0,0,0.068913704,0.030900442,0,0,0.070911036,0.050473582,0.048707422,0,0,0,0.042482749,0,0.068471187,0.053088601,0,0,0,0,0,0,0,0,0,0,0,0,0.036090167,0.016700957,0,0,0,0,0,0,0,0,0,0,0,0,0,0,0,0,0,0,0,0,0,0,0,0,0,0,0,0,0,0,0,0,0,0,0,0,0,0.028887909,0,0.06826454,0,0,0,0.065141246,0.033401914,0,0.016700957,0.048916944,0,0,0,0.045311907,0,0.045859601,0,0,0,0,0.016700957,0,0
7_progressing_4,0.036514813,0,0.023844747,0,0,0,0,0,0,0.017991745,0,0.010760934,0.03101863,0,0,0,0,0,0,0,0,0,0,0,0.043613623,0.024175424,0.008325795,0.008325795,0.044878284,0.024488841,0.024589781,0,0,0,0.021521869,0,0.037939576,0.029548381,0.006598037,0.012488693,0.006598037,0,0,0.028064037,0,0.022588985,0,0.008325795,0,0.010760934,0.038566927,0.01440126,0,0,0,0,0.024689053,0.020426884,0,0,0,0,0,0,0,0,0,0,0,0,0,0,0,0,0,0,0,0,0,0,0,0,0,0,0,0,0,0.020223278,0.02135268,0.032915577,0.015849629,0.052857986,0.032056143,0,0,0.027776624,0.047362164,0,0.025600768,0.039955711,0,0,0.006598037,0.034529658,0,0.025684767,0,0,0,0,0.018831126,0.006598037,0.010760934
7_progressing_6,0.028080273,0,0.028751653,0,0,0,0,0,0,0.020086894,0,0.032606037,0.038756034,0,0.009583884,0,0,0,0,0,0,0,0,0,0.047664432,0.014040137,0,0.009583884,0.055264652,0.044542365,0.03301186,0,0,0,0.032606037,0,0.051888441,0.030233788,0,0,0,0,0,0,0,0,0,0,0,0.009583884,0.047515307,0,0,0,0,0,0.026965102,0.035421792,0,0,0,0,0,0,0,0,0,0,0,0,0,0,0,0,0,0,0,0,0,0,0,0,0,0,0.012093515,0,0,0.019167768,0.027352883,0.044802792,0,0.067481038,0,0,0,0.044802792,0.061630325,0,0.009583884,0.047248041,0,0,0,0.044435978,0,0,0,0,0,0,0.015630642,0,0.009583884
7_progressing_8,0.01312696,0,0.030617826,0,0,0.007903217,0,0,0,0.022741063,0,0.022302311,0.036791898,0,0.011093568,0,0,0,0.007903217,0,0,0,0,0,0.034171372,0,0.011854826,0,0.039560452,0.035124835,0.030851611,0,0,0,0.028565463,0,0.036196227,0,0,0.011854826,0.011093568,0,0,0.016786147,0,0,0,0,0,0.027705626,0.041534427,0.006263152,0,0,0,0,0.031723143,0,0,0.017078569,0,0,0,0.007903217,0,0.01021476,0,0,0,0.009175351,0.007903217,0.007903217,0,0,0,0,0,0,0,0,0,0,0,0,0.01021476,0,0,0.01021476,0.019933472,0.02829301,0.01021476,0.055339546,0.018996785,0,0.006263152,0.034394421,0.052746764,0,0.037388064,0.044742056,0,0,0,0.035951863,0,0.018574298,0,0,0,0,0.011854826,0.011854826,0.017078569
7_progressing_10,0.034352671,0,0.039636457,0,0,0.026707786,0,0,0,0.00797195,0,0.030857295,0.03244405,0,0.013789209,0,0,0.006317621,0.015943901,0,0,0,0,0.003985975,0.055961856,0.013241123,0,0,0.050195083,0.019363792,0.017227098,0,0,0,0.026762816,0,0.035332426,0.028035049,0,0.00797195,0.006317621,0,0,0.011190047,0,0,0,0,0,0.018510295,0.023733279,0.011190047,0,0,0,0,0.00797195,0,0,0,0,0,0,0,0,0.006317621,0,0,0,0,0.009255148,0,0,0,0,0,0,0,0,0,0,0,0,0.00797195,0.011190047,0,0.010303596,0.022831349,0.030693761,0.027482572,0.023147972,0.042213817,0.026126428,0,0.013241123,0.032108156,0.038323995,0,0.016621217,0.049667068,0,0,0,0.044505546,0.012635242,0.015176022,0,0,0,0,0.015176022,0,0
7_progressing_12,0,0,0.119175285,0,0,0,0,0,0,0.070417419,0,0.018031039,0.072915276,0,0,0,0,0,0,0,0,0,0,0,0.034128957,0.031937365,0,0,0.088448458,0,0.069492523,0,0,0,0.031937365,0,0.088597664,0,0,0,0,0,0,0.043313684,0,0,0,0,0,0,0.054093117,0,0,0,0,0,0,0.063190775,0,0,0,0,0,0,0,0,0,0,0,0,0,0,0,0,0,0,0,0,0,0,0,0,0,0,0,0,0,0,0,0.037791314,0,0.052829989,0,0,0,0,0.069009766,0,0,0.054690003,0,0,0,0,0,0,0,0,0,0,0,0,0
11_stable_0,0.025170678,0,0.027695817,0,0,0.024311484,0,0,0,0.009814501,0,0,0.024311484,0,0.011394283,0,0,0,0.013776395,0.007777808,0,0,0,0.019629003,0.023066236,0.03542627,0,0,0.041998316,0.024311484,0.007777808,0,0,0.040404436,0.033952597,0,0.044723418,0.03815283,0,0.030178351,0.016976298,0.018158986,0,0.022788567,0,0.014721752,0,0,0.045416746,0.009814501,0.025170678,0,0,0,0,0,0,0,0,0,0,0,0,0,0,0,0,0,0,0,0,0,0.025936794,0,0,0,0,0,0,0,0,0,0,0,0,0,0,0,0.038591533,0.033714602,0,0.040451322,0.027695817,0,0,0.039713188,0.034239262,0,0.030178351,0.03451477,0,0,0,0.032673513,0,0,0,0,0,0,0.015555617,0,0.009814501
11_stable_2,0,0,0.137647764,0,0,0,0,0,0,0,0,0,0,0,0,0,0,0,0,0,0,0,0,0,0.026820151,0.074325176,0,0,0.133074859,0.085359378,0.070561934,0,0,0,0,0,0.147919882,0.086088171,0,0,0,0,0,0,0,0,0,0,0,0,0,0,0,0,0,0,0,0,0,0,0,0,0,0,0,0.033843263,0,0,0,0,0,0,0,0,0,0,0,0,0,0,0,0,0,0,0,0,0,0,0,0,0,0.111428308,0,0,0,0,0,0,0.039290811,0.053640302,0,0,0,0,0,0,0,0,0,0,0,0,0
11_stable_4,0.023481451,0,0,0,0,0.03504506,0,0,0,0.026853669,0,0,0.043707257,0,0.012835021,0,0,0,0,0,0,0,0.016583228,0.015518336,0.01752253,0.029009193,0,0,0.055331758,0.033411856,0.039852004,0,0,0,0.008761265,0,0.051834808,0.054283423,0,0,0,0,0,0.01752253,0,0.025344493,0,0,0.049168264,0.015518336,0.040423736,0.022594443,0,0,0,0,0,0,0,0,0,0,0,0.024279601,0,0,0,0,0,0,0,0,0,0,0,0,0,0,0,0,0,0,0,0,0,0,0,0,0.0332901,0.031510564,0,0.061664462,0.01981675,0,0,0.025344493,0.041717291,0,0.025005087,0.049560549,0,0,0,0.018362764,0,0.034845678,0,0,0,0,0,0,0
11_stable_6,0.030878056,0,0.055501426,0,0,0,0,0,0,0.087649418,0,0,0,0,0,0,0,0,0,0,0,0,0,0,0.052794095,0.059505716,0,0,0.075362301,0.043722581,0,0,0,0,0.023898875,0,0.095380117,0,0,0,0,0,0,0.026606205,0,0,0,0,0,0,0.052363653,0,0,0,0,0,0,0,0,0,0,0,0,0,0,0,0,0,0,0,0,0,0,0,0,0,0,0,0,0,0,0,0,0,0,0,0,0.055850835,0,0.06746432,0,0.05050508,0,0,0,0.048380146,0.050991983,0,0,0.086246304,0,0,0,0,0,0.03689889,0,0,0,0,0,0,0
11_stable_8,0.034507284,0,0.061819975,0,0,0,0,0,0,0.021652408,0,0,0.042755622,0,0,0,0,0,0.014780068,0,0,0,0,0,0.067138274,0.04744153,0,0,0.075167478,0,0.043832468,0,0,0,0,0,0.08832512,0.076045185,0,0,0,0,0,0,0,0,0,0,0,0.027975554,0.056567402,0,0,0,0,0,0,0,0,0,0,0,0,0,0,0.021652408,0,0,0,0,0,0,0,0,0,0,0,0,0,0,0,0,0,0,0,0,0,0,0.082889172,0,0,0,0,0,0,0.070011571,0.064295449,0,0.042755622,0.06038741,0,0,0,0,0,0,0,0,0,0,0,0,0
11_stable_10,0,0,0.041478563,0,0,0,0,0,0,0.013277543,0,0,0.04493243,0,0,0,0,0,0,0,0,0,0,0,0.017160976,0.039832629,0,0,0.056663743,0,0,0,0,0,0.010522204,0,0.058032602,0,0.018637388,0,0.023799747,0.061990339,0,0.047465538,0,0.054002598,0,0.02820102,0.036243919,0.054881307,0.037274776,0.035088578,0,0,0,0,0,0,0,0,0,0,0,0.032251026,0,0,0,0,0,0,0,0,0,0,0,0,0,0,0,0.02527616,0,0,0,0,0,0,0,0,0,0.031914931,0,0.033193858,0,0,0,0.048608608,0.046396281,0,0.035567564,0.048668282,0,0,0,0.018637388,0,0,0,0,0,0,0,0,0
11_stable_12,0.020609821,0,0.040135876,0.021543021,0,0.035117723,0.018824266,0,0,0.041845355,0,0.010929986,0.042027646,0.01601214,0.019655269,0,0,0,0.013127862,0,0,0,0.01601214,0.0302557,0.035946423,0,0,0,0.030574614,0,0.019934283,0,0,0,0.010929986,0.028082999,0.032414484,0.028135455,0,0,0,0,0,0.01835015,0,0,0,0,0,0.023773516,0.020283511,0.030221512,0,0,0,0,0,0,0,0,0,0.012759215,0,0,0,0,0,0,0,0,0.019152371,0,0,0,0,0,0,0,0,0,0.012361047,0,0,0,0,0,0,0,0.01835015,0.020198475,0.013127862,0.033049207,0.017393206,0,0,0.022908194,0.030456041,0.013127862,0.021062356,0.035022804,0.01034408,0,0,0.037906386,0.031829497,0.035277524,0,0,0,0,0.010929986,0,0
11_progressing_0,0.038501233,0,0,0,0,0.014782049,0,0,0,0,0,0,0.019709399,0,0,0,0,0,0.007809665,0,0,0,0,0,0.034491448,0.019250616,0,0,0.033668039,0.025067709,0.020140359,0,0,0.031664454,0.036714723,0,0.040378433,0.048866361,0,0.019709399,0.018233361,0,0,0.032665159,0,0.007809665,0,0,0,0.025273771,0.029452149,0,0,0,0,0,0,0,0,0,0,0,0,0,0,0.007809665,0,0,0,0,0,0,0,0,0,0,0,0,0,0,0,0,0,0,0.014782049,0,0,0.035328728,0.040569924,0.04292119,0.029889743,0.045033766,0.026043025,0,0.012737014,0.034491448,0.027809253,0,0.021973179,0.057163695,0,0,0,0.028740689,0.011440952,0,0,0,0,0,0.031412049,0.01383282,0.01383282
11_progressing_2,0.012077642,0,0.028713914,0,0,0,0,0,0,0.009571305,0,0,0.037844001,0,0,0,0,0,0,0,0,0,0,0,0.041563048,0.033543167,0,0,0.058345747,0.044324039,0.036632026,0,0,0,0.018116462,0,0.054517907,0,0,0.014021708,0.009571305,0,0,0.030194104,0,0.03213817,0,0,0.025652473,0.041563048,0.045804229,0.012077642,0,0,0,0,0.02518143,0,0,0,0,0,0,0,0,0,0,0,0,0,0,0,0,0,0,0,0,0,0,0,0,0,0,0,0,0,0,0,0.018116462,0.038705163,0.024683456,0.075533826,0,0,0.009571305,0.018116462,0.068576255,0,0.039105794,0.056016853,0,0,0,0.034082236,0,0,0,0,0,0,0,0,0.006038821
11_progressing_4,0.042266003,0,0.054315922,0,0,0.068181283,0,0,0,0,0,0.054315922,0.083183689,0,0,0,0,0,0,0,0,0,0,0,0.10978276,0,0,0,0.112132939,0,0,0,0,0,0.042266003,0,0.114638626,0,0,0.078603723,0,0,0,0,0,0,0,0,0,0,0,0,0,0,0,0,0,0,0,0,0,0,0,0,0,0,0,0,0,0,0,0,0,0,0,0,0,0,0,0,0,0,0,0,0,0,0,0,0,0,0,0,0,0,0,0,0.068181283,0,0,0.120301286,0,0,0,0,0.025915281,0,0,0,0,0,0,0,0.025915281
11_progressing_6,0.036821992,0,0.04662046,0,0,0.014044935,0,0,0,0.015635983,0,0.014044935,0.040777948,0,0.018146472,0,0,0,0,0,0,0,0,0,0.044068116,0.036292945,0,0,0.054822883,0.03174379,0.034647183,0,0.015635983,0,0.02303002,0,0.047790954,0.048007327,0,0,0,0,0,0,0,0,0,0,0,0.016981196,0.04027435,0,0,0,0,0,0,0,0,0,0,0,0,0,0,0.016981196,0,0,0,0,0,0,0,0,0,0,0,0,0,0,0,0,0,0,0,0,0.020925493,0,0.034970428,0.036155515,0.026974317,0.05199684,0.020925493,0,0.018146472,0.050968993,0.048078275,0,0.032191407,0.043123779,0,0,0,0,0.019174319,0,0,0,0,0,0,0,0
11_progressing_8,0.038253388,0,0.054640046,0,0,0,0,0,0,0,0,0.017458922,0.038253388,0,0,0,0,0,0,0,0,0,0,0,0.056918867,0.046240861,0,0,0.071957163,0.03652788,0.02497807,0,0,0,0,0,0.067587253,0.043666363,0,0.039741723,0,0,0,0.02937649,0,0,0,0,0,0.02937649,0,0.017458922,0,0,0,0,0,0,0,0,0,0,0,0,0,0,0,0,0,0,0,0,0,0,0,0,0,0,0,0,0,0,0,0,0,0,0,0,0.048813206,0.046835411,0,0.043858365,0,0,0,0.048692,0.053211626,0,0.033531128,0.074692893,0,0,0,0,0.026011979,0,0,0,0,0,0.011917568,0,0
11_progressing_10,0.0684654,0,0,0,0,0,0,0,0,0,0,0,0.038194177,0,0,0,0,0,0,0,0,0,0,0,0.062410907,0,0,0,0.080322169,0.050658553,0.038194177,0,0,0,0.052781989,0,0.079732545,0.027540181,0,0,0,0,0,0,0,0,0,0,0,0.031961989,0.059819097,0,0,0,0,0,0,0,0,0,0,0,0,0,0,0,0,0,0,0,0,0,0,0,0,0,0,0,0,0,0,0,0,0,0,0,0,0.033772369,0.040563545,0.035391809,0,0.079385175,0,0,0,0.035391809,0.075396367,0,0.021307992,0.071823564,0,0,0,0,0,0.016886184,0,0,0,0,0,0,0
11_progressing_12,0.024524237,0,0.046088977,0,0,0.03794908,0,0,0,0.01897454,0,0.024524237,0,0,0,0,0,0,0,0,0,0,0,0,0.048662893,0.050828542,0,0,0.06586551,0,0.044594341,0,0,0,0,0,0.074900268,0.057753404,0,0,0,0,0,0,0,0,0.050144038,0,0,0,0,0,0,0,0,0,0,0,0,0,0,0,0,0,0,0.024524237,0,0,0,0,0,0,0,0,0,0,0,0,0,0,0,0,0,0,0,0,0,0,0.063032057,0,0.067340947,0.055810223,0,0,0,0.040301235,0.072242808,0,0,0.050490569,0,0,0,0.043498777,0,0.03794908,0,0,0,0,0,0,0
8_stable_0,0,0,0.063876362,0,0,0,0,0,0,0.071596157,0,0,0.028227076,0,0,0,0,0,0,0,0,0,0,0,0.055733041,0.020371413,0,0,0.039778693,0.014921791,0.024467835,0,0,0,0,0,0.050214994,0.037646112,0,0.038983512,0,0,0,0.031219647,0,0,0,0,0,0.014921791,0.026797879,0,0,0,0,0,0,0,0,0,0,0,0,0,0,0.038558792,0,0,0,0,0,0,0,0,0,0,0,0,0,0,0,0,0,0,0,0,0,0,0.052726392,0.028227076,0,0.047395436,0,0,0,0.046639352,0.039521137,0,0.037960428,0.089547343,0,0,0,0,0.018041369,0.064585004,0,0,0,0,0,0,0.018041369
8_stable_2,0,0,0,0,0,0.075147957,0,0,0,0.092013756,0,0,0,0,0,0,0,0,0,0,0,0,0,0,0,0,0,0,0.105307855,0,0.060674186,0,0,0,0,0,0.133299709,0,0,0,0,0,0,0.096434824,0,0.024041577,0,0,0,0.030337093,0,0.039210124,0,0,0,0,0,0,0,0,0,0,0,0,0,0,0,0,0,0,0,0,0,0,0,0,0,0,0,0,0,0,0,0,0,0,0,0,0,0.105307855,0,0,0,0,0,0,0.063251702,0,0,0.102052775,0,0,0,0,0,0,0,0,0,0,0,0,0.072920587
8_stable_4,0,0,0.075095861,0,0,0,0,0,0,0.050273434,0,0,0.052106013,0,0,0,0,0,0,0,0,0,0,0,0,0.059158436,0,0,0.077067034,0.019108619,0,0,0,0,0,0,0.103365573,0,0.038217238,0,0.036168589,0,0,0.068043438,0,0,0,0,0,0.059728763,0,0,0,0,0,0,0,0,0,0,0,0,0,0,0,0.033846022,0,0,0,0,0,0,0,0,0,0,0,0,0,0,0,0,0,0,0,0,0,0,0,0,0,0.085447843,0,0,0,0.031164815,0.024112393,0,0.036168589,0.062329631,0,0,0,0,0,0.088597709,0,0,0,0,0,0,0
8_stable_6,0,0,0.066367617,0,0,0,0,0,0,0.073806846,0,0,0.035694317,0,0,0,0,0,0,0,0,0,0,0,0.050688444,0.009539143,0,0,0.043448778,0.030619045,0.02683922,0,0.022914677,0,0,0,0.055856591,0,0,0,0,0,0,0.034795283,0,0.025096816,0,0,0,0.018055588,0.040892391,0,0,0,0,0,0,0,0,0,0,0,0,0,0,0.038156573,0,0,0,0,0.015557673,0,0,0,0,0,0,0,0,0,0,0,0,0,0,0,0,0,0.052651256,0.024074117,0,0.043152404,0.015557673,0,0,0,0.035694317,0,0.032244584,0.088163937,0,0,0,0,0.020820691,0.056592304,0.042719715,0,0,0,0,0,0
8_stable_8,0.045457801,0,0.029939468,0,0,0.041535959,0,0,0,0.031403046,0,0,0.027496694,0.018545074,0.016082186,0,0,0,0.019837053,0,0,0.010721457,0,0.022353836,0.024249588,0.042946015,0,0,0.040456853,0.012447226,0.036282399,0,0,0,0.012447226,0,0.046622083,0.029939468,0,0,0.023546022,0,0,0.016993108,0,0.010721457,0,0,0.052019994,0.012447226,0.02890675,0,0,0,0,0,0,0,0,0,0,0,0,0,0,0.013857282,0,0,0,0,0,0,0,0,0,0,0,0,0,0,0,0,0,0,0,0,0,0,0.042825171,0,0,0.052373449,0.029610317,0,0,0.031131654,0.031535253,0,0.008496554,0.051209267,0.010721457,0,0,0.047127039,0,0,0,0,0,0,0.008496554,0,0.019218011
8_stable_10,0.011877433,0,0.037062214,0,0,0,0,0,0,0.015263656,0,0,0.044898219,0,0,0,0,0,0,0,0,0,0,0,0.011877433,0.01589546,0.012899286,0,0.046746198,0.040482976,0.019518455,0,0,0,0.030117145,0,0.041694031,0.01589546,0,0.009189637,0.007282615,0,0,0.009189637,0,0.021337675,0,0.007282615,0,0.034851524,0.045623138,0.007282615,0,0,0,0,0.033126128,0.04153219,0,0,0,0,0,0.011877433,0,0,0,0,0,0,0,0,0,0,0,0,0,0,0,0,0,0,0,0,0,0,0,0,0.019160048,0.037516264,0.014565229,0.063069967,0.020490278,0,0.007282615,0.020784945,0.059870378,0,0.019518455,0.050706055,0,0,0.009189637,0.035813925,0,0.028880281,0,0,0,0,0.009189637,0.015263656,0.01589546
8_stable_12,0,0,0.015600781,0,0,0,0,0,0,0.015600781,0,0,0.077588831,0,0,0,0,0,0,0,0,0,0,0,0,0.056379904,0,0,0.088503522,0.063253704,0.048764139,0,0,0,0.027632786,0,0.069657074,0,0,0,0,0,0,0.076911024,0,0.057902838,0,0,0,0,0.031201562,0,0,0,0,0,0,0,0,0,0,0,0,0,0,0,0,0,0,0,0,0,0,0,0,0,0,0,0,0.027632786,0,0,0,0,0.032697728,0,0,0,0,0.055833665,0,0.0765919,0,0,0,0,0.041812338,0,0.048764139,0.072069716,0,0.015600781,0,0,0,0,0,0,0,0,0,0,0
8_progressing_0,0.017753488,0,0.038857172,0,0,0,0,0,0,0.028518254,0,0.028272316,0.034715633,0,0.015200556,0,0,0,0.014726202,0,0,0,0.00821554,0,0.041453298,0.038036898,0,0,0.047994661,0.022689523,0.023183664,0,0.01421055,0,0.022559271,0,0.040966709,0.033518877,0,0.037274488,0.01421055,0,0,0.023416097,0,0.020721212,0,0,0,0.035753636,0.026258171,0.013645717,0,0,0,0,0,0,0,0,0,0,0,0.01421055,0,0.013645717,0,0,0,0,0,0,0,0,0,0,0,0,0,0,0,0,0,0,0,0,0,0,0.030002253,0.02406324,0,0.033221439,0,0,0.009537947,0.026258171,0.024646621,0,0.017753488,0.047832137,0,0,0,0.038255183,0.006510662,0.022426091,0,0,0,0,0.020156379,0,0.029327636
8_progressing_2,0,0,0.047049823,0,0,0.015872726,0,0,0,0.045417473,0,0.010834821,0.036380758,0.02602712,0,0,0,0.020508033,0,0,0,0,0,0,0.0398737,0.048303863,0,0,0.052920753,0,0.027344044,0,0,0,0,0.024506843,0.104410837,0.019191109,0,0,0,0,0,0.031342854,0,0,0,0,0,0.022708737,0.030923119,0.027941941,0,0,0,0,0,0,0,0,0,0,0,0,0,0,0,0,0,0,0,0,0,0,0,0,0,0,0,0.049611582,0,0,0,0,0,0,0,0,0,0,0,0.045417473,0,0,0,0.039521438,0.048377189,0,0.039699142,0.054726537,0,0,0,0.026707547,0,0.042710901,0,0,0,0,0.010834821,0,0.010834821
8_progressing_4,0.008698384,0,0.029550219,0,0,0.025477484,0,0,0,0.027255458,0,0.018135804,0.022824244,0,0.011242498,0,0,0,0.01559169,0,0,0,0.008698384,0,0.044076566,0,0,0,0.033785325,0.019394924,0.020197022,0,0,0.013786612,0.019394924,0.021341009,0.034256484,0.016991817,0.013786612,0,0,0,0,0.024023031,0,0.020679919,0,0,0,0.014447703,0.034256484,0.019673839,0,0,0,0,0.024911826,0,0,0,0,0,0,0,0,0.016093923,0,0,0,0,0,0,0,0,0,0,0,0,0,0.028303648,0,0,0,0,0,0,0.008698384,0.021128292,0.025368359,0.032075462,0.018796895,0.04821862,0.017396768,0,0.011242498,0.02090811,0.044082146,0,0.027090328,0.040313211,0.006893306,0,0.014447703,0.019673839,0,0.025477484,0,0,0,0,0.012209726,0.006893306,0.012209726
8_progressing_6,0.030517537,0,0.036139149,0,0,0.032163928,0,0,0,0.026655937,0,0.036336319,0.028733952,0,0.028368962,0,0,0,0.021278101,0.016851946,0,0,0.015867602,0.021718662,0.041675539,0,0,0,0.034697536,0.017292506,0.031645894,0,0,0,0,0,0.039206803,0,0.018091747,0,0,0,0,0.016378722,0,0.030187174,0,0,0,0.019441081,0.037656823,0,0,0,0,0,0.030073142,0,0,0,0,0,0,0,0,0,0,0,0,0,0,0,0,0,0,0,0,0,0,0.022517902,0.024719913,0,0,0,0,0,0,0.014703371,0.014030582,0.023555682,0,0.042264572,0.017292506,0,0.007015291,0.019129527,0.043242823,0,0.032565671,0.035958626,0.010277215,0,0,0.028293392,0,0.022130778,0,0,0,0,0.014030582,0.007015291,0.010277215
8_progressing_8,0,0,0.02535926,0,0,0.008191231,0,0,0,0.011999937,0,0.027504212,0.033467184,0,0,0,0,0,0.008191231,0,0,0,0,0,0.033714366,0,0,0,0.051889137,0.033953616,0.041517466,0,0,0,0.023046751,0,0.046498248,0.025840458,0.019676759,0,0,0,0,0.029167966,0,0.021953679,0,0,0.021953679,0.023695506,0.046868277,0.011999937,0.016382463,0,0,0,0.033036082,0.010336183,0,0,0,0,0,0,0,0.010336183,0,0,0,0,0,0,0,0,0,0,0,0,0,0,0,0,0,0,0,0,0,0,0.01787866,0.041286254,0.016382463,0.066718541,0,0,0.011999937,0.019124211,0.057537099,0,0.018527415,0.04500043,0.008191231,0,0,0.03403169,0,0.01787866,0,0,0,0,0.018527415,0,0.010336183
8_progressing_10,0.022426396,0,0.025986087,0.007797484,0,0.025263127,0,0,0,0.026567197,0,0.024331185,0.023570103,0,0.015346222,0,0,0,0.01480153,0.007797484,0,0,0.008468326,0.018730683,0.028878701,0,0.011162297,0,0.022924974,0.011484804,0.013830441,0,0,0.018611446,0.016053482,0.015216307,0.028564971,0.020761345,0.013645227,0.016368211,0.012065914,0,0,0.029292439,0,0.015216307,0,0,0,0.01923017,0.026567197,0.016846919,0,0,0,0,0.01626581,0.014178775,0,0,0,0,0,0.017439347,0,0.014501283,0.006032957,0,0,0,0,0,0,0,0,0,0,0,0,0,0,0,0,0,0.007797484,0,0.007797484,0.023228211,0.024583537,0.026063113,0.01938469,0.036240035,0.019015219,0,0.013037003,0.024537322,0.032179788,0,0.017889942,0.030113486,0.010813962,0,0,0.024659488,0,0.017517761,0,0,0,0,0.016566057,0,0.022350269
8_progressing_12,0.021145683,0,0.045905012,0,0,0.033416595,0,0,0,0.042742318,0,0.037495723,0.038017195,0,0.014523297,0,0,0,0,0.012012037,0,0,0,0,0.054282713,0,0,0,0.034663403,0,0.026096178,0,0,0,0,0,0.045428632,0.025866514,0.020693211,0.020211528,0,0,0,0.047215205,0,0.014523297,0,0,0,0.016398982,0.031708636,0,0,0,0,0,0,0,0,0,0,0,0,0,0,0.022722788,0,0,0,0,0,0,0,0,0,0,0,0,0,0,0,0,0,0,0,0,0,0.02538483,0.030175306,0.030558133,0.030922278,0.035348608,0,0,0,0.024316798,0.033416595,0,0.010346605,0.056612731,0,0,0,0.039836706,0,0.040322873,0,0,0,0,0.019143495,0,0.018546096
9_stable_0,0.077843451,0,0.069101105,0,0,0,0,0,0,0,0,0,0,0,0,0,0,0,0,0,0,0,0,0,0.066204348,0,0,0,0.061483361,0,0.044152932,0,0,0,0,0,0.073781872,0,0.017996298,0,0.014261728,0,0,0.071934382,0,0,0,0,0,0.041786109,0.028523457,0,0,0,0,0,0.055517903,0,0,0,0,0,0,0,0,0.020893055,0,0,0,0,0,0,0,0,0,0,0,0,0,0,0,0,0,0,0,0,0,0,0,0.062679164,0,0.059782407,0.020893055,0.026994446,0,0.035154783,0.028523457,0,0,0.076338637,0,0,0,0,0,0.025260997,0,0,0,0,0,0.020893055,0
9_stable_2,0.01475726,0,0.023347512,0,0,0.009290167,0,0,0,0.024765625,0,0,0.033861376,0,0,0,0,0,0,0,0,0,0,0,0.015367562,0,0.006618449,0,0.035046628,0.022218945,0.017108442,0,0.012245585,0,0.019385373,0.006618449,0.036347548,0.026024356,0.017956727,0.03037014,0.019131816,0,0,0.03304068,0,0.028971887,0.005244996,0,0.017490582,0.025223079,0.035631599,0.012928777,0,0,0.012928777,0,0.017729341,0.018066484,0,0,0,0,0,0,0.006618449,0.01430223,0,0,0,0.016076149,0,0,0.012928777,0,0,0,0,0,0,0,0,0,0,0,0.008554221,0,0.005244996,0.01430223,0.020283172,0.02861638,0.01430223,0.04260175,0.013236897,0,0.010993005,0.025814928,0.03868627,0,0.021938028,0.035534756,0,0,0,0.024519337,0,0.01962614,0,0,0,0.017490582,0.016076149,0.005244996,0.009290167
9_stable_4,0.015654738,0,0.036151124,0,0,0.014348949,0.005563976,0,0,0.041198899,0,0.007020956,0.025607607,0,0.008151078,0,0,0,0,0,0,0,0,0,0.031171584,0,0,0,0.03644418,0.013365636,0.031319928,0,0.020011269,0,0.007020956,0,0.038802183,0.029921779,0.022255905,0.014638431,0.013365636,0,0,0.034573376,0,0.029229749,0,0,0.02932354,0.015172034,0.037358691,0.011661556,0,0,0.008151078,0,0,0,0,0,0,0,0,0,0.007020956,0.028277893,0,0,0,0,0,0,0.016500791,0,0,0,0,0,0,0,0,0,0,0,0.010531435,0,0,0.018006236,0.031682556,0.017859427,0.015419135,0.032948865,0.016500791,0,0.005563976,0.022955575,0.027293221,0,0.02652022,0.046130036,0.011127953,0,0.005563976,0.016691929,0.009074455,0.034979601,0,0,0,0.021866132,0,0,0
9_stable_6,0.022153459,0,0.015822473,0.008003628,0,0.033102471,0.023285011,0,0,0.02562623,0,0,0.02339243,0,0.010671505,0,0,0,0.008456967,0,0,0,0.004228484,0,0.035583124,0,0,0,0.027390515,0.016007257,0.024272423,0,0.013090976,0,0.010904845,0,0.033554393,0.019361812,0.012232112,0.013339381,0.008003628,0,0,0.024678651,0,0.01816118,0,0.00689636,0.029622197,0.016352168,0.023183838,0.012825428,0,0,0,0,0,0.008003628,0,0,0,0.005335752,0,0,0,0.01816118,0,0,0,0,0,0.009229335,0,0,0,0,0,0,0,0,0.009229335,0,0,0.008456967,0.014386035,0,0.013090976,0.025747811,0.027685113,0.025665555,0.021220811,0.030214512,0.024634154,0,0.015353327,0.027218003,0.028254375,0.011897211,0.014818955,0.031064366,0,0.008003628,0,0.030520052,0.014979351,0.023193147,0,0,0,0,0.014818955,0.008456967,0.010157551
9_stable_8,0,0,0.03692709,0,0,0.044417791,0,0,0,0.019613918,0,0,0.045014389,0,0,0,0,0,0,0,0,0,0,0,0.029133676,0,0,0,0.045901076,0.051092324,0.054591909,0,0,0,0.011073529,0,0.060786654,0,0.013973237,0.018060147,0.018060147,0,0,0.041599699,0,0,0,0,0,0.036120294,0.043913708,0,0,0,0,0,0.026600537,0.048827275,0,0,0,0,0,0,0,0.019613918,0,0,0,0,0,0,0,0,0,0,0,0,0,0,0,0,0,0,0,0,0,0,0.046813417,0,0,0.067478241,0.016222426,0,0,0.016222426,0.063490637,0,0.048667278,0.057724106,0,0,0,0.018060147,0,0,0,0,0,0,0,0,0
9_stable_10,0.039934097,0,0,0,0,0.019967049,0,0,0,0.021204644,0,0,0.023181026,0,0.015823512,0,0,0,0.007911756,0,0,0,0,0,0.033019058,0,0,0,0.029950573,0,0.023181026,0,0,0,0,0,0.037153404,0.027414024,0.009983524,0,0.014013648,0,0,0.01726866,0,0,0,0,0.037235708,0.01789528,0.02872703,0,0,0,0,0,0,0,0,0,0,0,0,0,0,0.026004352,0,0,0,0,0,0,0,0,0,0,0,0,0,0,0,0,0,0,0.026565799,0,0.024249886,0.049369847,0.050387235,0.045811496,0.041358757,0.041630548,0.044123203,0.027252184,0.033785166,0.045774085,0.041495935,0,0.011590513,0.027414024,0.014013648,0,0.016582275,0,0,0.007911756,0,0,0,0,0.020815274,0,0
9_stable_12,0,0,0.0334788,0,0,0.03328517,0,0,0,0.031648681,0,0,0.030687851,0,0.017535915,0,0,0,0,0,0,0,0,0,0.030638245,0,0,0,0.034198979,0.026687307,0.034530482,0,0.013896884,0,0.008767957,0.024990606,0.037782818,0.032138583,0.011332421,0,0,0.012307384,0,0.017535915,0,0,0,0.013151936,0,0.016691363,0.019255826,0.011332421,0,0,0,0,0.024742545,0.010179283,0,0,0,0,0,0,0,0.021919893,0,0,0,0,0,0,0,0,0,0,0,0,0,0,0,0,0,0,0.019255826,0,0.013896884,0.03315271,0.034311422,0.039602334,0.025681264,0.054649896,0.027136059,0,0.020606628,0.028667533,0.045790722,0,0.028318011,0.038292781,0,0,0,0.020845325,0,0,0,0,0,0,0.016691363,0,0.004383979
9_progressing_0,0.046017969,0,0.042052189,0,0,0.04142839,0,0,0,0.027365454,0,0,0.021343138,0,0.020495524,0,0,0,0,0,0,0,0,0,0.038391018,0,0,0,0.018785957,0.007284479,0.023381952,0,0,0,0,0,0.047229013,0,0.025668458,0.020495524,0,0,0,0.029299647,0,0.03073112,0,0,0,0,0.035763087,0.020187067,0,0,0,0,0,0,0,0,0,0,0,0,0,0.011880474,0,0,0,0,0,0,0,0,0,0,0,0,0,0,0,0,0,0.012902588,0,0,0,0,0.03837071,0.040003094,0.02394262,0.037548931,0.040129095,0,0.022552043,0.036715952,0.041826595,0,0.02276946,0.036997061,0,0,0,0.033651542,0.018383978,0.039971216,0,0,0,0,0.030535127,0,0.015899529
9_progressing_2,0.034330618,0,0.027702055,0,0,0.029706175,0.011477303,0,0,0.031042484,0,0.018264167,0.028841603,0,0.021805102,0,0,0,0.01016455,0.005738651,0,0,0.008406972,0.019136781,0.038802237,0,0,0,0.028903912,0,0.023082016,0,0.009359337,0,0.008406972,0,0.032697209,0.018420105,0.013785236,0.025178961,0.01016455,0,0,0.029776527,0,0,0.008406972,0,0,0.022040791,0.032462289,0.014145624,0,0,0,0,0.014799419,0,0,0,0,0,0,0,0,0.014799419,0,0,0,0,0,0,0,0,0,0,0,0,0,0,0,0,0,0,0.012980023,0,0.012027658,0.027462767,0.027240455,0.026948561,0.01926903,0.0304784,0.031488988,0,0.012980023,0.024600446,0.034388738,0,0.022690066,0.036277791,0.009359337,0,0.007241372,0.02367624,0,0.023082016,0,0,0,0,0.012980023,0.005738651,0.007241372
9_progressing_4,0.019120545,0,0.023704709,0,0,0.026592678,0,0,0,0.02319346,0,0,0.025993455,0,0.006584941,0,0,0,0.011390077,0,0,0,0.00764488,0,0.031021871,0,0,0,0.033729266,0.019604016,0.02293464,0,0.009243133,0.020694502,0.010436885,0,0.030313824,0.025872171,0.017402031,0.025662885,0.017754046,0,0.00764488,0.031076944,0,0.006584941,0,0.012535604,0,0.017151972,0.033752704,0,0,0,0,0,0,0.00764488,0,0,0,0.01093735,0,0.01093735,0,0.020508202,0,0,0,0,0,0,0.016608519,0,0,0,0,0,0,0,0,0,0,0.013457851,0.013986176,0,0.01528976,0.033658251,0.034331621,0.031063236,0.02785243,0.032012058,0.025071208,0,0.01858223,0.028657346,0.027429299,0,0.021680795,0.03057952,0,0,0,0.018859009,0,0.01828832,0,0,0,0,0.017278647,0,0.00764488
9_progressing_6,0.036936918,0,0,0,0,0.009260408,0,0,0,0.011685333,0,0,0,0,0,0,0,0,0,0,0,0,0,0,0.020212306,0,0,0,0.042832104,0,0.011685333,0,0,0,0,0,0.024819224,0.024363482,0.019408919,0,0.020212306,0,0,0,0,0,0,0.013566252,0,0.013566252,0.029968691,0,0,0,0,0,0,0.031703856,0,0,0,0.019408919,0,0,0,0.033623889,0,0,0,0,0,0,0,0,0,0,0,0,0,0,0,0,0,0.020212306,0.029968691,0,0.03314209,0.049661766,0.066614655,0.059763578,0.045111809,0.060959962,0.049280721,0,0.030437099,0.048648552,0.0437724,0,0,0.043438054,0,0,0,0.028945718,0,0,0,0,0,0,0.015103074,0,0.011685333
9_progressing_8,0,0,0,0,0,0,0,0,0,0,0,0,0.031981719,0,0,0,0,0,0,0,0,0,0,0,0,0,0,0,0.045568473,0,0.074137565,0,0,0,0.031981719,0,0.108291328,0,0.03611216,0.037843797,0.026451679,0,0,0.088037383,0.026451679,0,0,0,0.066448972,0.08561974,0.045568473,0.031981719,0,0,0,0,0,0,0,0,0,0,0,0,0,0,0,0,0,0,0,0,0,0,0,0,0,0,0,0,0,0,0,0,0,0,0,0,0.05978501,0,0,0.062563839,0,0,0,0.040840316,0.031981719,0,0,0.068352709,0,0,0,0,0,0,0,0,0,0,0,0,0
9_progressing_10,0,0,0,0,0,0,0,0,0,0,0,0,0,0,0,0,0,0,0,0,0,0,0,0,0,0,0,0,0.075729416,0,0.101551461,0,0,0,0,0,0.166255051,0,0.042248373,0,0,0,0,0.05460523,0,0,0,0,0,0,0.149716886,0,0,0,0,0,0,0,0,0,0,0,0,0,0,0,0,0,0,0,0,0,0,0,0,0,0,0,0,0,0,0,0,0,0,0,0,0,0,0.14665497,0,0.11733617,0,0,0,0,0.049048842,0,0,0.096853602,0,0,0,0,0,0,0,0,0,0,0,0,0
9_progressing_12,0,0,0.027885529,0,0,0.030877908,0,0,0,0.059417718,0,0,0.014732506,0,0,0,0,0,0,0,0,0,0,0,0,0,0,0,0.065780249,0,0,0,0,0,0.024027682,0,0.07792801,0,0.032156027,0.041451204,0.027885529,0,0,0.061484895,0,0.014732506,0,0,0,0.029465012,0.056385369,0.033322859,0,0,0,0,0,0,0,0,0,0,0,0,0,0,0,0,0,0,0,0,0,0,0,0,0,0,0,0,0,0,0,0,0,0,0,0.048055365,0.042047306,0.052460639,0,0.05490559,0.029465012,0,0,0.032156027,0.053242031,0,0.030877908,0.059257116,0,0,0,0,0,0,0,0,0,0,0,0,0
10_stable_0,0.016955951,0,0.05771765,0.01917599,0,0.050053611,0.028271654,0,0,0.055384953,0,0,0.039165045,0,0.024840019,0,0,0,0.015016561,0,0,0,0,0,0.036945006,0,0,0,0.031972512,0,0,0,0,0,0,0.03569085,0.042970836,0,0,0.023853531,0,0,0,0.024196565,0,0,0,0,0,0.016955951,0.013826983,0.026246992,0,0,0,0,0,0,0,0,0,0,0,0,0,0.01242001,0,0,0,0,0.027865403,0,0,0,0,0,0,0,0,0,0.041445138,0,0,0,0,0,0,0,0,0.042326101,0.01917599,0.032447554,0,0,0,0.017769017,0.042358055,0,0.01917599,0.043886309,0.008477976,0,0,0.042792056,0.040243586,0.050376159,0,0,0,0,0,0,0
10_stable_2,0.010142761,0,0.029492435,0.016124096,0,0.024024172,0.007085282,0,0,0.02595592,0,0,0.028304342,0,0.011203577,0,0,0,0.012883723,0.007694851,0,0,0.007694851,0.012883723,0.022094054,0,0.006364315,0,0.027239971,0.022379693,0.023220533,0,0.007694851,0,0.004344321,0.029784671,0.032791814,0.011429602,0.015773923,0.031356132,0.010708635,0.008222883,0,0.028319711,0,0.020831066,0,0,0,0.02167248,0.028188718,0.015389701,0,0,0.011429602,0,0.005481922,0,0,0,0,0.027252046,0,0.011846237,0,0.010963845,0,0,0,0.006364315,0,0,0,0,0,0,0,0,0,0.025209214,0.022871391,0,0,0,0.009826243,0,0,0.016685499,0.020871624,0.026119799,0.013032962,0.025894088,0.013944538,0,0.005481922,0.014873181,0.032287753,0,0.01942646,0.030583585,0.009482168,0,0,0.016056498,0.016056498,0.030471248,0,0,0,0.009826243,0.006364315,0,0
10_stable_4,0,0,0.051934239,0.014684905,0,0.044873409,0.018530287,0,0,0.05297415,0,0,0.035800146,0.025291209,0.023368518,0,0,0,0.016026065,0.010756498,0,0,0.019317477,0.020347726,0.029691963,0,0,0,0.027251766,0,0,0,0,0,0,0.032930749,0.046167211,0,0,0.016026065,0,0,0,0.011975024,0,0,0,0,0,0.018530287,0.024485005,0.025588297,0,0,0,0,0,0,0,0,0,0.013005273,0,0,0,0.013005273,0,0,0,0,0,0,0,0,0,0,0,0,0,0.04778567,0.022027357,0,0,0,0,0,0,0,0.025441403,0,0,0.029117577,0,0,0,0.028394343,0.024819244,0.011975024,0.03057457,0.035768546,0.011975024,0,0,0.03404351,0.03527569,0.050561672,0,0,0,0.019678829,0,0,0
10_stable_6,0,0,0,0,0,0,0,0,0,0.038524166,0,0,0.023620984,0,0,0,0,0,0,0,0,0,0,0,0.053427348,0,0,0,0.023620984,0.059612727,0.038524166,0,0,0,0,0,0.096749267,0,0,0.071644884,0,0,0,0,0,0.101063836,0,0,0,0.049507298,0.106854695,0,0,0,0,0,0,0,0,0,0,0,0,0,0,0,0,0,0,0,0,0,0,0,0,0,0,0,0,0,0,0,0,0,0,0,0,0,0,0,0,0.133008103,0,0,0,0,0.080362687,0,0.023620984,0.070051507,0,0,0,0,0,0.029806363,0,0,0,0,0,0,0
10_stable_8,0,0,0.045863784,0,0,0.050425753,0,0,0,0.042295036,0,0,0.031628931,0,0,0,0,0,0.010666104,0,0,0,0,0.01378574,0.035508589,0,0,0,0.030970927,0.019734638,0.036640013,0,0,0,0,0,0.054920105,0.031998313,0.020304822,0.018449329,0.010666104,0,0,0.033810751,0,0,0,0,0,0.019734638,0.061053401,0,0,0,0,0,0.012382964,0,0,0,0,0,0,0,0,0.016905375,0,0,0,0.016905375,0,0,0,0,0,0,0,0,0,0,0.024765927,0,0,0,0,0,0,0,0.032117602,0,0.017716016,0.049580939,0.012382964,0,0.008452688,0.024124392,0.040123548,0,0.041705422,0.041066847,0,0,0,0.039238208,0,0.043408652,0,0,0,0,0.010666104,0,0
10_stable_10,0,0,0.051182461,0.011770186,0,0.015212744,0,0,0,0.057447635,0,0,0.04237074,0,0,0,0,0,0,0,0,0,0,0,0.024540396,0,0,0,0.048255833,0.027329525,0.04106194,0,0,0,0,0,0.064462181,0.024999448,0.021777431,0.021097837,0.011770186,0,0,0.050115684,0,0,0,0,0,0.027982954,0.050389591,0,0,0,0,0,0,0,0,0,0,0,0,0,0,0,0,0,0,0,0,0,0,0,0,0,0,0,0,0,0,0,0,0,0,0,0,0.02698293,0.02829173,0.027982954,0,0.057476929,0.016521544,0,0,0.021097837,0.033214617,0,0.047991861,0.061402618,0,0,0,0,0.022406637,0.055535923,0,0,0,0,0.009327651,0,0
10_stable_12,0,0,0,0,0,0,0,0,0,0.067543875,0,0,0,0,0,0,0,0,0,0,0,0,0,0,0.058179127,0,0,0,0.08166473,0,0.203953542,0,0,0,0,0,0.220203797,0,0,0,0,0,0,0.193266878,0,0,0,0,0,0,0,0,0,0,0,0,0,0,0,0,0,0,0,0,0,0,0,0,0,0,0,0,0,0,0,0,0,0,0,0,0,0,0,0,0,0,0,0,0,0,0,0,0,0,0,0,0.107644177,0,0,0.067543875,0,0,0,0,0,0,0,0,0,0,0,0,0
10_progressing_0,0.008522819,0,0.037231647,0.030682796,0,0.036423211,0.029266554,0,0,0.040333203,0.007655574,0,0.029729106,0.026836722,0.018313904,0,0,0,0.019061584,0.010451485,0,0,0,0.027497122,0.030299553,0,0.017302818,0,0.018608225,0,0.016334364,0,0,0,0,0,0.027393228,0.019231484,0.013476677,0.016773754,0,0,0,0.020276186,0,0,0,0,0.021560106,0.019147293,0.017546803,0.030712759,0,0,0.020342714,0,0,0,0,0,0,0.018000163,0,0,0,0,0,0.01140601,0,0.020662074,0,0,0.023116552,0,0,0,0,0,0,0,0.019707548,0,0,0,0,0,0,0,0.018794785,0.01255314,0,0.018313904,0.013188305,0,0.009891229,0.019554094,0.027891392,0.015497709,0.022966723,0.032688485,0.009891229,0,0,0.03218458,0.016017134,0.038140435,0,0,0,0,0.008522819,0,0
10_progressing_2,0.021718704,0,0.033912299,0.034617295,0,0.037647323,0.01601362,0,0,0.025155059,0.014963899,0,0.037119422,0.014724094,0.025468587,0,0,0,0.014206244,0.01079941,0,0,0.012606786,0.018252293,0.037448709,0,0.015192545,0,0.022224696,0,0,0,0,0.015820849,0.018486386,0.01331013,0.037395337,0.032615832,0.012213374,0.012971028,0,0,0,0.012213374,0,0,0,0,0.033129809,0.012606786,0.017474618,0.022535222,0,0,0,0,0,0,0,0,0,0,0,0,0,0.008806539,0,0.007910425,0,0,0.015820849,0,0,0,0,0,0,0,0,0,0.025991955,0,0,0,0.01079941,0,0,0.015411027,0.019605949,0.015411027,0,0.017185416,0.014724094,0,0,0.017034173,0.022535222,0,0.014471986,0.035657927,0,0,0,0.026138683,0.012213374,0.034330043,0,0,0,0.01859938,0.014724094,0,0.019784697
10_progressing_4,0.021760508,0,0.046000376,0.022173419,0,0.040370203,0.030522345,0,0,0.051196125,0,0,0.028193733,0.028423622,0.023601068,0,0,0,0.013304051,0,0,0,0,0.024210853,0.018492299,0,0.023102278,0,0.033502213,0,0.025028717,0,0,0,0.008869368,0.024632845,0.038927996,0,0.019166384,0.023102278,0,0,0,0.030787856,0,0,0,0,0,0.020332859,0.015341485,0.026995973,0,0,0,0,0,0,0,0,0,0,0,0,0,0.023759049,0,0,0,0,0,0,0,0,0,0,0,0,0,0,0.031042786,0,0,0,0,0,0,0,0.025155413,0,0,0.026087662,0,0,0,0.020060567,0.039185089,0.008869368,0.029067529,0.043751407,0.008869368,0,0,0.042472868,0.014731701,0.048908339,0,0,0,0,0,0,0
10_progressing_6,0.024072988,0,0.042028004,0.019235223,0,0.032469356,0.018029862,0.023007464,0,0.046019847,0,0.009407483,0.024958327,0.01598501,0.025676368,0,0,0,0.021835867,0.008450219,0,0,0.021134772,0.030557858,0.034289826,0,0.017679705,0,0.007278622,0,0.029216048,0,0,0,0.01646265,0.021835867,0.032905411,0,0.018196556,0.024126292,0,0,0,0.017495461,0,0,0,0,0,0.021040167,0.013856149,0.026711998,0,0,0,0,0,0,0,0,0,0.01851486,0,0,0,0.024435229,0,0,0,0,0.024679478,0,0,0,0,0,0,0,0,0,0,0,0,0,0,0,0,0.022526698,0,0,0,0.02313711,0,0,0,0.019747866,0.030650515,0,0.01851486,0.037855919,0.010917934,0.007278622,0,0.032587107,0.020214877,0.035943719,0,0,0,0.017495461,0.005768172,0.005768172,0
10_progressing_8,0,0,0.04581768,0.025532755,0,0.05220487,0.034480711,0,0,0.053676783,0,0,0.031728239,0.019607746,0.021319328,0,0,0,0.012973306,0,0,0,0,0.021690719,0.026709479,0,0.022043987,0,0.037599812,0.015909092,0.0116532,0,0,0,0,0,0.04378624,0,0.0191082,0.047687439,0,0,0,0.02438104,0,0,0,0,0,0.017362057,0.018571618,0.036423087,0,0,0,0,0,0,0,0,0,0.030112559,0,0,0,0,0,0,0,0,0,0,0,0,0,0,0,0,0,0,0.028178881,0,0,0,0,0,0,0,0.020513995,0,0,0.021690719,0,0,0,0.017992066,0.030657218,0,0.02007504,0.045920384,0,0,0,0.043272008,0.037437096,0.053845125,0,0,0,0,0.01003752,0,0
10_progressing_10,0,0,0,0,0,0,0,0,0,0.068898489,0,0,0.035436202,0,0,0,0,0,0,0,0,0,0,0,0.033160665,0,0,0,0.08616455,0,0.060587436,0,0,0,0,0,0.094891332,0,0,0,0,0,0,0,0,0,0,0,0,0.018721684,0.068898489,0,0,0,0,0,0.040863039,0,0,0,0,0,0,0,0,0,0,0,0,0,0,0,0,0,0,0,0,0,0,0,0,0,0,0,0,0,0,0,0,0.043709843,0,0.110057904,0,0,0,0,0.101047378,0,0.067977118,0.081866335,0,0,0,0.023624134,0,0.064095404,0,0,0,0,0,0,0
10_progressing_12,0,0,0.076412431,0,0,0.086720371,0,0,0,0.092381704,0,0,0.06111537,0,0,0,0,0,0,0,0,0,0,0,0.066507064,0,0,0,0,0,0.06244126,0,0,0,0,0,0.075643567,0,0,0,0,0,0,0,0,0,0,0,0,0,0,0.054712907,0,0,0,0,0,0,0,0,0,0,0,0,0,0.039621467,0,0,0,0,0,0,0,0,0,0,0,0,0,0,0,0,0,0,0,0,0,0,0,0,0,0.035510368,0,0,0,0.025605001,0.064462092,0,0,0.069448777,0,0,0,0.069992204,0.038699184,0.080726234,0,0,0,0,0,0,0
5_stable_0,0.076824638,0,0.028297632,0,0,0,0,0,0,0.030992384,0,0,0.030379495,0,0.028297632,0,0,0,0,0,0,0,0,0,0.025711741,0,0,0,0.065143681,0.041509452,0.047251615,0,0,0,0.034077092,0,0.064994753,0,0.019212372,0.019212372,0.011780012,0,0,0.017257406,0,0,0,0,0,0.020865272,0.060342893,0,0,0,0,0,0.026644732,0,0,0,0,0,0,0,0,0,0,0,0,0,0,0,0,0,0,0,0,0,0,0,0,0,0,0,0,0,0,0,0.01486472,0.04980008,0.01486472,0.078251261,0.024689766,0,0,0,0.070753364,0,0.036821371,0.036469777,0,0,0,0.024689766,0,0,0,0,0,0,0,0,0
5_stable_2,0.009115536,0,0.031073507,0,0,0,0,0,0,0.027263939,0,0,0.029064996,0,0.009115536,0,0,0,0.006494039,0,0,0,0,0.007539346,0.025114753,0,0.007539346,0,0.032856399,0.025693306,0.025329674,0.009115536,0.009115536,0.020033867,0.014688094,0.005146404,0.035778569,0.027624975,0.021711197,0.018325711,0.016235097,0.0120154,0,0.036727624,0,0.029121436,0.013793103,0.014479861,0.016654882,0.023975032,0.038168349,0.009741058,0,0,0,0,0.01925722,0.012988078,0,0,0,0,0,0,0,0.016235097,0,0,0,0,0,0,0,0,0,0,0,0,0,0,0,0,0,0,0.008393424,0,0.005146404,0.0120154,0.019179789,0.029232316,0.009741058,0.038072492,0.01268575,0,0.009115536,0.028205236,0.037217308,0,0.028721478,0.033663197,0.009741058,0,0,0.019408344,0,0.024194228,0,0,0,0,0.006494039,0,0.011640443
5_stable_4,0.032388444,0,0.028464726,0,0,0.020327419,0,0,0,0.020091411,0,0.023265509,0.030592479,0,0.018057989,0,0,0,0.007360257,0,0,0,0,0.009512995,0.049934009,0,0,0,0.033653519,0.014011556,0.005832866,0,0,0.013618094,0.010331427,0,0.037722417,0.029186134,0.010331427,0.01437786,0,0,0,0.01534586,0,0,0,0,0,0.014011556,0.033284534,0.012225123,0,0,0,0,0,0.010331427,0,0,0,0,0,0,0,0.017498598,0,0,0,0,0.012731153,0,0,0,0,0,0,0,0,0,0,0,0,0.011665732,0.011040386,0,0.015042389,0.025883902,0.030175849,0.029378443,0.025843217,0.031607575,0.023710861,0,0.01563292,0.02732961,0.028313022,0.01563292,0.023062581,0.042289654,0.010331427,0,0.010331427,0.023524551,0.014011556,0.030211845,0,0,0,0,0.017298223,0,0.013193123
5_stable_6,0.010325023,0,0.027164411,0,0,0,0,0,0,0.036952246,0,0,0.031965274,0,0,0,0,0,0,0,0,0,0,0,0.050386718,0,0,0,0.040576795,0.040061694,0.04409042,0,0,0.038161023,0.027672548,0,0.05976881,0.037831227,0.02164025,0.040322773,0,0,0,0.044994003,0,0.037997572,0,0,0,0.033936278,0.059077327,0.02164025,0,0,0.027672548,0,0,0,0,0,0,0,0,0,0,0.013028729,0,0,0,0,0.027672548,0,0,0,0,0,0,0,0,0,0,0,0,0,0,0,0,0,0,0,0.038634985,0.037134742,0,0,0.010325023,0.010325023,0.050163471,0,0.025450909,0.055027379,0,0,0,0,0,0,0,0,0,0,0,0,0
5_stable_8,0.011979206,0,0.024082781,0,0,0.006763161,0,0,0,0.017441528,0,0,0.02870857,0,0.006763161,0,0,0,0,0,0,0,0,0,0.044285006,0,0,0,0.030721572,0.031724148,0.034509845,0,0,0.024889404,0.014761669,0,0.039328585,0.02870857,0.01103024,0,0,0,0,0.021887057,0,0.015790069,0,0,0.025101704,0,0.034232079,0,0,0,0,0,0.031007954,0.008534158,0,0,0,0,0.032647644,0,0,0.01103024,0,0,0.019302397,0.008534158,0,0,0,0,0,0,0,0,0,0,0,0,0,0,0.009907851,0,0.020289482,0.029102244,0.018742366,0.034554944,0.008534158,0.050338097,0.019302397,0,0.01103024,0.038799515,0.043401217,0,0.026496229,0.040105184,0.006763161,0,0.006763161,0.026241458,0.009907851,0,0,0,0,0,0.008534158,0.027421381,0
5_stable_10,0,0,0,0,0,0,0,0,0,0,0,0,0.044551018,0,0,0,0,0,0,0,0,0,0,0,0.044551018,0,0,0,0.129361786,0,0.131038868,0,0,0,0,0,0.202071441,0,0,0.044551018,0,0,0,0,0,0,0,0,0.152486775,0.104704687,0.089102036,0,0,0,0,0,0,0,0,0,0,0,0,0,0,0,0,0,0,0,0,0,0,0,0,0,0,0,0,0,0,0,0,0,0,0,0,0,0,0,0,0,0,0,0,0,0,0,0,0.057581355,0,0,0,0,0,0,0,0,0,0,0,0,0
5_stable_12,0,0,0,0,0,0.056377059,0,0,0,0,0,0,0.064285707,0,0,0,0,0,0,0,0,0,0,0,0.100961442,0,0,0,0.037955219,0,0.063549577,0,0,0,0,0,0.111829532,0.05147514,0,0,0,0,0,0,0,0,0,0,0,0.037955219,0.040559765,0,0,0,0,0,0,0,0,0,0,0,0,0,0,0,0,0,0,0,0,0,0,0,0,0,0,0,0,0,0,0,0,0,0,0,0,0.057431647,0,0.056377059,0,0.062784572,0,0,0,0,0.056377059,0,0.048468412,0.10213745,0,0,0,0,0,0.05147514,0,0,0,0,0,0,0
5_progressing_0,0,0,0,0,0,0,0,0,0,0.053891124,0,0,0.035740281,0,0,0,0,0,0,0,0,0,0,0,0.023826854,0,0,0,0.059021455,0.030795762,0.081098925,0,0,0,0,0,0.057875201,0,0,0.045358644,0,0,0,0.033445218,0,0.047653707,0,0,0.079491451,0.018882335,0.073975868,0,0,0,0,0,0,0,0,0,0,0,0,0,0,0,0,0,0,0,0,0,0,0,0,0,0,0,0,0,0,0,0,0,0,0,0,0.056647004,0,0,0,0.085655449,0,0,0,0,0.041213686,0,0,0.080944776,0.023826854,0.070655405,0,0,0,0,0,0,0,0,0,0,0
5_progressing_2,0,0,0.087520712,0,0,0,0,0,0,0.119472419,0,0,0,0,0,0,0,0,0,0,0,0,0,0,0.065196092,0,0,0,0.125116391,0.076676553,0.092250732,0,0,0,0,0,0.116856933,0,0.055097089,0,0,0,0,0,0,0,0,0,0,0,0,0,0,0,0,0,0,0,0,0,0,0,0,0,0,0,0,0,0,0,0,0,0,0,0,0,0,0,0,0,0,0,0,0,0,0,0,0,0,0,0,0,0,0,0,0,0.045570112,0,0.080220461,0.136022507,0,0,0,0,0,0,0,0,0,0,0,0,0
5_progressing_4,0,0,0.047001005,0,0,0,0,0,0,0.065704585,0,0,0.055277471,0,0.048946502,0,0,0,0,0,0,0,0,0,0.032852292,0,0,0,0.068734175,0,0.081798795,0,0,0,0,0,0.113894991,0,0,0.099357461,0,0,0,0,0,0,0,0,0,0,0.076774658,0,0,0,0,0,0,0,0,0,0,0,0,0,0,0,0,0,0,0,0,0,0,0,0,0,0,0,0,0,0,0,0,0,0,0,0,0,0.066505169,0,0,0.062145635,0,0,0,0,0.052356457,0,0.036573891,0.092076914,0,0,0,0,0,0,0,0,0,0,0,0,0
5_progressing_6,0.014794396,0,0.028495353,0,0,0.012675519,0,0,0,0.025009717,0,0,0.025754315,0,0,0,0,0,0,0,0,0,0,0,0.014664195,0,0,0,0.030460063,0.021705588,0.024588055,0,0.011987871,0.012458488,0.016199718,0,0.031297912,0.030829278,0.015501234,0.016011634,0.01394532,0,0.007581279,0.030024089,0,0.006809841,0,0.010145956,0.01288196,0.027873191,0.031227282,0,0,0,0,0,0.013078795,0.021655216,0,0,0.016011634,0,0,0.010852794,0,0.019569149,0,0.005865678,0,0.006809841,0,0,0,0,0,0.00464844,0.005865678,0.005865678,0,0,0,0,0,0.011731356,0.017462699,0,0.014247676,0.02832074,0.030434688,0.026573563,0.023027916,0.037516809,0.020429524,0.011987871,0.014247676,0.024091276,0.0274635,0,0.022396991,0.025597586,0.010514118,0,0,0.02690858,0.00464844,0.017727235,0,0,0,0,0.00929688,0.00464844,0.007581279
5_progressing_8,0.021310939,0,0,0,0,0,0,0,0,0.051224625,0,0,0,0,0,0,0,0,0,0,0,0,0,0,0,0,0,0,0.061033683,0.055509173,0.04443251,0,0,0,0,0,0.092027292,0.078114363,0,0,0,0,0,0.060137939,0,0,0,0,0,0,0.094713734,0,0,0,0,0,0,0.035396704,0,0,0,0,0,0,0,0,0,0,0,0,0,0,0,0,0,0,0,0,0,0,0.062419539,0,0,0,0,0,0,0,0.055509173,0.065310389,0,0.081977717,0,0,0,0.021310939,0.081371822,0,0,0.021310939,0,0,0,0,0,0.01688852,0,0,0,0,0,0,0
5_progressing_10,0.008755528,0,0.029415638,0,0,0,0,0,0,0.034854166,0,0,0.030992845,0,0.005976578,0,0,0,0,0,0,0,0,0,0.029769783,0,0,0,0.038955827,0.027677111,0.032975025,0,0,0,0.013518179,0,0.040709712,0.028657756,0.020945247,0.024599051,0.014732105,0,0,0.033797294,0,0.034073609,0,0.009747378,0.034434412,0.024232163,0.041239881,0.013518179,0,0,0.012526328,0,0.024232163,0.007541601,0,0,0,0,0,0,0.007541601,0.019930198,0,0,0,0,0,0,0,0,0,0,0,0,0,0,0,0,0,0,0.007541601,0,0,0.021389585,0.022539131,0.02643794,0.009747378,0.046330159,0.016297129,0,0.009747378,0.021598846,0.045049401,0,0.029114725,0.043436398,0,0,0,0.017929733,0.009747378,0,0,0,0,0,0.007541601,0,0.02020226
5_progressing_12,0.021840996,0,0,0,0,0,0,0,0,0.013391745,0,0,0.069239555,0,0,0,0,0,0,0,0,0,0,0,0,0,0,0,0.060237099,0.035232741,0.06363453,0,0,0,0,0,0.073003595,0,0,0,0,0,0,0.050110286,0,0.013391745,0,0,0,0.019618552,0.050503536,0,0,0,0,0,0.031265943,0,0,0,0,0,0,0,0,0,0,0,0,0,0,0,0,0,0,0,0,0,0,0,0,0,0,0,0,0,0,0,0.032169296,0.040618547,0,0.091872455,0,0,0,0.023720045,0.080367182,0,0.013391745,0.060323859,0,0,0,0.073887293,0,0.05294965,0,0,0,0,0,0.029229605,0
