"SampleID","M50_hu.MIP.1b..73.","M48_hu.MCP.1..67.","M30_hu.IL.10..27.","M29_hu.GRO..26.","M47_hu.IP.10..65.","M52_hu.TNF.a..75.","M32_hu.IL.12p40..29.","M21_hu.Eotaxin..14.","M15_hu.TRAIL..56.","M46_hu.IL.8..63.","M20_hu.EGF..12.","M24_hu.FIt.3L..19.","M31_hu.MCP.3..28.","M44_hu.IL.6..57.","M34_hu.IL.12p70..33.","M39_hu.IL.17A..39.","M28_hu.IFNy..25.","M49_hu.MIP.1a..72.","M43_hu.IL.2..48.","M37_hu.IL.15..37.","M33_hu.MDC..30.","M25_hu.GM.CSF..20.","M53_hu.VEGF..78.","M58_hu.RANKL..42.","M36_hu.IL.13..35.","M27_hu.IFNa2..22.","M59_hu.GDF.15..28.","M17_hu.ENA.78..66.","M11_hu.SCF..38.","M1_hu.Granzyme.B..19.","M61_hu.Periostin..47.","M45_hu.IL.7..61.","M55_hu.MMP.2..21."
"Sample1",0.177794996255303,0.307125652285009,-0.704066595219608,1.85110872740345,0.584490414503162,-0.799903268607777,-0.247268597525225,-0.15910107754271,0.391812756744656,1.81585517478729,0.24116088983589,-0.98958409489051,-0.835819135696273,-0.858140518284963,-1.00281046699612,-1.01184383433611,-1.01184383433611,0.183620048692562,-1.01184383433611,-0.701733997898822,-0.309404891750564,-0.906315847830275,0.687688928067325,-0.940177475268722,-0.271309894613761,-0.194842702218555,0.93749620210506,0.266874890682975,-0.230235715380179,0.923839736317916,2.72228287519728,-0.885049595986874,1.98014408584138
"Sample2",-0.781556411222274,0.387723539148067,-0.78611050801575,1.81453907698337,-0.564434339915677,-0.515822581764181,-0.78611050801575,-0.750864245520405,0.289173402208705,1.64485599010809,-0.185899238155159,-0.768154785925992,-0.612352397306856,-0.526196146911658,-0.790709473247716,-0.790709473247716,-0.790709473247716,0.149521343163425,-0.790709473247716,-0.790709473247716,0.332373130252448,-0.431572193225508,0.714598300599255,-0.718093514547851,-0.233817295546339,-0.53949594123734,1.11972368552824,0.63808681936042,-0.277886906759492,0.542027817373831,2.83499874397071,-0.547661593734919,2.51195412534717
"Sample3",-0.939096252615704,0.51760868101416,-0.699351283634809,1.79534468038552,-0.144261656194666,-0.534216834099819,-0.943416356517056,-0.198923624756965,0.401399870507978,1.76820946800232,0.103948137081317,-0.926383212829229,-0.778586067217908,-0.672653453999302,-0.947779023483041,-0.947779023483041,-0.947779023483041,0.20875151638538,-0.947779023483041,-0.947779023483041,0.00268534886884233,-0.56084652855864,0.946506938027627,-0.878894126936907,-0.259439664384368,-0.162486744143509,1.4195823926422,0.452489206011586,-0.451192173620703,0.762471345193077,2.51244507981414,-0.176857493990449,2.17405792698109
"Sample4",-0.645000373236972,-0.645000373236972,-0.205850197773131,1.95128657195638,-0.397198290891483,-0.520065207357947,-0.649167164466807,-0.616918438954328,0.392117046410646,1.62770985799366,-0.579756514062709,-0.632738496232056,-0.490186403923523,-0.653375008275117,-0.653375008275117,-0.653375008275117,-0.653375008275117,0.0440342284714746,-0.653375008275117,-0.653375008275117,-0.0021594029168595,-0.653375008275117,-0.2645786662431,-0.586934712080682,-0.143844019532392,-0.0752678484926273,1.08811151292646,-0.318943398648499,0.0254620540988336,1.33962050374788,2.94770944366739,-0.653375008275117,2.5845583549783
"Sample5",-0.737801451587912,0.225075058566409,-0.742523625520889,1.50640698470314,-0.512666099421747,-0.714857867922126,-0.742523625520889,-0.705976536265162,0.400979667833211,1.55105045363314,0.122343500156925,-0.723905215187252,-0.56235265897307,-0.747292323842842,-0.747292323842842,-0.747292323842842,-0.747292323842842,-0.632623508272025,-0.747292323842842,-0.747292323842842,0.41723966467923,-0.747292323842842,0.673819534386583,-0.671996342479011,-0.210774419139885,0.355071141711813,1.26606030106212,0.596188530236662,-0.351073661979175,0.587450943990286,2.96155967268123,-0.61407645056528,2.49095227609358
"Sample6",-0.00762242205571683,-1.18979701456776,-0.848578161667849,1.76246888706872,0.578139784266856,-1.0245580971809,-0.0387800018226903,0.0233232370274132,0.266221122221797,1.46854818111181,-0.0246419453537622,-0.518347050099529,-0.0125071209940477,-0.988503805104621,-0.690568168057392,-1.03207517926894,-0.843263098223995,-0.0263185912026883,-0.92924523736646,-0.723210372322087,0.321050103145022,-0.896064878176608,0.678052893798781,-1.11825895266937,-0.494647214860642,0.143887129733187,1.05818160090142,0.582205753372641,-0.42694694484282,0.74983593775042,2.63705588534253,-0.797699251944466,2.36266299204174
"Sample7",-0.748791181436966,0.52909983977988,-0.75348477134527,1.52929159084755,0.399258298301331,-0.651826259568743,-0.75348477134527,-0.717158907083757,0.0973781251816827,1.21088460796599,-0.0298894594665812,-0.734979061032406,-0.57440440658938,-0.704214023473226,-0.758224604023469,-0.758224604023469,-0.758224604023469,-0.26939412411507,-0.758224604023469,-0.758224604023469,0.399258298301331,-0.597714322675929,0.654285051704556,-0.683384400489851,-0.758224604023469,-0.203432369311987,1.05598778399237,0.856127698187054,-0.24093882104815,0.597462882264245,2.91224944945472,-0.758224604023469,2.72938548116615
"Sample8",0.142985362484006,0.196715791886324,-0.760297144516413,2.41035682982423,-0.092978601957688,-0.548097135583085,-0.804206178883435,-0.768756553286612,0.236974506818369,1.93290757451449,-0.727906060656901,-0.786146856267694,-0.629445522491706,-0.808831679122717,-0.808831679122717,-0.808831679122717,-0.808831679122717,0.359340374011316,-0.808831679122717,-0.808831679122717,-0.092978601957688,-0.610788054560055,0.705161386040166,-0.735796742479304,-0.248726357319567,-0.0970434283167637,0.547894740346619,0.494306114980971,-0.328439107186464,1.17766639822593,2.79241749154953,-0.616925193942937,1.70479504346067
"Sample9",-0.17139658852323,0.198575162783093,0.129147413629437,2.1107709470972,0.0667613296380644,-0.324868604100544,-0.66738363319189,-0.429385932443091,0.238620287901359,1.71606935877842,-0.232662498019196,-0.650766989822199,-0.312141744438259,-0.406225293764716,-1.00733549472441,-0.790634608210396,-1.00733549472441,-0.182859294706309,-1.00733549472441,-0.960530664796313,-0.316994445778548,-0.816349875078733,0.888317835637321,-0.936903423702546,-0.256781751368698,-0.320914407265087,1.2713208902052,-0.652811023426949,-0.652811023426949,1.3163262653535,2.57455761279529,-0.553835479710762,2.14779666212876
"Sample10",-0.0515047174764808,-0.936517709528068,-0.801869023950297,1.96312973465632,0.41892995401379,-0.82746998735518,0.0342959591728824,0.112048727935581,0.10879719251699,1.62526427686878,0.0311148778427508,-0.564464429902936,-0.202111835704799,-0.846621766353795,-0.598357752265163,-0.946017561342309,-0.946017561342309,-0.0637706113476247,-0.941244351231738,-0.560119316203309,-0.702387051659068,-0.891626643632069,0.783271112351518,-0.870650340506237,-0.357947303956814,-0.21149919585192,1.55653089833602,0.0916408770939126,-0.359374336080696,0.9601762298372,2.66615772473106,-0.812675649087174,2.14088957942118
"Sample11",-0.259848341051332,-0.857320603584981,0.154544834149223,2.00609026163709,-0.646961845240302,-0.478541743880913,-0.274131130827388,-0.827584493252664,0.231894101584751,1.69386228985374,-0.788233532324684,-0.370835357989058,0.0869341124133139,-0.585195456443777,-0.866188549396004,-0.866188549396004,-0.866188549396004,-0.155662767083978,-0.866188549396004,-0.75904593748613,0.356134747938537,-0.76259302065698,0.592229161560222,-0.795834564579131,-0.0741392211110135,-0.0165752110003264,1.06675376129142,-0.512057130157628,-0.617601931557885,1.1696491117938,2.80547953691126,-0.227086775830051,2.31043134250888
"Sample12",0.0183600102036693,-0.894452194682443,-0.623907024763785,1.98010965603219,0.28121054168757,-0.818117429362881,-0.0749360980371302,0.132355947539639,0.153052724998226,1.61349145604025,0.0544982741510912,-0.880105901937135,-0.713321155450572,-0.848151051978058,-0.904250447090632,-0.904250447090632,-0.904250447090632,0.258074573168472,-0.904250447090632,-0.567882585880803,-0.65296724026905,-0.848151051978058,0.562886852115005,-0.826515860541757,-0.288967027659491,-0.146660067339978,1.15453393756444,0.482741618575796,-0.146660067339978,0.968483665156366,2.95186559919398,-0.644070360457097,1.98020204961404
"Sample13",0.0725366347702635,-1.09589085436504,-0.182755052445925,1.86314058465401,0.459164597433828,-0.674628457601172,-0.0671922984529973,0.111457665361288,0.26982528112005,1.88230069914397,-0.0835776444687989,-0.701653851104828,-0.0240378969431979,-0.800831259081954,-0.7375680670797,-0.812176780005448,-0.992420856373339,-0.192096920122791,-0.976376928170813,-0.727742620337536,-0.323198283317366,-0.889403760358755,0.726440592521672,-1.0260961351733,-0.351631015770623,-0.256865641166231,1.225269735447,-0.0064281825818294,-0.608827936668178,1.04269958915824,2.78357757154994,-0.896114495194688,1.99110198562424
"Sample14",0.0708729147048192,-1.16384690382949,-0.790557659764052,1.88765065835546,0.264292851459049,-1.01639378312675,-0.0206076884180079,0.0127152346299086,0.230973400449923,1.88867279975906,-0.144617246319777,-0.520618622475094,-0.0360396285710075,-0.888092742936988,-0.58929578063159,-0.785911814281165,-0.77674664051752,0.0523688830744439,-0.914246366601442,-0.54439335164268,0.283497866953678,-0.816904641914005,0.960557953382931,-1.09531565497796,-0.685601122406718,-0.226766996722222,1.30621427052471,-0.321269436988601,-0.401893539370153,1.19136033021478,2.71989415117104,-0.865932221462654,1.73598052827808
"Sample15",0.0808960913732342,1.11649032905496,-0.538242260705171,2.43169823902777,0.965324428756744,-0.312108904743896,0.196984125914966,0.0287731760881125,0.0998912362102033,2.285109374603,-0.25131337658348,-0.626832553416791,-0.178497393646022,-0.273175700288539,-0.697675836544457,-0.890898431241758,-0.911072668868828,0.103293341531703,-1.12398002649299,-0.771089597984238,0.153637687398824,-0.528292970549757,0.857731437224661,-1.74749972335456,-0.986126570669861,-0.221938054194574,0.840397124535821,-0.0232801481522341,-1.17514255122874,1.00934157787502,1.71966218522264,-1.3940879246725,0.762024338520735
"Sample16",0.0047012144026775,0.780950208098662,0.278025276746762,2.77369249302403,0.0773120049574444,-0.273547826549514,0.166595298298022,-0.218988081949679,-0.0384918335042975,2.72548807306017,-0.499606866828535,-0.525568043483599,-0.410011280744282,0.232431695761458,-0.676727560737384,-0.705060785507248,-1.01165752612918,0.482815775287899,-0.929093584717733,-0.800834293733969,0.147482164895295,0.35320821935559,1.1175832906316,-1.71407492829972,-0.890396152257442,-0.343551035311411,0.234548968089119,-0.0957010840142313,-1.29712389688491,0.529785296470572,1.83094927736937,-0.868409195314654,-0.436725280480882
"Sample17",0.0975167602117032,0.756014609874661,-0.250243202384438,2.69753900451567,0.444940732319958,-0.790318807612372,0.0680693528658072,-0.330301120203757,-0.156503855036599,1.9168501662354,-0.209602471856063,-0.551011506786201,-0.245897662337124,0.109969818392668,-0.927818012067956,-0.682686348749029,-1.19102458565926,0.0871508337480974,-0.992131661158398,-0.674008575383459,0.255230438927228,-0.293718315384114,0.616127207851559,0.984492372933904,-0.799082771336661,-0.547887671459391,0.826062443501262,-0.643554312283455,-1.50830911651461,0.81044619125302,2.63699877354084,-1.12174146510547,-0.39156724485343
"Sample18",0.0146330729029075,0.564623915657966,-0.228418246334032,2.5810224837135,0.332809775081576,-0.302937002466842,0.0619386944704722,-0.0660643532167536,0.542273943066485,2.32491726822533,-0.200042031850637,-0.730003340303004,-0.11805224425822,0.643435202482529,-0.751375900804382,-0.597154463812369,-0.977848635524281,0.0861284421699642,-1.06415653644363,-0.661964371380852,-0.0129338390710537,-0.40043984539153,0.865711653253042,-1.57528022108646,-1.01671050768582,-0.324876849448895,0.596216784264104,-1.22395957958759,-1.02730816973752,0.588409482132992,2.03422093198597,-1.13512394052189,1.17830842951893
"Sample19",-0.266845098875707,0.848653087266911,-0.40920275231062,2.31641607792791,-0.133033168691583,-0.251047065054651,-0.592253914409105,-0.158597421664681,0.234853994597469,2.16468606297897,-0.110337922455101,-0.743410340164727,-0.292453744196314,0.567437187959238,-1.47578076258735,-0.739963274455882,-1.29441505721668,0.407041679044428,-1.47578076258735,-1.13816674880393,0.00177460787065861,0.0138917055345505,0.330270510914439,-0.584635346283114,-0.654858436769297,-0.326420518975627,1.0401557917866,0.406692615492355,-1.12565871651274,0.527080840155522,1.82661050490107,-0.827300493364806,1.91459687894913
"Sample20",-0.00465580100552638,0.279343252148259,-0.244722170033596,2.76422360357853,0.374593079436727,-0.629660675257795,0.106882302679843,-0.0381179525551197,0.529501052916447,2.03675949583378,-0.12203778888108,-0.694834821637732,-0.0485595817447156,-0.651928371992469,-0.630653852591729,-0.778880761124933,-0.841891329661586,0.143201169924273,-0.927920945307449,-0.640683781596657,0.33689908873594,-0.677275575273538,0.993654656847917,-1.50516808213623,-0.695950784497602,-0.370604084511311,1.38288611219995,-1.15399678916937,-1.20154325064454,1.11327482570802,1.76925572373765,-0.936439451898561,0.965051487774219
"Sample21",0.379847278945034,-0.469951807883518,-0.529409026900229,2.98436065250782,0.619905104182073,-0.822869840854018,0.38232629279,0.144842438572452,-0.040418549277089,2.14392783012351,-0.115330864944208,-0.338558919761183,-0.000376547830764395,-0.64928558663038,-0.772261672707343,-0.926080338051099,-0.983260098704435,0.137691310298113,-0.890558750295394,-0.625793606990778,0.496425571042612,-0.670556045450579,1.14097614991328,0.610586709876766,-0.742293944947178,-0.202952033326014,1.03839051288215,-1.09718417395093,-1.22072367080704,0.306673134504998,1.9945858183145,-1.28062999108496,-0.00204333355616929
"Sample22",0.325550895517267,0.279278665826086,0.00487134285289362,2.36362288024629,0.707517022788269,-0.112131426447593,0.0558748699607118,0.0153904125558767,0.32743077637614,2.55090681757491,-0.144557474946127,-0.922879097140735,-0.289933712303895,-0.805061321154988,-0.875223529803288,-0.982668273242235,-1.29796901240351,0.359956777687962,-1.19356121557312,-0.778529058435888,0.220078856857387,-0.754461151386953,0.784976923213868,-1.38960645569305,-0.535150524729834,-0.30841182418656,-0.175532664703719,0.91279497204117,-0.935186384987474,1.45415497468012,1.76432056646696,-1.09037412329941,0.464510495792464
"Sample23",0.113357159157,-0.114162205083327,-0.221986605484989,2.56123397433379,0.24149973322551,-1.08394487740071,0.234421095919946,-0.112380387412463,0.147827804459063,1.85500560117447,-0.306657773766931,-0.334960880771471,-0.135623588090968,-1.01655484637791,-0.59176300382165,-0.841894312814521,-1.00954037843417,-0.0986718782289278,-0.803109680962908,-0.722145537124875,0.185376978889142,-0.74896241952971,1.20901998988307,-1.57987761429553,-0.687605361038909,-0.230693908432651,1.09377991438025,-0.0203283003867998,-1.02724268744269,1.22202767000743,1.95422954931443,-0.803109680962908,1.67343645712091
"Sample24",0.189012721535035,0.177526129041959,-0.0117094794925744,2.34013441342775,0.550733834187207,-0.643538732980354,0.134524111829447,-0.288381786331348,0.291361701868192,1.76354533741212,-0.0807780463096825,-0.625405564845287,-0.287339546719633,-0.87711294506873,-0.930916751176999,-1.02784652258232,-0.831228346176125,-0.020724470054242,-0.996846794203904,-0.691812038843127,0.269615586513674,-0.916940917938103,0.710236726588032,-1.41626414910685,-0.146590049250584,-0.00741211935246087,1.15237466220741,0.676707615568829,-1.49806127581677,1.37275286110799,2.6622536855876,-0.784988924017852,-0.206880926608308
"Sample25",0.0547840395837302,0.29186980792283,0.145854471617597,2.880054314606,0.541544073979752,-0.672082880363891,0.0517096899771817,-0.0750978392523893,0.624365246879681,2.17906106414899,-0.143811419613042,-0.681551441718063,-0.0870959061889507,-0.00695942495823258,-0.674649520686254,-0.849057421412245,-0.917222816950098,-0.0639308954333052,-1.00389257123697,-0.679818042461978,0.239605761765535,-0.963882762670381,0.92807695582438,-1.64662239906015,-1.05194596056702,-0.289862476808755,-0.0742081702209684,0.226879572511827,-1.04695251653119,0.956468455054774,1.90866610481381,-1.11185554082313,1.01156044827092
"Sample26",-0.275885008303449,0.102323686837762,-0.146153202168294,2.32206017881195,0.386794931210444,-0.729103287990401,-0.103145030861292,-0.146999403726479,0.842497930092884,1.8800235447975,-0.198095006573586,-0.800173438200136,-0.137349202690639,-0.606470595575984,-0.873867656794305,-0.901507327692306,-0.860573314332367,-0.214202244157173,-1.15947528922003,-0.849209784097599,0.0821594351551377,-0.915890757232875,0.908809438770478,-1.38773218054676,-0.580769870612064,-0.46130069081761,1.07643373966056,0.435923494412522,-0.828735204183754,1.47510226226463,2.22691836645367,-0.928806719817826,1.36639820712739
"Sample27",0.297752073503845,0.521818798674449,0.0229627215411348,2.81517905087029,0.669024474594999,-0.537075678440471,-0.0981365079665825,-0.0643497805222043,0.54181344246324,2.50679441396935,-0.153750271289578,-0.785970972253941,-0.101309286605127,-0.669696040563913,-0.812907165390009,-1.02396503229978,-1.11451480361533,0.362820900530922,-1.04633083769829,-0.789931461884148,0.0643212264152048,-1.08271281945946,0.754441602507208,-0.0752651824351057,-0.96167785508376,-0.204299227993494,-0.193452068045084,0.276777915103226,-1.14571645031479,1.41898943610983,1.81572539250477,-0.991032415615022,-0.216327591312376
"Sample28",0.114417172245414,0.806198086299333,-0.28684886308109,2.46348872734518,1.29336777274039,-0.692459800605856,0.0294215874516487,-0.253671427450556,0.0547168407087962,2.03046335475107,-0.520690097314105,-0.58803660920643,-0.252588325829748,-0.931895520783954,-0.862914670724163,-1.11699163718358,-1.170848491027,0.132392057887113,-1.02637539800168,-0.811042996482615,0.0967504830102395,-0.937089163802466,0.620384055856725,0.278136805116776,-0.875549106130031,-0.420854477741524,0.438880650502721,0.273055360023156,-1.16281295466752,1.57001360236592,1.84781456350674,-1.16481049583369,1.02597891605479
"Sample29",0.292926591567204,0.18867008806317,-0.146755588910908,2.19838200191891,0.862654926713962,-0.60859753455171,-0.509873822107948,-1.06731191824633,0.602421320024502,1.86709272199037,-0.832208229415744,-0.671801254891827,-0.0698049152867898,0.621924282364972,-1.10475567445993,-0.974239928374152,-0.946131243897559,-0.0354833979080147,-1.10475567445993,-1.05550875642887,0.0605750342145498,-0.787861637857341,0.671570165289297,-1.03651627893224,-0.364521458375184,0.106273710972018,-0.651247764790939,1.156477809111,-1.10475567445993,1.26208812656415,1.98316189083124,-0.45129924697121,1.64921133070119
"Sample30",0.614738285397594,0.315346160990226,-0.199630125816563,2.14636412952942,0.653619707808116,-0.675632741947572,-0.333603060484096,-0.25540262513699,0.128386306153346,1.96748402415761,0.414530892481071,-0.736285651646437,-0.48991124181548,-0.334196213532806,-0.920631255243554,-0.940565280866966,-1.12532277403725,0.342518412944858,-1.17951550687032,-1.00103794288274,-1.02222881443766,-0.86560838539068,0.540991908380551,0.0644503878615762,-0.413099499361565,-0.457607195079599,-0.579396405332365,1.23682082140862,-1.00886878198607,1.30377530848934,2.20472104033725,-0.973430533684625,1.57822664961375
"Sample31",0.809247303403803,0.416478126363829,0.0307360847898027,2.09057568183054,0.480076965069515,-0.439359163448105,-0.486802463731848,-0.346834722479119,0.148223124927104,2.26518178236921,0.185663918155994,-0.71389894128184,-1.03445814812979,-0.0440419062255045,-1.00929964356714,-0.861659814762,-1.12029867599702,0.572728702247139,-1.19729538739027,-0.919116144741301,-0.115030927909067,-0.696610297156578,0.651444631837254,-1.13099814530687,-0.314269741487558,-0.372241336087256,-0.747784845883612,0.786378662004042,-0.908271459495124,1.2388843883145,2.18207513977582,-0.863583850059481,1.46416110405093
"Sample32",0.553096528506314,0.309105106748749,-0.00604493009059109,2.18692664490328,1.15388794224893,-0.597036170118203,-0.617458222072185,-1.13898511717069,0.716141682727356,1.7983154653687,0.517387184127679,-1.15418680209599,-0.313067919633453,0.342930417192012,-1.15033326626141,-0.827449452707791,-1.09649217094816,0.194385072776907,-1.1740166768258,-1.00897106844568,-0.0170469490304349,-0.521713909733139,0.654796344566013,-1.11017339033445,-0.555393248793518,-0.0410040613755183,-0.696915290284474,0.812716866663148,-1.1740166768258,1.18364527047393,1.89833289723901,-0.581400047530506,1.46003794673576
"Sample33",0.36439987010286,0.324020891612505,-0.149662288898767,1.97225541059054,0.866365889131822,-0.592061237834598,-0.148971690346448,-0.408206457915703,0.304807468547328,1.54195374330414,0.58207748995927,-0.740719767834114,-0.547498690783538,-0.417476823869455,-1.03576397393543,-1.09866550158935,-1.28787297052984,0.0530567049510235,-1.14604853799061,-0.897650458946802,0.11256516655611,-0.809440384816831,0.591450790159741,-1.23932430705372,-0.076143910230077,0.0891211072460444,-0.92363143583278,1.57917384841564,-1.30974616500626,1.38602423209137,2.37214070850475,-0.446484493134802,1.135955775376
"Sample34",0.485220233033001,0.626472143534598,-0.394836192012794,2.01451472168007,0.867665893537464,-0.669379862386696,-0.234031641734343,-0.405171409577667,0.493213083871041,1.79678449193955,1.13098210200917,-0.825036073900261,-1.09951477989469,-0.549448639060634,-1.26780420684956,-1.0906761734192,-1.21835692207249,0.155816460917562,-1.14990595440907,-1.01822175616068,-0.187376218540775,-0.88843217613673,0.751343001533423,0.145542777566419,-0.458742958192877,-0.0316340996095621,-0.834716517396781,1.2933109632427,-1.15663039751769,1.24567549395121,1.83222942832313,-0.598135972113931,1.23928115584709
"Sample35",0.490260163035007,0.322703539355081,0.0548654034537101,1.7953945288425,0.761779643496993,-0.726530206370329,-0.246376784483556,-0.47410186687506,0.301874772817396,1.64660807825562,0.532347205947996,-0.758092933684906,-0.608632842991705,-0.215593061679713,-1.1266608092016,-0.980303435470677,-1.20581716857534,0.132764169159242,-1.20581716857534,-0.95220102439111,-0.0587778559637298,-0.734537531514996,0.822867231102383,-1.14063001166413,-0.392190190863938,-0.0481687511093304,-0.832785583727525,1.63282081171382,-1.19760048864502,1.05276446896883,2.11433389468807,-0.61770981688957,1.86114362184094
"Sample36",0.541550105005383,0.0233388005775179,-0.15438001951351,2.5119496673706,1.08435236644808,-0.343959981729578,-0.385845372859011,-0.116717247375738,0.36324771010575,2.39995005852004,-0.151523449958742,-0.724098373129956,-0.0495143752881367,0.0557447810443914,-0.940735082585656,-0.980593628994188,-1.00453283377753,0.158892321907643,-1.17975854075183,-0.85737672520407,0.0126058113392133,-0.915106495928445,0.692322879244698,-1.20788131314081,-0.620761219985494,-0.0752147124744097,-0.716485177961151,1.3246034427827,-1.26021669491088,1.21399556952262,1.56794193319312,-0.991088569427607,0.725294367934988
"Sample37",0.710575828062729,0.156328351148341,0.670107763769237,2.13328569128815,0.500617111611069,-0.417763656729196,-0.378597109105942,-0.341746190825498,0.0329342983690804,2.09576371023399,0.191283797497937,-0.754448847442654,-0.493772777568527,-0.239360250620513,-1.08657780023834,-0.997692893383858,-1.16606898351749,0.297186669631953,-1.12799286786041,-1.08963954091404,-1.05699057624856,-1.13469452666583,0.631604813594546,0.765671993827953,-0.245651292105366,-0.234180083538737,-0.47043662155362,0.652378183379771,-1.12467686338495,1.11765272010217,2.12407474551388,-1.12138364875513,1.40220885242785
"Sample38",0.680765171037498,0.265755171190687,0.51305452986962,2.44760663409941,0.41053936369972,-0.0459966819178841,-0.0563650320110137,-0.246993653248767,0.0536800748681174,2.51379265801846,-0.118813060458771,-0.662404990073758,-0.429829761122531,-0.308692678648448,-0.848692311744368,-0.883418459398384,-0.884861345288053,0.592450659566087,-1.31030617401015,-0.839404325925334,0.11103207047214,-0.948112665676749,0.658521713002904,-1.37821285545036,-0.416076190523731,-0.138739590038291,-0.620710406707074,0.327665892660295,-1.07163059735283,1.27722900892845,2.35750701151563,-0.722272553604468,-0.278066625728059
"Sample39",0.49129519295182,0.129126782973114,0.408972234646331,2.57690197025359,1.02666739575342,-0.469695105537247,-0.282092288390048,-0.323613538346607,0.547634480256518,2.23632098010496,0.155896444752909,-1.23684465047085,-0.192642177738223,-0.169571888978653,-0.941038663225576,-1.03146213951782,-0.923658354395948,0.139174750202268,-1.16234895868524,-0.863857691773288,-0.0583464098082968,-0.73903748865857,0.516795499614844,-1.1883876542773,-0.535073604664531,-0.0395878321339731,-0.794741198354909,1.49503930742339,-1.25867654501943,1.13706036213403,1.5430046079431,-0.794741198354909,0.601527379321124
"Sample40",0.51314547981817,0.339709514789546,0.357177408153533,2.07826733580877,0.692640853350481,-0.528422207193807,-0.342874077588318,-0.38845667066548,0.42383544989468,2.00005743004484,0.788305349870304,-1.1487940722419,-0.99840102932246,-0.500349038761101,-0.897855989595965,-1.05337908286935,-0.992352823702798,0.200398578054107,-1.00762833974328,-0.893010947496538,0.245139764835579,-0.825969039247439,0.516218261080832,-1.10047089182276,-0.0351960584224172,-0.0121020436283035,-0.746246793253887,1.63724074916758,-1.17056567721198,1.13555004853768,2.35918668995865,-0.580689527329625,-0.0641086032673491
"Sample41",0.645762986496954,-0.999153171884371,0.789578995042735,2.38283819480467,0.461171844508452,-0.312990845709853,-0.591944710844332,-0.150352317081337,-0.0122989990524212,2.47932611874732,0.295496518536368,-0.256601725153287,-0.80465252421705,-0.47221073396026,-1.00967465096097,-1.00967465096097,-1.00967465096097,0.0774659674961906,-1.00967465096097,-0.776405042030725,-0.73984377778769,-1.00967465096097,0.563210997235237,0.438067058669514,-0.379281244054336,0.259807904917609,-0.609295172494497,1.08215751347336,-1.00967465096097,1.12518953206425,2.16778675197055,-0.912731042767753,0.307948828840523
"Sample42",0.441666801712133,0.162692864854607,0.607387261015649,2.25220939400311,0.103886455709342,-0.392142185996089,0.0143602082611714,-0.117837028268891,-0.0345803972851324,2.06741844776561,0.054337267248259,-1.09331550240462,-0.928361895855127,-0.839929448380314,-0.871638839263608,-0.915182216400347,-0.883693307334806,-0.239915156511993,-1.02790626449203,-1.12211250318311,0.136298638533444,-0.739235603207289,0.859244132035632,-1.04031382935284,-0.259364714856,0.0972247385169633,-0.86867061000138,1.1807311632402,-0.955824999205336,1.20435315704148,1.75724942521854,-0.595923203011915,1.98688774985468
"Sample43",0.0619356156799219,0.297918506232438,-0.148037667309323,2.44612874198995,0.589501999999383,-1.35880611823953,0.0709877391390779,-0.0454012731470722,0.193956451714672,1.20642789999506,-0.0397962281896431,-0.666984978792561,-0.356233110941791,-1.09121245331742,-0.876544131672136,-1.02088046726855,-1.06748520237923,-0.287585466303494,-1.23659440949911,-0.90541886683811,0.0379229911658811,-1.18254644271229,0.849382458457344,0.694189598244188,-0.431762364003145,-0.204505500950161,0.670695027387181,0.760612788359405,-1.02267667482853,1.12617040857255,1.68218715505275,-0.99628320877874,2.25073718318104
"Sample44",0.364375486192341,-0.239446864114166,-0.376824754163155,2.72119504770758,0.333452688215412,-1.14702348894138,0.386836058899033,0.0652974474588577,0.352842131120183,1.47503748919482,0.0419473763080901,-0.78709563448862,0.0172075739400842,-1.02273621991275,-0.808765393689079,-0.838850790948188,-1.12858384437887,-0.130235817344316,-1.00501478058681,-0.761002350386888,0.355224973286626,-1.12858384437887,1.14562527273673,1.10065518658954,-0.276692157264138,-0.00434042212602358,0.961164042609473,-1.09898611712117,-1.11066126711276,1.46850708443186,2.02627789874177,-0.920911608011216,-0.0298904024639995
"Sample45",0.319812316680508,0.635366792469516,-0.402965164489525,2.56209509196221,2.02333009433799,-0.368935327106789,0.12063294288491,-0.166503205927167,0.119519572754257,1.90226842420815,0.0930107806212516,-0.734235956127034,-0.166503205927167,-0.740359548555689,-1.00792296883423,-1.12209421828443,-1.20380491697569,0.209637290471886,-1.14890075849679,-0.871028020088935,0.139508884144829,-0.92772674475576,0.855069823007284,0.242315861328366,-0.643121699108012,-0.186010921582634,-0.0361895356890685,0.170937825637078,-1.37119398176885,1.47114723042136,1.55463120240826,-1.11264626755156,-0.209141692068524
"Sample46",0.156790787409516,-0.539856829798145,-0.442247260687785,2.53839884656722,0.416530458435863,-1.0984003958962,0.02787325224768,0.0379555348952226,0.235510415534633,1.60847440279205,-0.164313269875055,-0.570740957452252,-0.193425910359766,-0.0617916524411245,-0.670918201421436,-0.854385721409657,-0.96809848653149,-0.155339925333775,-0.992336606757874,-0.823219071356922,0.221423054883444,-1.1736054625038,1.0059917319682,0.421084734660201,-0.515201119399594,-1.03232179815091,0.632255728142769,-0.932414021775591,-0.83961934296806,0.699085310320869,2.08121426181114,-0.474300669614103,2.41994818406474
"Sample47",0.244746722617724,-1.46548805915466,-0.214667813329287,2.84087108534793,0.556119907208058,-1.06543201183394,0.254485920433353,0.11934634988915,0.244449032708953,1.93477653274082,-0.161420750360523,-0.425930899511097,-0.142574457253669,-0.916216315624772,-0.733315957449688,-0.959459534911676,-0.920619665771857,0.0157324437420892,-0.92505662957612,-0.577013718680713,0.392900147397815,-1.0682742639027,0.96506893516565,0.464427524489717,-0.668246014357469,-0.510051089136902,0.389893928849794,0.11079035094617,-0.929527723759407,0.898963361753392,1.38347331847816,-1.0682742639027,1.93552360674841
"Sample48",0.371737397667956,-0.37875564576446,-0.619713519618986,3.00116863885151,0.209486522127027,-1.17905895004473,0.425535461214304,0.203072249129037,0.237781755802157,1.98337356510294,0.112144029884305,-0.525028104171497,-0.00471779286641359,-1.03024633492801,-0.855750480491612,-1.0922770632804,-0.902812617154504,-0.011510130590833,-1.00129267489712,-0.768991957854979,0.565370840321114,-1.05538639779402,1.15793568927745,0.822488931699406,-0.638493316475622,-0.0269195473108885,0.432797908159669,0.231638487849829,-1.16680576512178,0.654624300241003,1.98337356510294,-1.08152433928753,-0.0532447047772536
"Sample49",0.263528209431832,0.0200273675326104,-0.499173756269898,3.10622616496394,0.188548982806104,-1.28625319560099,0.304032524633007,-0.00368947962796057,0.138924065972335,1.84038723428237,-0.12953441720789,-0.551775467848127,-0.0513983662172761,-0.777799849742568,-0.835333971770837,-0.946951019850985,-1.13161740556539,-0.0615458055184995,-1.03067948408252,-0.798449301091223,0.227164679030995,-1.0791086569229,1.12576248812207,0.569436232747663,-0.629615243762231,-0.245784789121515,0.932833658514016,0.235927337561913,-1.26241546968109,0.988650243903018,1.71052798941811,-1.05815872690856,0.727307227870481
"Sample50",0.188122359785399,0.315668264307997,0.188486022030746,2.57739309641373,0.547952775959321,-0.889996009557595,-0.314206086870748,0.0743875558232902,0.154425679970759,1.47170754222911,-0.04987924737459,-0.664134887011334,-0.0779213365018542,-1.17811513940879,-0.83684507967875,-0.768996434044169,-1.29112193672793,-0.341570150978101,-1.21340116592299,-0.901707494892258,-0.265433166633252,-1.32439048799712,1.0413110366208,0.600586644309185,-0.188307429341157,-0.790094140849155,0.00693762993897677,0.811454300256259,-0.993800382955244,1.39939711725703,1.57173358069469,-0.834732405194757,1.9750893763425
"Sample51",0.335003755122571,-0.181008374502485,-0.126445011264873,2.75746922973993,0.288805399788947,-1.0794117837915,0.380433185692003,-0.0557574623383314,0.0894634717041808,1.66125006288013,-0.0483918238179069,-0.586186942611493,-0.151574128616273,-1.16217376238207,-0.930722006089453,-0.762577651653002,-1.13420601942398,-0.0543702762856678,-1.12064454752591,-0.745665741379158,0.338112035399251,-1.13878766866201,1.47334745638524,0.366453348683273,-0.491648896614656,-0.253263192828555,0.922165792081834,0.0909552843445737,-1.24564830411894,1.86691339908953,1.76119988383409,-0.86172024875798,-0.201368462081302
"Sample52",0.221255757698837,0.0655376243670418,-0.051881773871231,2.73716085410712,0.267705307727207,-0.771958382920773,0.127642262493712,-0.0366802782839573,0.359056787454235,1.75717446618604,0.168702339480713,-0.842818047038962,-0.123311562340907,-0.957678252973891,-0.909193799661403,-0.845825150630804,-1.30396033077743,-0.430612941631945,-1.10732050087733,-0.957678252973891,-0.987156705505209,-0.899272539894207,1.32257810483509,0.604170316789182,0.170506598863875,0.361722462675823,0.724637563656808,0.257326375023356,-1.30396033077743,1.31128806229034,1.96992135384903,-1.14011533083561,0.243037943496573
"Sample53",0.0582911651543347,-0.0799583673107408,-0.102377866854588,2.24071594774564,0.535984018902264,-0.736329456479237,-0.260221422851765,0.0069339762699924,0.354385252016759,1.59302845964295,-0.208734287983451,-0.721163714385786,-0.401472163862163,-0.721163714385786,-0.730596338883522,-0.728697662648819,-0.966018090979952,-0.176756353179797,-1.07828976868818,-0.949227237237043,0.104601003966664,-1.18749470836412,1.31315566184961,0.457610069071813,-0.150666944392226,-0.697324818288482,1.04446494245346,-0.927560639548396,-1.30633715847392,1.1617037009754,2.18386429827849,-0.848095985423015,1.92374820389361
"Sample54",0.279754992406828,0.959449436052179,-0.16233569587284,2.31803218014178,0.40617975613123,-0.28984292103655,-0.680026593903041,-0.145592631667341,-0.132287650927352,2.38798749450268,-0.30052402032443,-0.823877004985084,-0.281975094039456,0.77583539057967,-1.18813757546017,-0.883100541358949,-1.28349027179858,0.792800247113735,-1.30203919808355,-1.11752331551725,-0.0787425159298385,-1.02423676782297,0.821034583214363,0.0964322067602194,-0.625236240132406,-0.385400296178935,-0.112719455758546,0.508574137461841,-1.21136002563565,0.766587433559493,1.40986292115576,-1.0824543551535,1.58837139250665
"Sample55",0.113166676562978,-0.144146044509577,-0.355940147781279,2.32580200602551,0.693744194359709,-1.07452018126922,0.200699987505202,-0.069436242858217,0.382625726199202,1.50858680689292,0.134656816311127,-0.702069206989549,-0.20792011719821,-1.1173917418177,-1.01616285011243,-1.08848672814452,-1.25117844634806,-0.214370935933011,-1.20819957167034,-1.04748924437548,0.245307256457262,-1.03070945383697,1.24305852722401,1.35010216257918,-0.21188197206046,0.106035283894916,0.822668025536875,1.469831890198,-1.46425622230425,1.16463289597621,1.5624414036387,-0.865193457952117,-0.254007094200412
"Sample56",0.285227112801767,0.199979393286521,-0.0185208895069767,2.93869135595828,0.444535515975885,-0.649431495381974,0.2593183000246,-0.048543122538356,0.166183133153252,2.0058341065727,-0.137179609629775,-0.775044251125918,-0.165603103817916,-0.458200527942414,-0.9312894791183,-0.594767104423599,-1.08888331678545,-0.0985251559533616,-1.29555094490703,-0.980166808660317,0.199241871908304,-1.07804190195079,1.25350151441958,-0.024414282691372,-0.619758886910746,-0.164736200736536,0.360487776057547,0.700118764551422,-1.30823857566649,1.04989340400551,2.09905411256593,-1.21091550046989,-0.314255203064076
"Sample57",1.07536486924048,0.316374478417953,-0.0946380763443464,2.07791319486224,0.670598952947293,0.00228782619258519,-0.44067016897859,-0.188446987783818,0.618108124923843,2.31792499063958,0.0395295515232815,-0.546376131485509,-0.173863061363974,-0.85269000685391,-1.0707528291666,-1.04293391812918,-0.820947152757678,1.06892698509372,-1.23326691726732,-0.970434607286222,-0.223715865051237,-0.920060487867858,0.599535159860767,-1.17320941598918,-0.487927597781815,-0.268297535318887,-0.419078559549701,0.910850350445905,-1.25325096377371,1.42503738031192,1.9925224325038,-0.944631313648444,0.0102172994346101
"Sample58",0.235234282499767,0.518790367023968,-0.110300151247663,1.92165542816125,0.646991851981184,-0.196330013222582,-0.328477750672779,-0.393859837804948,-0.0361174337515418,2.07469549819352,0.163411814925445,-0.509580530487919,-0.230003819614214,-0.486309396626466,-0.924078861213566,-1.08013333166836,-1.06635908913936,0.0493680973432361,-1.16247245877025,-1.1371905564801,0.122891279033015,-0.701036065003115,0.957357999359546,-1.44423229348271,-0.246272261561298,-0.0252008125143581,-0.524865135850689,1.08800567979285,-1.5209081363917,1.01193246667931,2.12973986275549,-0.610094078277636,1.81374738603267
"Sample59",0.536854339384113,0.577096774291684,0.0637777054408683,2.0376408554761,0.455456195527275,-0.384947410234501,-0.278656229792256,-0.438698651861275,0.357932861605998,2.18335243041261,0.54148650546187,-0.493052046199076,-0.16661709061014,-0.300428116493901,-1.02839456403847,-1.33568429251236,-1.33568429251236,0.707615961618069,-1.28319709305317,-0.97875779541412,0.371176164062586,-1.00427670587026,0.638418517343103,-1.25670137203755,-0.143043676238846,-0.0872040815098632,-0.543262833277418,1.18548762229444,-1.33568429251236,0.915182686597837,2.36969783507631,-0.457959284619284,-0.0889266258056445
"Sample60",0.721175868240314,0.520313150884347,0.333472636367963,2.18062298069363,0.362407056321097,0.102424013759157,-0.329540664148861,-0.0458951132117034,0.706926398761425,2.45872224423856,0.147268847698563,-0.837542528276818,-0.0845375123579338,-0.27535179006531,-0.860278843725619,-0.967112543236347,-1.0651038242062,0.838626199786493,-1.18448443687327,-1.0775042043826,0.0785477914732693,-0.892884086073532,0.596725337813535,-1.29374504051068,-0.633598219466542,-0.423833777487613,-0.536592969737858,0.124603692305514,-1.3791020497399,0.968833184761599,2.00712228912991,-1.14056552645179,0.879881437717218
"Sample61",0.225538375092688,0.346646722438146,0.249036745623919,2.1727009215293,0.332060148712026,-0.34567006967297,-0.210677092931467,-1.07967621480196,0.428600456798716,2.35708603107648,0.531705032151312,-1.09865045296498,0.0338018935878583,-0.28397990705757,-1.12340144390546,-1.12340144390546,-1.12340144390546,0.253195733777061,-1.12340144390546,-0.734013712692281,0.685343287888179,-1.12340144390546,0.686529729206034,-1.04371437441619,-0.154916874827632,-0.297960194269659,-0.682182041770852,1.00490464037753,-1.12340144390546,1.29131538438749,1.84777413739269,-0.722291327873841,0.947901686672767
"Sample62",0.907242157501585,0.872021915405121,0.249464538933523,1.87836530211328,0.558479676821387,-0.11491919744938,-0.271733211554756,-0.0582591584190816,0.0566570971306914,2.46126961117336,0.0617531527399651,-0.459706710108144,-1.13708705494517,-0.123868917037535,-0.944645504159298,-0.98071606438302,-0.936036063778475,0.923064332144072,-1.1149065793749,-1.08781681301299,0.163110267554513,-1.18478221042207,0.30091706524214,-1.24581204740703,-0.160163695066803,-0.403790552030422,-0.799561734381795,0.467203972535376,-1.32047713293151,0.90008562695994,1.98540787917308,-0.735070406753485,1.29431045778783
"Sample63",0.635155138572572,1.00056003864608,0.311210316036538,1.63048674631552,0.860056254339966,-0.0134812209960707,-0.600655902965787,-0.600655902965787,0.147910802287423,1.771525164445,-0.0878214615072696,-1.21996154640155,-0.520471967764291,0.424897347407438,-1.24062686664068,-1.24062686664068,-1.07146957697111,0.745198037051592,-1.19641308958339,-1.11971096050854,-0.0844044878893328,-0.711540612146096,0.422303189114889,-1.17409382099928,-0.102064542838527,0.00255309725267947,-0.615122522328861,0.528310548767278,-1.24062686664068,1.16531418273217,2.25195173339398,-0.680724206478851,1.62303982590364
"Sample64",-0.292425064812194,0.795075752312308,-0.383486378104789,1.8168265881973,0.955122363501299,-0.655657944267728,-0.578937063028803,-1.05251813164649,1.0504533240602,2.00474965911111,0.874851943987949,-0.387911102767048,0.239552903258357,-0.939406157655362,-0.753952498266384,-1.09378089431028,-1.09378089431028,-0.0418584984863928,-1.07500580473649,-0.899377966369403,0.594970627260566,-1.09378089431028,0.735596788168098,-1.01858154823194,-0.459657005701733,-0.700186271721932,-0.422454208293538,1.64646557665192,-1.09378089431028,1.00706058406784,1.33670016456851,-0.497169276794344,1.47628222298023
"Sample65",0.373442263842218,0.770299408198252,-0.476229163073263,2.41820940782766,0.718852219006202,-0.62847319489021,0.0249301639484935,-0.209641104044428,0.400419056282707,2.29613728549501,0.579620246052073,-0.505044506476844,-0.226561389205369,-0.721705198007191,-0.63698371620121,-0.783960635456749,-0.808318031567721,0.068181280840844,-0.892208492349703,-0.658419166453909,0.120700596316393,-0.481924758656677,0.870896865546021,-1.5365100963039,-0.592514481576532,-0.224167424823427,-1.12038369069955,1.13779711357334,-1.28031719138361,1.48267069585804,1.88852197874023,-0.879236800561223,-0.488079539795969
"Sample66",0.5403379475945,0.582900158607029,-0.331409794226421,1.93051875781696,0.487067688082174,-0.603430699550639,-0.11904125932755,-0.401638074866393,0.400714258353904,2.11365198843187,0.475270471472577,-0.592806963666513,-0.393862424276033,-0.748848305820382,-1.12636130306604,-1.17868867085111,-1.17868867085111,0.566818886420852,-1.13050440834186,-1.04691427494133,0.388242183789211,-0.777219917450854,0.566163949885321,-1.10618082487878,-0.0162718495054271,0.371131328304873,-0.830900867880551,1.02354319526824,-1.17868867085111,1.32858473327705,2.5463232477286,-0.525670753856763,-0.0341410608242981
"Sample67",0.355901628910102,0.945744014303474,0.0213676484090206,2.06704425997731,0.644842763815898,-0.600293938442376,-0.641399958156062,-1.13323986594589,1.0648624693827,2.27600713810794,0.918140420782676,-0.371090440801084,0.157604539509397,-0.40415820107971,-0.608250287334193,-1.17609350754721,-1.17609350754721,0.466986505529682,-1.15659454752401,-0.974195407119338,0.529102000989776,-1.0771605409925,0.796650097790848,-1.09799486321377,-0.658833484468239,-0.409527611721808,-0.631223222415009,1.37346579400082,-1.17609350754721,0.731771165101792,1.5893699742977,-0.703323251982589,0.0567057229290601
"Sample68",-0.84416686087906,1.18290919276597,-0.650506579035787,1.82878530553029,-0.604536276639118,-0.515341148995082,-0.849193069724336,-0.810292913590015,1.06851159344316,2.09105956009723,1.40071709658326,-0.269911679288069,0.5429070759595,-0.653952627374562,-0.854268798409141,-0.854268798409141,-0.854268798409141,-0.732217085939496,-0.854268798409141,-0.686050486200347,1.15124843007372,-0.854268798409141,-0.385281631655975,-0.77412492126355,-0.0937621404550154,-0.84416686087906,-0.369117723080716,1.39898409539311,-0.854268798409141,0.876086342713877,1.35371882257369,-0.369117723080716,1.68242500340194
"Sample69",0.32767843133146,0.899941528962529,-0.202187020613767,1.75422727212558,0.549197282089919,-0.749082333163876,-0.246260555087889,-0.321263588802603,0.963716175420899,1.95559672626383,1.06105910109916,-0.665848874781573,-0.926215819711081,-0.872621818014128,-0.772898296929555,-1.11454676438161,-1.10969062137705,0.165586122269092,-1.05486811205208,-1.00553752055396,0.0483681297974857,-0.620838651883612,0.314151824163384,-1.03787006384725,-0.392548578450825,0.111468709441739,-0.453714734778687,1.04782503177552,-1.11454676438161,1.28751654281225,2.72310823502435,-0.644707856147017,0.0958068623809791
"Sample70",0.512705872678962,1.07080212278586,-0.081717417112971,2.03937472106854,0.65316520964821,-0.587013773898813,-0.543312159511358,-0.515445068740481,0.696142737582586,2.17930903078994,1.16095033286401,-0.618598603661578,-0.345566994473604,-0.610675636138567,-1.27570457005767,-1.17571577928119,-0.847145569377028,0.603637630775151,-1.16981764659205,-0.910557156557461,0.21645632717446,-0.749654777960658,0.576812069475918,-1.25731820375105,-0.339306555694172,-0.279145610078695,-0.191127083924641,0.802885699161091,-1.32337986015882,1.18778400514502,2.06590441583472,-0.664141354433321,-0.28058635358034
"Sample71",0.373536009304852,0.192030654228336,0.133656794324063,2.74051165482114,0.352578499730148,-0.784937850924922,0.234101601992246,0.0758268061039289,0.811224937305263,2.06924285986196,-0.0819032350028554,-0.554226165836641,0.0615730880802867,-0.890679776690623,-0.539031699775224,-0.816453302468729,-0.786331057681684,0.326373568902231,-0.839049933962169,-0.537271979060947,0.180804880086243,-0.914923859757423,1.0513206419967,-1.42450502125549,-0.902665385061435,-0.0921819485762295,0.00303869991642764,-1.08662437778372,-0.972839920895847,1.16554271564413,2.33206012955824,-1.00118720346146,0.121389176339206
"Sample72",0.424359192500123,0.37113393375024,-0.238442969831122,2.297962366051,0.617322000439569,-0.423793428217552,0.0971080566636175,-0.165825619967658,0.25331594386715,2.04827763329316,-0.0897620697011227,-0.521580478588148,-0.134893633458309,-0.50534849496413,-0.894716962387311,-1.04308264225345,-1.13584428807913,0.30654784386726,-0.901378277532599,-0.554565974124059,0.20285171777185,-0.93058081356983,1.13123967426812,-1.51788464465985,-0.512980359167733,0.0259755229078079,0.6689562856413,-0.1438201842137,-1.17219310552524,0.927149605995441,2.80168531283453,-1.09458306817648,-0.192608075433758
"Sample73",0.298433157588252,0.197730667713817,0.0752785348535908,2.11220295146772,0.245878465463107,-0.289631900541345,0.0223852998520843,-0.0990566769867796,0.102352102140662,2.01087382654362,-0.20219547060991,-0.651497538633969,-0.280156043778343,-0.525038120161991,-0.827576004640685,-0.979069690586951,-1.10869520420532,0.187874351484022,-1.17410559440939,-0.939136244294623,-0.0648700322704111,-1.24481765196187,1.03878752051539,0.0730135648328854,-0.43599950248285,-0.236287889127789,0.554844773986083,-1.0074446904631,-1.06371513834038,0.716409927779757,2.57703107699194,-1.0074446904631,1.92364186274588
"Sample74",0.416346315525819,0.541985758960873,0.0294168750670536,2.38377569642546,0.727219093017124,-0.41821782391452,0.236897354754131,0.0573152644297839,0.115942620880304,2.13346740819037,0.0636982977581016,-0.733502073725408,-0.270622931413978,-0.593213541391618,-0.727314008399702,-0.946648072544331,-0.961050217787244,0.412447204631792,-1.18379992692597,-0.810478706721776,0.224824856370054,-1.05922251067267,0.935954997850557,-1.69531165416899,-0.69734484812283,-0.298889785374447,0.0124278424768713,0.19919341303301,-0.942782682767387,0.843419256326856,2.15164629124158,-1.33836801923426,1.19078825622538
"Sample75",0.340923300454228,0.110122768749848,-0.483603368730378,2.73875320475991,0.544987099704586,-0.0698013335933918,0.465303869625325,0.139882228253498,0.168847802947966,2.27916438071881,-0.0166269628793634,-0.363649281674951,0.0196713605506492,-0.754286370150945,-0.784147976967433,-0.841112946756426,-0.808224135232919,0.265396644883523,-0.901459179997114,-0.585771095988394,0.235648249482403,-0.839812533198294,1.2786763428738,-1.59802607987376,-0.489218398754799,-0.0409810315813537,0.510311522029415,-1.23777068107729,-1.00584670289376,0.685289349330735,2.24904980434476,-0.934190605796046,-0.277499243562841
"Sample76",0.418185064686382,0.408652148501782,0.261792083893142,1.82392652473965,1.05271079628643,-0.397414040111495,-0.595365561834174,-0.3694467046273,0.140932190331826,1.54578983405044,-0.125546743258885,-0.520865106058125,-0.227532891405104,-0.449433101454571,-1.00192022490238,-0.870053995419401,-0.904575489082763,0.288504582794024,-1.23088403179686,-1.14906274485733,0.155404411296081,-1.04049811308989,0.89914638335226,-1.20707515841711,-0.128445772230466,0.0781942765595529,0.026101518498071,-0.920798823424426,-1.05968191459153,0.925907267153299,2.57069364276868,-0.602502316586177,2.20516200823637
"Sample77",0.0786319829046499,0.474104847684541,-0.529887653235716,2.14935102748432,0.187468773093558,-0.468925749490883,0.120762390050088,-0.0947426614308713,-0.0390040360572278,2.02371673230557,-0.222190062392632,-0.451296935478713,-0.388280534842015,0.135819163667808,-0.690206943608127,-0.921898497119098,-1.01298739051043,0.255233553820456,-0.957450305209086,-0.701961973324698,0.124355947981707,-0.485833581547956,1.3353389410897,-1.51290074978807,-0.748503280769681,-0.462562709479709,0.935765117543107,-1.17791988199479,-0.745271064776818,0.615454939491435,2.2168840931826,-1.03286237535497,1.99179887611195
"Sample78",-0.14470357166166,0.515989585281224,-0.60170025688523,2.4050471195112,0.594617620873275,-0.88035614765502,-1.01210743147648,0.301756030168874,0.77595893196705,2.11169908696507,0.338549254950891,-0.797099283858054,0.452810329033415,-0.885324304052528,-0.797099283858054,-0.905602523447197,-0.494385014818582,-0.00618209024775571,-0.885324304052528,-1.01825034100308,-0.704708689947687,-0.68631501642535,1.07117352801332,-0.921256073383961,-0.567822772654211,0.0672556682113742,0.367968329820407,0.472332190811823,-1.01825034100308,0.470066973688906,2.67866965071596,-0.810226091340933,0.512819237758604
"Sample79",0.507873519063644,0.59921224437001,-0.410310606418736,1.92362705327968,1.17397775602854,-0.393833997100598,0.2044289452891,-0.340405876628706,-0.0419706620077489,1.90444482169121,-0.0569016209546516,-0.778032250950588,-0.131403284938125,-0.474596035546899,-0.866846488366865,-1.15349376332327,-0.931178128511777,0.739767094580699,-1.12736007165589,-0.640443495695856,0.160434034466428,-0.889130449244145,0.687125640294528,-1.32641126358121,-0.432228982670036,0.106508226980119,0.292955906275812,-0.00649208519115999,-1.40386316362221,1.45557644454513,2.79089037935711,-0.960646947564181,-0.181272892249364
"Sample80",0.401501893489548,0.442635828934106,-0.378750038883663,1.93761201640574,1.35381624225563,-0.548583103205101,0.0907034538531266,-0.0193790813185688,0.0749110921593177,1.78733763884503,-0.127574583794406,-0.686192940455686,-0.424513832386812,-0.215751882419679,-0.563780136181743,-0.930372949060597,-0.945890569628419,0.369489095315815,-1.12160107344216,-0.793909116151374,-0.989898799554198,-0.905573409206767,1.20910069208162,-1.15695609018402,-0.516318684830837,0.14833819946657,0.765223220472595,-0.855136296000263,-0.905573409206767,1.51152386411224,2.78038093119565,-0.736191479028322,-0.0506266936476005
"Sample81",0.666397336077515,0.538920292723015,-0.0292567723016024,1.725981447881,1.64620419494393,-0.136178724978363,0.113056489755974,0.0991982184547591,-0.169691279919866,2.04945567620884,-0.098966591522842,-0.94254581443381,-0.259903772492736,-0.6870740179729,-0.806598589957185,-0.892632840195992,-0.820620681667983,0.649257695415738,-1.14457571648948,-0.947483362483867,-1.26728953624169,-0.895614436866689,0.777450615999925,-1.44591897222063,-0.385204445792736,-0.183358142474428,0.267290592541107,0.128596160136253,-0.923256405581254,1.31806935475786,2.19676151795126,-1.1470075131936,1.00653802394048
"Sample82",0.0240885936270859,-0.208564848951292,-0.239449253437316,1.9917792983298,0.513965925341281,-0.868599828871323,0.23448392068151,-0.0713162413545378,-0.129509001351886,1.77001510942425,-0.112770920542327,-0.632908609139796,-0.0822207393744107,-0.972585750375575,-0.945536091588953,-0.952778922425546,-0.956437375448955,-0.180800866849708,-0.943143403342934,-0.71441337322037,0.214761345310688,-0.984057417106041,0.807687262792321,0.355325509151149,-0.426636852501607,0.0638216257936882,1.2934866837047,-1.3230650247761,-0.869639520887881,1.02337496696277,2.87064275203922,-0.923225609966923,1.37422665835502
"Sample83",0.701693950041896,1.05590704978053,-0.051785136768438,1.99254358022909,1.61971319188244,-0.382639325384101,0.0681471102403074,-0.376617224417919,-0.123194943973968,2.06544842426362,-0.237117654621747,-0.668643314484936,-0.294234450388797,-0.177113482876316,-0.802002167896508,-1.03942782654968,-0.945213870131554,0.748243397784606,-1.04097219894754,-0.694326538943007,0.0613055503519595,-0.884525998753655,0.437613971806204,-1.44438741382317,-0.55694434783969,-0.195061466907327,0.442741990252446,-0.25500249843837,-1.34275810251301,1.41403451440692,2.29332956535986,-0.976256088488481,-0.412498244251664
"Sample84",0.138669518716929,0.515372928520276,-0.783946023789088,1.90546787250122,0.339000622655268,-0.945267917207545,0.373316199859048,-0.00263800089401528,-0.0628850248846869,1.59805237454325,0.14254808020997,-0.442933840115765,-0.271707536807937,-1.01558051887774,-0.597482437501895,-0.965013292115738,-0.993931485778791,-0.0483722049174554,-0.877920487244472,-0.597482437501895,0.245860599034245,-1.03354846453642,1.33554436717392,-1.40714679578127,-0.313277562885824,0.245435025604426,0.809464590798036,-1.06894335319448,-0.632132378352436,0.781700049111523,2.61164308813311,-0.876212122898177,1.89434656842442
"Sample85",-0.219504388352031,0.018927125924567,-0.486418984371736,2.42124212339749,0.275387315317931,-0.66738039408822,-0.364735212099713,0.0571233183035241,0.381540045976742,1.89304375136707,0.0888551210103623,-0.783177096565216,-0.623358524797863,-0.70807717431412,-0.806313185468377,-0.806313185468377,-0.806313185468377,-0.17437402117146,-0.806313185468377,-0.692875139297906,-0.565525439170599,-0.806313185468377,0.599545519749292,-0.731825374916901,-0.0887660635397408,-0.796924181145856,0.58988738575697,0.707849132101366,-0.806313185468377,0.699753860605439,2.64083105771245,-0.806313185468377,2.1731485348868
"Sample86",0.0185000108756325,-0.138074256613667,-0.354933874595109,2.50075533138567,0.591378979838283,-0.901312662738274,0.192634535392482,0.153848274477515,0.357934181262233,2.20334339735381,-0.0487838835510226,-0.58073263814473,-0.0241252635374265,-0.852771931028892,-0.584312542182304,-0.868487519376321,-1.41037142098542,-0.129532593152982,-0.940707837161456,-0.682205879865181,-0.113346280964103,-0.843169860992277,0.938653195597201,-1.35054273330978,-0.590330577737833,-0.142937046058047,0.324914692834497,0.514595082628512,-0.8566595179625,0.774011455071052,2.54287975939814,-0.81531716354397,1.11520658738628
"Sample87",0.067612669898521,-0.564136010759569,-0.34590786289568,2.77663473351725,0.476537117076193,-1.00949634446136,0.131677068758388,0.0247525413110319,0.378185174397073,2.3345044219285,-0.177392942562368,-0.541891762351193,-0.105169197631226,-0.706751245874791,-0.569613682207397,-0.792433798471528,-0.748534782394204,-0.107505478991175,-0.806472482380539,-0.631781551699026,0.175013992394073,-0.979295250222303,0.984553830306029,-1.43853199881636,-0.732175055365362,-0.0982203439544558,0.147973548038059,0.222386999699868,-0.93423091330958,0.588244249009493,2.26818793926816,-0.719919225012559,1.43319564375804
"Sample88",-0.0149946036201773,-0.822414335613127,-0.546063038011843,2.53357233386411,0.509887084456152,-0.74444136180438,0.0146892681258093,0.210306754787088,0.179239942241239,1.82438248022452,0.162248012870997,-0.807760159317443,-0.637396071407389,-0.591262352353415,-0.588121303788007,-0.832422866787578,-0.832422866787578,0.0279722902113087,-0.832422866787578,-0.607264250555501,-0.0541547204349301,-0.832422866787578,0.666200437101463,-0.753020030404508,-0.526265923777615,-0.37390950721902,0.852075192129317,-0.432743456828333,-0.55186331362795,0.378479115321563,2.74080343643582,-0.832422866787578,2.11393241493215
"Sample89",0.0523007818062521,-0.263605628196236,-0.487215536842672,2.62217882043186,0.368049624860589,-0.915659307259407,-0.0374841818926736,-0.0423677747398468,0.328380616561167,2.05814315270455,-0.227609327260883,-0.450601808932594,-0.0976883542081416,-0.722991736902937,-0.60942685759757,-0.855414301584332,-0.869056781158723,-0.175358417470997,-0.920730965985372,-0.68836393868054,0.128908963252482,-0.850946244930476,0.897436449420961,-1.40289266820354,-0.63408972604538,0.0312177416968649,-0.18417717277352,0.617757192882419,-0.8334532352142,0.881829240566239,2.53801444387643,-0.846516762038115,1.59143369985835
"Sample90",0.00704613698739369,-0.0982804038697731,-0.572574144077591,2.48248138940288,0.341140324147608,-0.966604144435489,0.100376545400825,0.0362751586250689,0.277511139377289,2.06265547008072,-0.0538831569054827,-0.511800740155072,-0.320950927109551,-0.876151978752264,-0.676580599380082,-0.902543413388646,-0.556312655053601,-0.179414971439941,-0.868626681838705,-0.855337315967478,0.208798292844645,-0.799901308896208,1.01618145811056,-1.4846973032416,-0.594737034284347,-0.131697249284696,0.252627168692382,0.355754105805001,-0.937012263911277,0.714727881588975,2.47537199384734,-0.759281599958144,1.81544082703925
"Sample91",0.0919822455144048,-0.749391454063495,-0.215124865461099,2.47426898155251,0.438386146243631,-0.822649542309956,0.0258838273018587,0.199868715143593,0.323146887221421,2.25792326644161,-0.044590527854378,-0.659119899360473,-0.174340467100709,-0.890305180439376,-0.579576591916022,-0.788800681901493,-1.13034499871065,-0.133085504683962,-0.982891426406052,-0.721691954618444,0.281388910421302,-0.856535462563635,0.819802937923964,-1.18032048688534,-0.593411471775563,0.0082737835110146,-0.184397011114876,0.237915378585886,-0.778662633060377,0.489496559411399,2.52246857969521,-0.516680215539487,1.83111415679759
"Sample92",-0.22707514286857,-0.00987552245845104,-0.473535903639832,2.42631801163637,0.204335950599424,-0.790224870047633,-0.517530601396809,-0.0545149209314483,0.42155858836754,1.97180586717893,-0.0223423428081869,-0.863468985287055,-0.131170108764606,-0.80650447162931,-0.877606217614746,-0.887261685627222,-0.887261685627222,-0.0325481607547985,-0.887261685627222,-0.648566448357628,0.29746623638641,-0.887261685627222,0.280014059365749,-0.810659881283178,-0.210764427672688,-0.444922944862921,0.647280474702714,0.669873162838318,-0.845229377673722,0.457781760107147,2.60316773223891,-0.840773120357143,2.1767583474961
"Sample93",-0.178896771844227,0.127351926225874,-0.130103480673806,2.6450214243065,0.343412603117099,-0.88544066984995,-0.149473714220785,-0.0602063608971427,0.486326298064161,1.82724068764975,-0.139998680983428,-0.630230975931955,-0.117551241295039,-0.931529980210779,-0.849033394393767,-0.971332424241465,-0.936353825966452,-0.198100506921084,-0.88544066984995,-0.752130578380935,0.275635475292782,-0.876659637622477,0.807518963551719,-1.31627831567346,-0.142942504133457,-0.530117339814764,0.20716244248855,0.625242001561883,-0.929133496180834,0.568284471166035,2.53800616826303,-0.633047897343959,1.79280000474233
"Sample94",-0.0780497304792221,-0.445141096102479,-0.395008936162394,2.32454842431587,0.334105262004912,-0.372944261611878,-0.076190067522055,0.0136500750221475,0.400089074036725,1.8897446139044,-0.127647896721806,-0.845123915108059,-0.257655182344417,-0.970401320537794,-0.617114309358201,-0.894176166733396,-1.04526061775162,-0.214330579548955,-0.91038436198416,-0.644992195731193,0.250292690219566,-1.02437933512228,1.02444873555788,-1.37350863468443,-0.520173871261102,-0.168531001723689,0.873109729379282,0.459208470719283,-0.792921779628394,0.572056492662465,2.61895655388354,-0.777090173597955,1.7908153120094
"Sample95",-0.688959479343299,0.286980310249426,-0.694068772480727,2.26730038259925,0.325001239110645,-0.694068772480727,-0.694068772480727,0.00425782985826781,0.42788711011992,1.90074724120539,-0.360097209566421,-0.67392404306211,0.104901178277259,-0.699228404031075,-0.699228404031075,-0.699228404031075,-0.699228404031075,-0.575159151015735,-0.699228404031075,-0.699228404031075,-0.435874469201147,-0.699228404031075,0.542209784124275,-0.617759731695325,-0.640434198754296,-0.688959479343299,0.980022322936396,0.422435024440812,-0.517125845982538,0.663219550298335,2.84470491205955,-0.699228404031075,2.10466027237542
"Sample96",-0.129836651023697,0.167153178430279,-0.175597047512848,2.72410662017061,0.913721337420533,-0.766572509072389,-0.293914578896455,0.0553614585113222,0.637972514938744,2.12091031276067,-0.00129216184364588,-0.771180382048323,-0.649440884686681,-0.827197494499515,-0.977000411980547,-0.886814052614305,-1.19992255979103,-0.28441570725028,-0.883956938990997,-0.845464057957515,0.39183596599955,-0.718316787284039,0.904267123867493,-1.14185749344781,-0.0639472791818877,-0.0824319841843891,-0.412338971780717,0.886367252390713,-0.750746946275894,0.744653235941967,2.57146601527993,-0.359004105627385,0.103433990238537
"Sample97",0.284454189496937,0.0575196785789258,-0.56843005371791,2.18034222362162,0.84295917786563,-0.843875635392374,-0.147405699262189,0.0562758371780088,0.435957572310228,2.12085335392066,0.0500116168412238,-0.816493903495549,-0.0631199677988066,-0.97358936140251,-0.814275849731788,-0.900763888978878,-1.03748958603149,0.0718155512895567,-0.924836026314374,-0.86540144339319,0.38026623634469,-0.941526210708576,0.662227773785655,-1.17259579397784,-0.409228100648836,-0.154827458486289,-0.161094194705396,0.473201598795935,-0.83000460558694,0.752355020946538,2.74136552437208,-0.91132532370285,1.42667774798811
"Sample98",0.12469051821176,0.506812255109255,-0.542002615607135,2.55276470605913,0.630022907322014,-0.744422546174423,0.0531146095707189,0.122551226731737,0.497733904621102,2.1506193366295,0.147707212997316,-1.19057802918497,0.085469421798811,-1.00046560519357,-0.466375409197808,-0.766958545959625,-1.19057802918497,-0.352076254752602,-0.966840951243901,-0.84630958450717,0.428527984470069,-0.908282135602486,0.64542098295446,-1.12949251095806,-0.601823287948468,-0.101737111040515,0.34067377330747,0.558936912995159,-0.754328633952852,0.506539269210392,2.77699214771748,-0.7468829632263,0.180577044028479
"Sample99",0.164656961437084,0.412627134913005,-1.29429577945036,1.94729085612701,1.10415518665743,-0.824803133986174,-0.0183921881041064,0.101958482391052,0.767521730241705,2.08735441859495,0.536610890350193,-0.713822358635847,-0.143940321219145,-0.984574192906564,-0.767449235454235,-1.06195630906027,-1.04281612991588,-0.249518363088614,-1.23601482167861,-0.993169273366033,0.0390220036393336,-1.31259140100329,0.856200911973591,0.215487115102998,-0.526875334160933,0.106688421488717,0.309009203864275,-0.0486795802409521,-1.25256776284003,0.539691464199635,2.1501738799679,-0.504683777603457,1.63770130176562
"Sample100",0.0109096525211089,0.304672656710545,-0.132869010048217,2.47965123527558,0.131138742472031,-0.502989722144117,-0.00589803065725397,-0.158267352007841,0.646861978136841,2.07881019873973,-0.277364213844485,-0.815430151861988,-0.938341203978512,-0.748538021663211,-0.858119805787439,-1.11524217089292,-0.87965765804546,0.0736872297855077,-0.954252747064143,-0.78525032547211,-0.111406055506769,-1.11524217089292,1.8118494618517,0.46747363181795,-0.252529662938205,-0.468853733945774,0.865597032164998,-0.752709043382213,-0.863411067208111,1.20482781345958,2.29242282036462,-0.653184290167643,0.021653984209145
"Sample101",0.144231100344778,0.401027798016052,-0.147711915844687,2.42683024506541,0.22431691559299,-0.505952781457589,-0.164998269144785,-0.279098165609111,0.212936124887842,2.0108491131689,-0.508805965422765,-0.733867291880481,-0.352131309619532,-0.569243517924055,-0.730815969029268,-0.974732397211699,-0.982410059845449,0.493782919822786,-1.01857971339234,-0.772925565567025,1.04092477661573,-0.754991758206268,0.894890003442136,-1.52510881012879,-0.885835578648623,-0.231247741252289,0.686844280680135,-0.0939105394588731,-0.899726714697439,1.04039121097832,2.12048197341225,-1.0577254396257,1.49231304193942
"Sample102",0.018246336870989,0.870773080717931,-1.20967053762876,2.15742383493031,1.22590108779004,-0.5362647512484,0.005109447790246,-0.15980714022595,0.984541794160774,1.92616376966224,0.764762521205406,-0.58023866806438,-0.110845952583172,-0.701531507567832,-0.773621261600192,-1.26981836171621,-1.13697636961048,0.0421606705686886,-1.12569607541565,-0.845951270730795,0.221342457397774,-0.821776499073581,0.743164985067757,-0.421799762587047,-0.548578341299118,-0.26189437275144,0.76872826557999,-0.363770770775233,-1.39219095721016,0.372253146882641,1.64435373812964,-1.20052547737903,1.71603294071301
"Sample103",0.430363394538307,0.835770833130601,-0.64138568196308,2.28441976236275,1.26635068531128,-0.585181604727552,-0.0736083664940829,-0.299871481103458,0.129767429183524,2.22600850464539,-0.280400639514811,-0.723216740435409,-0.374550694599058,-0.257224567709324,-0.950051772023843,-1.03960788051454,-1.08333953650343,0.552426289661368,-1.02976029726524,-0.85398837233113,0.0648379281502834,-0.733588285286768,0.840803285036374,-0.279184363618114,-0.906712083459875,-0.38227604788763,-0.00986790339495221,-0.151349836302412,-1.13511482762062,1.35746158563085,1.84661026469718,-1.35498852666376,1.31044954707118
"Sample104",1.08114370529313,1.36677985513945,-0.480287495819836,1.99512293767458,2.14653698753344,-0.00347479417445321,-0.471087396712218,-0.23411667324115,0.237253511268341,1.68737150560402,-0.256452790999782,-0.86790609893801,-0.990430268005307,-0.168193490273179,-0.910461380053232,-0.892460986307554,-0.865520961816473,1.11142002985112,-1.06470333698873,-0.926469563530887,-0.366484966791443,-1.16677440960326,0.559007121625471,0.35500664596415,-0.79505708553953,-0.683172145429673,-0.269345333643133,0.221050269701523,-1.02271776727373,1.64064335671933,1.18219830899343,-1.11496046533984,-0.0334568248865724
"Sample105",0.225737618357953,0.906330512038721,-0.473840133962995,2.54644162580397,0.543842917756867,-0.625809914423202,0.300015562344174,-0.0421848415949884,0.345371263492021,2.50068432330173,-0.154070419899772,-0.951933103349481,-0.0487325099572764,-0.726575762425059,-0.778091983174427,-1.0646073010125,-1.08097165398156,0.225092343258337,-1.1063746312772,-0.856906681689929,-0.235796789355947,-0.750181769156562,1.35188785299114,0.488871301662689,-1.00566457330331,-0.555486903466919,0.401986230221702,0.12686025738989,-0.972396887308927,0.728096961965881,1.96635521676486,-1.16693923629351,-0.0610088917163692
"Sample106",0.131846420311847,-0.22045255986815,-0.668660636333189,2.03190260482591,0.418082224913889,-0.931143485928273,0.102905342202914,0.0340415007762606,0.149664225189009,2.06964353558581,0.00030564941762213,-0.567445748602235,-0.0945983625339127,-1.06090399478577,-0.682632290060744,-0.993931134475378,-0.859253581054362,-0.234815243607302,-1.18906780865004,-0.913802960331093,0.247192634508925,-0.932747868734194,0.778430498318256,0.100303532103344,0.0414955078754064,-0.140739229599109,0.407851738882963,-0.569081732961286,-1.05684476921265,1.18309608583555,2.71075595380812,-1.03699420624017,1.74559815842202
"Sample107",-0.569344740508682,0.752034114513837,-0.404570679487048,2.20939613590054,-0.453611964704318,-0.413937848366461,-0.656006410045015,-0.623825919876773,0.754788667072363,2.08886766429018,-0.225633579894892,-0.639612503364854,-0.497362038203935,-0.61614663085255,-0.660205350441913,-0.660205350441913,-0.660205350441913,-0.559237017060826,-0.660205350441913,-0.660205350441913,-0.445886272645566,-0.660205350441913,-0.272231665796052,0.701567521940711,-0.552629303192259,-0.651848435363103,0.785816637282561,-0.326481367415857,-0.590309082491998,0.925043544914713,2.59827001955584,-0.660205350441913,2.30432860689283
"Sample108",0.25510707625546,-0.628817159046853,-0.391845733041227,2.19072085602798,0.4535192632491,-0.2931228823926,-0.0391664100431115,-0.0623146393745724,0.130034822244449,2.2573133617044,-0.135755581603953,-0.550007835543949,-0.211610489255388,-0.800981786908843,-0.74505568252742,-1.00918032783995,-0.879869786024085,0.154115840954233,-1.05837045994279,-0.757283269605978,0.365829117674454,-0.908588236752886,0.644997782626953,-1.23295603151555,-0.553048643562282,-0.395508304736976,0.839954514778049,0.179092917037461,-0.91070597824188,0.886708487312435,2.59504259735834,-1.01178634443799,1.62353894517497
"Sample109",0.102294517075311,-0.283368705977234,-0.488811096537926,2.37192187884653,0.524529423221235,-0.657534056266036,0.141986319089736,-0.119473279426619,0.311762485168173,1.93877299392219,-0.40771516992722,-0.574378454811898,-0.208254943046246,-0.909728963979273,-0.728640397030571,-1.0191432245098,-1.05428216283136,-0.115444298696418,-0.935050242734914,-0.626990656237139,0.158780334683296,-1.01310504108746,0.670304331778732,0.0186966267705472,-0.680842125587686,-0.163480339744159,0.726351254137137,0.0200819240413154,-1.12938254489739,1.42588825664484,2.39783393102729,-1.3455627199631,1.65198414688611
"Sample110",0.173054205849766,0.146152529233729,-0.51145209677384,2.41909002001925,0.331027062364213,-0.43263302891874,0.104285073310349,-0.149698383089111,0.140603934772942,1.97653002283516,-0.357033851597926,-0.532897178777143,-0.122604823809674,-0.947690533080035,-0.790299619933331,-1.10405955017743,-0.997971391549464,0.161542694595855,-0.981809978469622,-0.815421135809021,0.155757660811051,-0.912639279297342,0.742605221232578,NA,-0.846176244315676,-0.131406755509113,1.02529239391012,-0.163058933111454,-1.12153776718742,1.28792681982831,2.00532955752965,-1.38717085990717,1.63636421502054
"Sample111",0.828132807897374,1.21136317061438,-0.0947083709350498,1.89612160001445,1.64596591541552,-0.12675233633836,-0.175185646520569,-0.399468190037864,-0.122873975780732,2.08186306337664,-0.371091653692342,-0.971729297726376,-0.271248562856661,0.0331040684348069,-0.999297615918152,-1.24686509665127,-0.993647366956695,0.829166015865899,-1.26188653616011,-1.06170632721471,-0.321716112877498,-1.06334190597341,0.795398449412371,0.0383927110767632,-0.436224496389797,-0.082651425361282,-0.686964484913373,0.0588118045350604,-1.08344642103474,1.21276035281308,2.24421441013032,-0.696299988275756,-0.408188557971925
"Sample112",0.338611313293925,1.02626024449333,0.10341659741497,2.19046786710311,1.0814601307206,-0.283569043290986,0.0400311816604881,0.0530755773476317,0.283058390478038,2.2090194247513,0.0686705342657763,-1.13587577059572,-0.953417721713427,-0.729312208072736,-0.858698247428114,-1.02430646942629,-1.11067993714366,0.339305916601765,-1.04139076007658,-0.938839449382705,0.0229659402208957,-1.16228925679671,-0.664653474459691,0.521998429250231,-0.436509869810152,-0.399081754654809,0.746950120998384,0.101274957636657,-0.991660781420915,1.23827569745402,2.28628707893824,-1.10091801996995,0.18007336161307
"Sample113",-0.396432870161081,0.677807097389692,-0.917768132880027,1.58578881679035,1.12366317505041,-0.544839984338748,-0.124337599757037,-0.287030226719167,0.708955558345813,1.43535432939236,0.936270483065978,-0.527412453685855,-0.227576719493252,-1.11745972243932,-0.989322778802487,-1.21725184046192,-1.20668013068954,-0.253541976558217,-1.17296695951849,-0.991589769597573,0.373647869674608,-1.0890828142465,0.842398175739656,-0.336287379596383,-0.120314039579286,0.15891222966397,-0.420619811768274,1.01994030695147,-1.01010385381216,0.328687691426426,2.47340331851129,-0.686194443695127,1.97198445579841
"Sample114",0.400258215248501,0.451372091742387,-0.106707191728089,2.66790352862623,0.595180718323304,-0.122463100010239,-0.142659454447151,-0.2104242158667,0.382439681999003,2.53264484100981,0.311842939734973,-0.704830419774226,-0.30166984766602,-0.395540991634404,-0.774209404087281,-0.984601705092117,-0.943521863106356,0.367775702484397,-1.06679938712327,-0.820540331593264,0.118475924246132,-0.83374151489156,0.637922524635003,-1.45204404100063,-0.742849310659755,-0.0230699412874454,NA,0.468697216275468,-1.04773899365971,1.01693436262658,NA,-1.03118760126443,1.75315156794084
"Sample115",0.258614862598524,-0.916543219704062,-0.2513358049329,1.85906822850681,1.4590172253448,-0.460889482621046,-0.0562371566933214,0.142958400622864,-0.142121859124497,2.22474343979693,0.0623252925259922,-0.902644380439508,-0.741061564282756,-0.764517830769561,-0.694326622575951,-0.682590056626617,-0.926035869666854,-0.811345575811477,-0.921266278133795,-0.67113130474364,0.238714243977588,-0.764517830769561,0.495342172919062,-0.850725784830288,-0.60015914878047,-0.192074343615449,0.307500622133985,0.30675006434748,-0.515166548114222,0.886364188425571,2.4630115283097,-0.926035869666854,2.08631626239353
"Sample116",-0.268101202682963,1.03467452748095,-0.295073290305045,2.00816987448714,0.84784352141793,-0.992022445087797,-0.0735188233660559,-0.359348654993134,1.04375516570839,1.85647657824883,1.1484405472329,-0.512326645386331,-0.14436788487238,-1.04399474115452,-0.96326055256972,-1.44683808704878,-0.943177590344945,-0.124650681430812,-1.02676558427867,-1.05731988132553,0.342549266432747,-1.29883194411808,0.727768265004373,-0.0226366842565845,-0.100068164732198,0.0131620645326512,-0.759705508828472,1.18508556354892,-1.28441232073524,0.10250267275758,1.86389665103625,-0.720460334917089,1.26255632454569
"Sample117",-0.0517846431717513,1.05286466476112,-0.601804047298806,2.053120636964,0.81762383081339,-0.758814232989368,-0.198205161443087,-0.22700556524321,0.502589305102741,2.01452935094589,0.836066446350266,-0.754477868778814,-0.210333962369171,-1.06514284526503,-0.916329077241436,-1.19904113616553,-1.01763909416339,-0.191599038517107,-1.10419204562193,-0.936511404451618,0.153254727969752,-1.11563716644283,0.618353757215138,-0.234129443677661,-0.110424021319698,-0.0263705027717975,-0.365225787669016,0.709518198575983,-1.23641369617996,0.630549486380903,2.16210635529971,-0.941293844275983,1.71179782467831
"Sample118",0.0855062760774175,0.641960654234945,-0.645820012015327,1.86720128404597,0.699852036014452,-0.493662476615962,-0.0472730977271719,-0.640336555248442,0.680803534219164,1.73952242488036,0.871376524861412,-0.777742718723583,-0.317016001392662,-1.1090411783059,-0.977422436436306,-1.48161964097183,-1.24226124863025,0.150395108247411,-1.13506054271751,-1.04046304104366,-0.097055150528171,-0.903772833896282,0.985214141689579,0.561934888842817,-0.417499249386236,-0.126678301403349,-0.354080703910925,1.15203321543363,-1.27712140968626,0.819380408823895,2.01384758762249,-0.778786885557957,1.59368539920424
"Sample119",0.299737842048708,0.704405514977333,-0.302092137455469,2.16963490577512,0.751167093551272,-0.359655481542568,0.127853804826782,-0.223931558921578,0.58727601225177,2.15189939299526,0.703043158296716,-0.845399294218464,-0.199207332533567,-0.678421411408479,-0.876508780067926,-1.21785517527558,-1.12619537298407,0.262201782616085,-1.12619537298407,-0.887862905981424,-0.215118834212967,-1.06456051482959,0.971826231501886,0.265437817344439,-0.728626251260449,-0.447509998983952,-0.477345682748073,0.861420884545902,-1.04631706971179,0.534602903546356,2.67264115428267,-1.03087392830623,-0.209471395134048
"Sample120",-0.199305429384124,0.538871642469584,-0.69853994995015,1.92939100043236,1.71841021448317,-0.359846745329534,-0.139205888666281,-0.483307052403936,0.426337376673373,1.69432811825144,0.600710722610753,-0.803315412564598,-0.395827815261624,-0.943672696009215,-1.13225999245365,-1.33159291577029,-1.26600971073222,-0.29996235581982,-1.18937022265704,-1.01373264545607,0.164643043101573,-0.82554349136728,0.526222543966889,-0.157596581080376,0.0988558142631793,0.128628192803686,-0.0604740649896942,0.835973516094606,-1.03749137717681,0.75743028887308,2.18984031064879,-0.936044114455561,1.6634556768558
"Sample121",-0.0633375983547345,0.312627948869931,-0.584102392411933,2.31250324902676,0.612678814919923,-0.646289339281074,0.00561279883439796,-0.173545202157974,0.306234275526864,2.25277585732313,0.657081564864653,-0.685535750327215,-0.339150324843541,-0.8613339160141,-0.834423572045905,-1.07730634890467,-1.11225024008119,-0.340865795569484,-1.09292783834824,-1.04436037196087,0.378147770043305,-0.84668781478595,0.801718898708253,0.517910382517228,-0.640481756892841,0.172843087445747,NA,0.63759322976899,-1.30032701983135,1.03269995065158,NA,-0.634732106505742,2.27722955981606
"Sample122",0.447778818820281,0.519675553964676,-0.661331670452807,1.7543727660991,1.41927003939233,-0.318231759861216,-0.362606457974902,-0.371942892899295,0.44285787146312,2.00943847597296,0.696498365630609,-0.710210227657253,-0.37131401054529,-0.857867504854472,-0.869951851190669,-1.17344091065319,-1.0799065969775,0.267787245573036,-1.06668916711722,-1.02934816246936,-0.0303824511772217,-0.976238588400002,0.465782048346966,-1.10764921898035,-0.482839933505992,-0.184003997583131,0.373811981773413,0.560519171226066,-1.0263802674824,1.00668356144951,2.12864628078102,-1.1335128517941,1.72072634108328
"Sample123",-0.250543979446351,1.10597167596306,-0.983468255018436,1.75954600542241,1.29796952192976,-1.0546289598785,-0.152338005749568,-0.233089787814866,1.11449575637565,1.58407946572693,1.14220443173898,-0.498150282299214,-0.168854884673154,-1.05116202323523,-0.833868593995283,-1.22295042371158,-1.04771924596443,-0.202402367847167,-1.0145499808244,-0.971563185490839,0.379466882883517,-1.22295042371158,0.690073401279457,0.191500344049677,-0.508407463470295,-0.101800742536492,-0.387458256114204,1.52597575749423,-1.21808302997159,-0.08246317807911,1.70689910561112,-0.759623701828625,1.46789442318612
"Sample124",0.188287385914596,0.966419346393692,-0.154549506561793,1.93766040042959,0.994400323288369,-0.224332594618943,-0.203225627433576,-0.357682579530789,0.460494254933356,2.27343844424406,0.592853916710844,-0.810666835390936,-0.391509295234138,-0.894696215426648,-1.02578961709566,-1.30328807140557,-1.15573229348674,0.20881818967807,-1.19474791520461,-0.978049121429754,0.362445594121022,-0.764577719701959,0.295237597943716,-0.487641162925929,-0.222021476429228,-0.288293036404224,-0.128794736616829,0.521468766474008,-1.12399428476382,0.651311049677027,2.04745817002191,-1.44829361409419,1.65759226392507
"Sample125",0.315203080388207,0.573970077887169,-0.719386941128191,1.84295561268435,0.596406817757286,-0.281711367260439,-0.191248274504924,-0.50927316056837,0.879477658214379,2.07774537577979,0.936732135401883,-0.757407504497728,-0.118972562140005,-0.120296314990357,-0.961305095741845,-1.10320290933847,-1.06515791955503,0.182659996896618,-1.00594720324361,-0.977551381385149,-0.409237698125713,-1.0890082588554,-0.795042040128728,0.275176692508719,-0.627420423439957,-0.363257551483077,-0.347205315079855,1.03430577457603,-0.920550044750328,0.799713149268574,1.89414929282993,-1.22143046836658,2.17611677039083
"Sample126",0.291826411687315,0.776604602271022,-0.26727314123126,1.96412871698869,0.708415450101067,0.174304784299918,-0.0965936872656328,-0.193080546975265,0.512714054947429,2.04879437524032,0.643351187845069,-0.749449171522975,-1.03215716441343,-0.397695237787302,-1.20965010816866,-1.09239635643958,-1.05466473258408,0.24165134289115,-1.10691408877817,-0.878553986533001,-0.0741087616629037,-0.81147846007895,-0.786773722021959,0.274629918584738,-0.499354050120603,-0.722897394429181,-0.187443604369459,0.684252943549105,-1.00770259042891,0.537645750569996,2.67192119257823,-0.913673700084041,1.55161977334132
"Sample127",0.0359476532350788,0.545976802879335,-0.457979803735841,2.161348072081,0.164912967345381,-1.40672007229058,0.0538450630101839,-0.205275106888231,0.691494779907266,2.05337829845249,0.667331265578547,-0.619585588429469,-0.112554006735148,-0.389789240071673,-0.77282765386735,-0.831178171517166,-1.10476407719063,-0.17999318461204,-0.989126933571841,-0.806594685109275,0.0372053639702549,-0.518415160808991,0.752844743896127,0.0844253197676676,-0.746074794385854,-0.300194907546427,0.826778272094646,-0.96929640741599,-1.13356720480443,0.556206281101187,2.2272297332491,-1.23967858788772,1.92469097030038
"Sample128",-0.0882746213075338,0.470348385607866,-0.389469207742174,2.14607920544962,-0.169028576428205,-0.668542986415839,-0.19442745649653,-0.314807412772599,0.488514591887028,2.36967270921879,-0.43438295725105,-1.04164896194591,-0.103701998952824,0.271370332908042,-1.04164896194591,-0.590307645754425,-1.25691311668713,0.637696288034947,-0.956651054305956,-0.874971504767302,-0.301451428309252,-0.0242656739673369,1.07154567725749,0.219054139125149,-1.00690129148315,-1.29578598918958,0.490008939566039,0.152249909250105,-0.732803157278777,0.600677999715615,2.06928171433738,-1.25691311668713,1.75639722733055
"Sample129",-0.52445251631601,0.312909002547205,-0.0346088034799752,1.80182850112259,-0.544770059186439,-0.388278435671674,-1.12843569697563,-0.276539893748353,0.334752458138096,1.578265958521,-0.249822810602512,-0.799837252482953,0.350174269982524,0.688112847926548,-1.13259852341298,-0.172873979468636,-1.13259852341298,-0.182918938710465,-1.13259852341298,-1.13259852341298,0.194579357918589,-0.119811937637799,0.8771293621305,-1.06686903484276,-0.819311827622225,-0.492008145082238,0.72011165885028,0.820411157828604,-0.554241717015648,0.544943050595247,2.25481803652243,-1.13259852341298,2.5397380038246
"Sample130",-0.445188259425422,0.299396024478796,-0.19434707248437,1.77959105718197,0.738366147634676,-0.790811251026519,-0.659082618052275,-0.268673865438972,0.590725598267713,1.28849227044467,0.559868206612046,-0.618182760992861,0.243689409814538,0.286331445944477,-1.1255094500803,-0.649387361568078,-1.27106096586527,-0.304799686022469,-1.39340693222655,-1.43634128589099,0.106041788072896,-0.575127319524853,0.79091703927062,-0.348604570104481,-0.788981082361685,-0.0444343603585646,0.480736587979835,0.365755469252733,-0.856472877980572,0.453689602593716,2.22733229536728,-1.1422022034113,2.70168097989956
"Sample131",-0.266381516584878,0.331616246525684,0.352636885438846,2.03768100228539,0.194474593414945,-0.486820557632662,-0.807782586382547,-0.391697303341506,0.313615627146068,1.63889180502727,-0.103548663642792,-1.05514181946074,0.0696238371398007,0.715316841534911,-1.27665331166614,-0.38213009141982,-1.29201833772607,-0.089657752513337,-1.43162871813401,-1.29990423604138,-0.0814920117462858,-0.536527142117872,0.751545762745142,-0.45306997583412,-0.404663250949446,-0.387571888413293,0.80356567763694,0.209059909198341,-0.901309694126479,0.609744310328043,2.13331616694527,-0.979301215802576,2.4662114081693
"Sample132",-0.464367049926074,0.4154832134458,-0.283237140786797,1.74618443011776,0.537619747829484,-0.70230600432575,-0.919564482739193,-0.566009513390099,0.547396147739252,1.22624906083713,0.732825705744364,-0.9243656757219,0.0828413709688382,0.833211044461886,-1.22717279987465,-0.491375844692382,-1.29172692925257,-0.236051573616077,-1.42454927742146,-1.30540754511553,-0.294228054440024,-0.547741432786683,1.12213693980794,-0.0750654278547972,-0.750706633924308,-0.147674128080514,0.371881746697749,0.869003905118042,-0.84352531502327,0.36628578526324,2.27495926716927,-0.950222719270267,2.3192191830416
"Sample133",-0.569169453297422,0.478633753890499,0.185702243456723,1.75573650428847,-0.90833369341133,-0.438348760227602,-1.09650238507071,-0.497955413770015,0.486861845853171,1.2893221903662,-1.03210696373412,-0.843817487864051,0.197144427075391,0.830980053750185,-1.10040619339663,-0.275972004505838,-1.10040619339663,-0.190800902898572,-1.10040619339663,-0.988383382584593,-0.241291171102576,-0.47061813643462,1.38456879304175,0.206095089000609,-0.414718089838289,-0.609096084710361,1.0636142279547,0.339064101882472,-0.552092115337455,0.422302517437099,2.36415403644391,-0.962626300521822,2.38887114105808
"Sample134",0.0198828715042681,0.139336090811762,0.0946764350445643,2.49815358656703,0.107114845532275,-1.36203904590434,0.0892875186969349,-0.144810914499941,0.422066232638402,1.73535673056616,-0.21044937012429,-0.553674077003573,-0.125113717818098,-0.613682186702916,-0.77877345133379,-0.568353739573023,-1.0938484751072,-0.256458984063265,-0.969851928290989,-0.793186603079141,0.0713193741712082,-0.964536752599231,0.914509669066477,NA,-0.811286096021255,-0.282629767954173,1.24042071651959,-0.380628466722199,-0.985211417406269,1.00331028668096,1.94427152773453,-1.27385567291846,1.88868478158798
"Sample135",-0.371994310661489,0.661199846099849,-0.266215883365228,1.79877243489047,-0.789479373392729,-0.348325108106001,-1.00030823444197,-0.559999718571231,1.04350217716434,1.71075709915113,0.790922586675239,-0.983231141897716,0.168806276126476,-0.151601321235762,-0.64908740673406,-0.521371046944985,-1.00468215794566,-0.389237241490813,-1.00468215794566,-1.00468215794566,-0.234865238188248,-1.00468215794566,0.979217546103308,0.537623465655311,-0.750625174892971,-0.995976983823982,1.02403324675732,0.330298491095524,-0.811681483016846,0.690913897475655,1.38331616308066,-1.00468215794566,2.72804722621704
"Sample136",-0.183991413400689,0.2348942227025,-0.170548223092261,2.38089707875237,0.319820271342919,-1.02887377423336,-0.00787565837090364,-0.159843828522743,0.696142412998734,1.53173075041885,0.258166740131403,-0.677543425961639,-0.144315598130671,-0.790133023020521,-0.641453372495249,-0.776938676137607,-0.926986150982279,-0.351413808742671,-1.02155776862253,-0.770458454166822,0.146149357627615,-0.933138778951374,1.15152591245973,-0.949465718957409,-0.957168049237947,-0.270164415849142,0.986424069954766,0.114357111650178,-0.843166822841367,0.584356393999013,2.46776303385612,-1.19634220250756,1.92915180833055
"Sample137",-0.132319511250156,0.331584697386804,0.139602487603789,2.44620720105356,0.881604179676939,-0.754082084935651,-0.0780834970737537,-0.292361809350544,0.439618790268397,1.53863941337527,0.0801329457813065,-0.663494915279942,-0.0991020027238396,-0.509045024427874,-1.02219317401103,-0.623515445005714,-1.25698392661198,-0.218706419821184,-1.38610634822849,-1.04283121546069,0.0529927159764626,-0.964086796829477,0.676040694480477,-0.467449863976879,-0.709131401491341,-0.196848250817656,1.1881014283103,-0.0381311640435211,-1.067679503546,1.35693175065504,1.92324507191243,-1.30467282958727,1.77212380799221
"Sample138",-0.036532462261434,0.272799503689408,0.198239788165879,2.58648281681818,0.0356956888257733,-1.20470262958013,0.0538824480291172,-0.245627256091446,0.414787224190308,1.86056510154986,-0.0988099936534468,-0.590364984211518,-0.158219057801941,-0.638243177541933,-0.943495108505433,-0.603967379137186,-1.09591970038834,-0.144395211586517,-0.99587908153418,-0.813493603688946,0.0182710004212822,-0.810274636713576,0.919513077046904,NA,-0.908193668494258,-0.407458623915086,1.07144943034641,-0.221220448572811,-0.873695135929789,1.07306811170138,1.88113973542178,-1.36277064404063,1.76736887744231
"Sample139",-0.250089471846255,0.118618499284233,0.141577421312338,2.27120699578277,0.0775439809317464,-0.9660710311029,-0.00880238598415803,-0.308648391051799,0.49263531222545,1.51537878582976,0.0265295064518641,-0.863538818812602,-0.0671627160218854,-0.332795397979461,-0.917428968864494,-0.598158118882379,-1.04970716705842,-0.355274102828617,-1.22782709844636,-0.977766793501752,-0.253131417955499,-1.02964448039473,1.48511048982217,-0.0571941246094061,-0.872263764158844,-0.369257995193615,1.13004393110847,0.323465158178548,-0.873866446548783,0.848214184112253,2.29511742096466,-1.22944778863974,1.88263479387746
"Sample140",-0.142958630039752,-0.21093864192916,0.472683201236416,2.14699842503177,-0.20197666295719,-1.08127505349234,0.106617749428936,-0.218394584755297,0.604778764029401,1.56058755542907,-0.547291580651713,-0.792831538871106,-0.130235212654887,-0.585673701593864,-0.701650922661528,-0.656252069605873,-0.955681238345761,-0.260794812828418,-0.976022936381353,-0.828051659002759,-0.121932150846509,-0.934951876058051,1.54755760482464,0.0551533398827707,-0.973433747648753,-0.433838773954351,1.47103603927452,-0.147273962304096,-0.815716814983868,0.718473785616793,2.41084368248164,-1.17290016980427,1.79534659413493
"Sample141",0.17537408249201,0.524550873494772,-0.201385066012554,2.20746504245509,0.880333119209838,-0.944225202765193,0.0529910549293287,-0.198137736542657,0.300193511189427,2.39054046444986,0.11149549180137,-0.740018196670338,-0.30781629585283,-0.700577158283216,-0.887736903525644,-1.04538723980061,-1.0813177652713,0.00984963512733436,-1.06953290859244,-0.883724951222892,0.00459469119422715,-0.960293003328325,0.599689142240767,0.0428597606959987,-0.648309573231982,-0.257880821051354,-0.60728746819149,1.06874808963343,-1.2217909048005,1.2788871337106,1.64530730234871,-1.16920474162402,1.63174654179458
"Sample142",0.139373685600272,0.528616102777641,-0.662319439276766,2.53758969342007,0.763170548769227,-0.421722907373447,0.100150028228063,-0.325225834877282,0.545229527814234,2.47515732874806,0.393982882276257,-0.773313167467061,-0.171435834492461,-0.690962434495641,-1.08097023465866,-1.15352937752709,-1.10300261635933,0.220235917627612,-0.995069485203949,-0.763576332455143,-0.186256155329395,-1.13206761158288,1.13969150959607,0.313972546771035,-0.689782830088984,-0.518624541051254,-0.126690415655633,0.998123958810096,-1.1381009517977,1.36820888000451,1.53621186642496,-0.946068300180427,-0.180996006995
"Sample143",0.215549225871733,0.624245368531005,-0.134136831350937,2.6293981968292,0.915820161662005,-0.341862150974738,-0.141150066194027,-0.294750739123825,0.0346954250180437,2.31433174360725,-0.471595697167744,-0.735035928161923,-0.282840682966894,-0.369214329311045,-0.721865614592411,-0.819649145237075,-0.856849544566626,0.251393589039526,-1.0247597687727,-0.770523935673227,-0.0168570774678456,-0.849387894103591,0.671758944147057,-1.28713240873571,-0.946295490093666,-0.344454348650456,0.315584202965678,0.0718037257975176,-1.03553000745887,1.25382283067605,1.89596245324805,-1.17532689217038,1.42485268538058
"Sample144",-0.0154923427003773,0.401916477891638,-0.38355396464707,1.87888642608721,1.05679740395693,-0.659161264928662,0.00896651348270938,-0.165670030426557,0.412295804501771,1.77438976580183,0.410319243150529,-0.699239521017167,-0.300365388944483,-0.885430108667981,-1.03293156320881,-1.23884944298694,-1.1163077554864,-0.184809226851792,-1.19825406443341,-0.941221130775427,0.114436261723357,-1.13795226220729,0.562574227009013,0.259274387009632,-0.519786241177315,-0.172383871741066,-0.129032977129803,1.1407868467827,-1.30990425412886,1.40638552078167,2.0159840732175,-1.13428397234234,1.78161643240525
"Sample145",0.357535150696488,0.714123271710228,-0.237899838189362,2.04810152010464,0.950444888433293,-0.701583093624427,-0.14754146187349,-0.192469956797261,0.146288094791999,2.6024980991844,0.421387775485968,-0.713990192674436,-0.324596128736309,-0.754066544577575,-1.06684586904982,-1.17579656894888,-1.14265819161941,0.290760491669908,-1.24113505746033,-0.966940075463206,0.00708290895027709,-1.14696042409027,0.585627055027378,0.131261018547555,-0.442961767973708,-0.257368974623965,-0.45774489173937,0.689912840292135,-1.18731255836805,0.861988264501375,1.61595229112947,-0.947216877433408,1.68212480271817
"Sample146",0.2841726303724,0.693983881877053,-0.372322992375265,2.15579427610363,0.758818554573361,-0.673264712264376,0.0445398678998938,-0.366593264191792,0.23669037388179,2.490038343471,0.247732347682915,-0.795427725056777,-0.394432524196028,-0.837366497559277,-0.979571205856879,-1.2352297126431,-1.14598699478069,0.375442532996153,-1.01433300803501,-0.739127281817014,-0.0063845947319452,-1.0225096265713,0.58136087294176,-0.297469145022659,-0.722545814596757,-0.105892131584832,0.225251175795104,1.11957352311739,-1.40721158825814,1.23142261563392,1.45822789467507,-1.1603758648049,1.3729957933253
"Sample147",0.450782161470198,0.520139712490741,-0.198073434781355,2.61874842493639,0.682421626630273,-0.35430441151767,0.160527997384846,-0.282288847589355,0.124677077855411,2.87972494088268,-0.461008165565373,-0.846424385292041,-0.176706898005867,-0.79814081884187,-0.902155022075133,-0.947101862200043,-0.951383377448577,0.581066940988043,-1.102955504881,-0.833648070410994,-0.0792112016304016,-1.00248950754708,1.19228314471723,0.293655427383316,-0.879155161692943,-0.0992207998772104,0.242383042509012,0.110751480279215,-1.09915483348974,1.35707138983021,1.21211676235675,-1.07509315291048,-0.337834673957188
"Sample148",0.0754802042227165,-0.149674201496696,0.00988157959713944,1.96860663360091,1.32088205881498,-0.620761240363326,0.0465492278287045,-0.119142884730327,0.159463150965066,1.94946195875622,-0.175997173641289,-0.625384328324962,-0.342513951389588,-1.02614863199825,-0.97615561204143,-1.16771596839195,-1.12078474733434,-0.264985214256119,-1.15448372449151,-0.826672799880465,0.0729166851807238,-0.971567076730383,0.61345312124857,0.0756768672109137,-0.362490937558393,0.0176486507682738,-0.456789596654962,0.73785123093183,-1.12487771538817,1.71722357716711,2.20845124790654,-1.0539986771995,1.56659828767195
"Sample149",0.258737978069453,0.343508481324362,-0.448656771922542,2.49858458383378,0.491562596028376,-0.0508196433209691,0.0197341393824916,-0.316204243263366,0.497907189907357,2.30996047617824,-0.414573768658483,-1.08189642810801,-0.935029949264341,-0.381249653082566,-1.1031575110588,-1.1031575110588,-1.1031575110588,0.473900210468901,-1.07367153791226,-0.923295418845141,-0.340156758493069,-0.978755707428506,0.542212946990827,0.375198508710752,-0.633015338954226,-0.12017934432848,0.067315328315243,0.665106711541133,-0.911865716299619,1.20759933797035,1.26369682703882,-1.05375778596998,1.95757528326787
"Sample150",0.237131092320967,0.492448510767818,0.740151565696061,2.19958059169588,0.949925890550875,0.0821464304630282,-0.547633920266611,-0.210528267073925,0.243760719268226,2.28646280443794,-0.32363543373763,-1.12688488821582,-0.973541077707557,-0.235991060773365,-1.14007503445266,-0.929189121134088,-1.14908366019479,0.210556724399947,-1.14908366019479,-1.01577948034143,0.179078607162826,-0.533124550183846,0.490785546823765,-1.07761358897549,-0.325146702371495,-0.527211660089114,0.53869075763164,0.433973945245019,-0.940603999233475,1.3548897008593,2.41297019318732,-0.626509489741103,-0.020917485823407
"Sample151",0.206067013518965,0.0248315853658489,-0.879195306026277,2.27997412387324,1.47341409250177,-0.260858146792759,0.0320651985656317,-0.14429266248281,0.127913824215854,2.19440421884363,-0.275389466780964,-0.659765480387766,-0.353574714029337,-0.621725002906347,-0.880228662324483,-1.00510421351052,-1.07906365609181,0.131721116279959,-1.14959736752365,-0.852062471432159,0.183872414758305,-0.861943115578922,0.535074933209857,0.382966785017959,-0.676787261449607,-0.0914468209769059,-0.852062471432159,0.61647548065581,-1.06695893725153,1.4305063529069,1.69271538832496,-1.20535253244026,1.60340576137956
"Sample152",0.302827341850143,0.50757390377041,0.0527430865885182,2.14905798280607,1.01664974182073,-0.2151189195443,-0.0547079782514586,-0.354172754855257,0.193962951109821,2.61129954572294,-0.42900507630142,-0.801418700219467,-0.385136678502121,-0.285832587239596,-1.01502071912574,-1.11837929875156,-1.07011400730175,0.391426345234336,-1.15964969766188,-0.77367343439887,-0.0240609302588788,-0.804020489806652,0.465229264991991,0.316401038503125,-0.943344694370792,-0.280862946051941,-0.208867930532317,0.0646747278199264,-1.25107263026212,1.44691677329005,1.62683671646098,-1.41728308197826,1.44614313544533
"Sample153",0.174218756358452,0.339676215151442,-0.164269599504682,2.24024897023205,0.856318597511668,-0.215358359867511,-0.0616186646573308,-0.430810642341205,0.327706924211028,2.22089451203782,-0.475389681882307,-0.924557391736298,-0.331393815773264,-0.496967761775422,-0.937901923402162,-1.02570928972527,-1.11586600860949,0.178432033602098,-1.1725446758541,-0.975404005934596,-0.174916891694258,-0.944257942551973,1.09571723939114,0.0174064730864295,-0.799970460277914,-0.264391835424382,0.177091363193254,0.638486260171075,-1.19200081230176,1.31034568044007,1.90549698445751,-1.26082587953601,1.48211563300589
"Sample154",-0.0295725628305712,0.544356955359023,-0.130302223346408,2.1769332225276,1.38074010501209,-0.350202612711388,0.164325718311304,-0.341735016554217,0.512406436779057,2.01712456436182,-0.0577598218555871,-0.848654152203005,-1.14813234610697,-0.768680948131248,-1.25133277219702,-1.17547746236056,-1.17197506026583,-0.0724829984538602,-1.06007982247363,-0.812057488588088,-0.269212126744372,-0.914363010010534,1.01541928626267,0.386489055714765,-0.419207434393478,0.028196476725307,-0.0104306939275134,1.00736736208338,-0.937648817756565,1.44552456993022,2.14091456053754,-0.922703641719304,-0.127787300974612
