Sample,Abiotrophia_defectiva,Actinomyces_gerencseriae,Actinomyces_naeslundii,Actinomyces_oris,Actinomyces_viscosus,Aggregatibacter_actinomycetemcomitans,Aggregatibacter_aphrophilus,Aggregatibacter_segnis,Alloscardovia_omnicolens,Anaeroglobus_geminatus,Bifidobacterium_dentium,Bifidobacterium_longum,Brevundimonas_diminuta,Bulleidia_extructa,Campylobacter_concisus,Campylobacter_curvus,Campylobacter_rectus,Campylobacter_showae,Capnocytophaga_gingivalis,Capnocytophaga_granulosa,Capnocytophaga_sputigena,Cardiobacterium_hominis,Cardiobacterium_valvarum,Catonella_morbi,Comamonas_testosteroni,Corynebacterium_durum,Cryptobacterium_curtum,Desulfomicrobium_orale,Dialister_invisus,Dialister_micraerophilus,Eggerthia_catenaformis,Eikenella_corrodens,Enterococcus_faecalis,Filifactor_alocis,Fusobacterium_naviforme,Fusobacterium_necrophorum,Fusobacterium_nucleatum,Fusobacterium_periodonticum,Gemella_haemolysans,Gemella_morbillorum,Granulicatella_adiacens,Granulicatella_elegans,Haemophilus_aegyptius,Haemophilus_haemolyticus,Haemophilus_sputorum,Jonquetella_anthropi,Kingella_denitrificans,Lachnoanaerobaculum_saburreum,Lactobacillus_crispatus,Lactobacillus_gasseri,Lactococcus_lactis,Leptotrichia_wadei,Megasphaera_micronuciformis,Mogibacterium_timidum,Mycoplasma_orale,Neisseria_bacilliformis,Neisseria_elongata,Neisseria_flavescens,Neisseria_lactamica,Neisseria_meningitidis,Neisseria_mucosa,Neisseria_subflava,Oribacterium_sinus,Parvimonas_micra,Peptoniphilus_indolicus,Peptostreptococcus_stomatis,Porphyromonas_catoniae,Porphyromonas_endodontalis,Prevotella_buccae,Prevotella_dentalis,Prevotella_denticola,Prevotella_melaninogenica,Prevotella_micans,Prevotella_oris,Prevotella_scopos,Prevotella_shahii,Pseudoramibacter_alactolyticus,Rothia_dentocariosa,Schaalia_georgiae,Schaalia_meyeri,Schaalia_odontolytica,Selenomonas_artemidis,Selenomonas_flueggei,Selenomonas_noxia,Selenomonas_sputigena,Shuttleworthia_satelles,Staphylococcus_epidermidis,Staphylococcus_warneri,Streptococcus_anginosus,Streptococcus_australis,Streptococcus_constellatus,Streptococcus_cristatus,Streptococcus_gordonii,Streptococcus_infantis,Streptococcus_intermedius,Streptococcus_mitis,Streptococcus_mutans,Streptococcus_oralis,Streptococcus_parasanguinis,Streptococcus_salivarius,Streptococcus_sanguinis,Streptococcus_sinensis,Streptococcus_sobrinus,Streptococcus_vestibularis,Tannerella_forsythia,Treponema_denticola,Treponema_lecithinolyticum,Treponema_maltophilum,Treponema_medium,Treponema_vincentii,Veillonella_atypica,Veillonella_dispar,Veillonella_parvula
10737_stable_0,0,0,10,0,0,0,0,0,0,2,0,0,0,0,0,0,0,0,0,0,0,0,0,0,0,0,0,0,30,0,0,0,0,0,0,0,4345,0,0,0,0,0,0,9,0,0,0,0,0,108,207,0,0,0,0,0,0,0,0,0,0,0,0,0,0,0,0,0,0,0,0,0,0,0,0,0,0,0,0,0,0,0,0,0,0,0,0,0,0,0,0,1180,0,0,0,0,27,0,4,11,0,0,0,0,0,0,0,0,0,0,0,0,0
10737_stable_2,0,0,22,0,0,0,0,0,0,0,0,0,22,0,0,0,0,0,0,0,0,0,0,0,0,0,0,0,15,0,4,0,0,0,0,0,3737,0,0,0,0,0,0,0,0,0,0,2,0,75,220,0,0,0,0,0,0,4,0,0,0,0,0,0,0,0,0,0,0,0,0,0,0,0,0,0,0,0,0,0,0,0,0,0,0,0,0,0,0,0,0,1218,0,0,0,0,58,0,8,7,0,0,0,9,0,0,0,0,0,0,0,0,1
10737_stable_4,6,0,172,0,0,0,0,0,0,0,0,0,0,0,0,0,0,0,0,0,0,0,0,0,0,0,0,0,30,0,8,0,0,0,0,0,2996,2,0,0,0,0,0,3,0,0,0,0,30,53,144,0,0,0,0,0,0,0,0,0,0,0,0,0,0,0,0,0,0,0,0,0,0,0,0,0,0,0,0,88,0,0,0,0,0,0,0,0,0,0,0,1157,0,0,0,4,11,0,16,13,0,0,0,0,10,0,0,0,0,0,0,0,0
10737_stable_6,0,0,0,0,0,0,0,0,0,0,0,0,0,0,0,0,0,0,0,0,0,0,0,0,0,0,0,0,25,7,15,0,0,0,4,0,2683,0,0,0,2,0,0,7,0,0,0,0,0,59,127,0,0,0,0,0,0,0,0,0,0,0,0,0,0,0,0,0,0,0,0,0,0,0,0,0,0,0,0,0,0,0,0,0,0,0,0,0,0,0,0,943,0,0,0,0,70,0,0,4,0,0,0,0,0,0,0,0,0,0,0,0,0
10737_stable_8,0,0,20,0,0,0,0,0,0,0,0,0,20,0,0,0,0,0,0,0,0,0,0,0,0,0,0,0,51,5,18,0,0,0,3,0,3880,0,0,2,0,0,0,0,0,0,0,0,0,95,237,2,0,0,0,0,4,0,0,0,0,0,0,0,0,0,0,0,0,0,0,0,0,0,0,0,0,0,0,0,0,0,0,0,0,0,0,0,0,12,0,1204,0,0,0,8,92,0,3,29,0,0,0,0,0,0,0,0,0,0,0,0,0
10737_stable_10,85,0,2132,4,0,171,0,0,0,146,0,10,73,0,0,0,0,0,0,0,0,0,0,0,85,0,0,0,48,7,39,0,0,0,38,172,2980,0,4,6,0,0,0,10,0,0,0,0,0,51,136,11,0,0,0,0,0,0,0,0,0,0,0,0,0,0,0,0,0,0,9,0,0,0,0,0,0,0,0,176,0,0,0,0,0,0,0,0,0,8,5,1640,0,0,0,80,38,0,15,265,4,5,0,359,65,271,0,0,0,0,5,0,3
10737_stable_12,10,0,9075,0,0,53,0,0,0,169,0,0,125,0,8,0,0,0,5,0,0,0,2,3,21,11,0,0,80,6,150,0,0,0,97,629,6757,0,0,0,0,0,0,0,0,3,0,0,14,56,133,9,0,0,0,0,0,0,0,0,0,0,0,0,0,0,0,0,0,0,0,0,0,0,0,0,0,0,0,200,0,0,0,0,0,0,0,0,5,5,4,1733,0,0,0,66,620,0,115,192,11,0,2,155,38,158,0,0,0,0,4,0,1
10737_progressing_0,6,0,17517,86,0,126,11,0,0,1006,0,0,445,0,15,0,0,0,0,0,0,0,0,16,553,0,0,0,318,27,108,0,0,43,1,29,1778,4,5,106,0,0,0,14,0,0,0,0,0,39,307,31,0,0,0,0,0,0,0,0,0,0,0,0,0,0,0,0,0,0,15,0,0,0,0,0,0,0,0,0,5,0,0,0,0,0,0,0,205,77,0,312,71,0,12,230,497,4,21,1236,20,0,0,2951,284,647,0,0,0,0,0,0,0
10737_progressing_2,12,0,14924,13,0,283,6,0,0,730,0,0,321,0,0,0,0,0,0,5,0,0,0,0,575,6,0,0,140,0,27,0,0,0,10,43,553,6,0,0,0,0,0,31,0,0,0,0,15,17,110,4,0,0,0,0,0,5,0,0,0,0,0,0,0,0,0,0,0,0,0,0,0,0,0,0,0,0,0,0,0,0,0,0,0,0,0,0,111,0,0,450,0,0,0,89,1751,7,125,2530,70,14,12,815,39,402,0,0,0,0,0,0,0
10737_progressing_4,6,0,5661,6,0,62,10,0,0,126,0,0,73,0,0,0,0,0,0,0,0,0,0,9,347,18,0,0,154,43,24,0,0,0,7,14,749,0,0,0,0,0,0,0,0,4,0,0,0,21,46,12,0,0,0,0,0,0,0,0,0,0,0,0,0,0,0,0,0,0,0,0,0,0,0,0,0,0,0,0,0,0,0,0,0,0,0,0,0,141,0,977,0,0,0,22,351,4,20,5906,17,0,0,210,63,445,0,0,0,0,0,0,0
10737_progressing_6,19,0,3638,10,0,38,0,0,0,545,0,0,14,0,0,0,0,0,0,0,0,0,0,0,569,0,0,0,193,15,48,0,0,23,22,406,484,0,0,0,0,0,0,0,0,0,0,0,0,8,106,4,0,0,0,0,0,0,0,0,0,0,0,0,0,0,0,0,0,0,0,0,0,0,0,0,0,0,0,0,0,0,0,0,0,0,0,0,7,0,0,9,0,0,0,60,880,0,56,1515,6,3,0,405,216,188,0,0,0,0,0,0,0
10737_progressing_8,255,0,5691,28,0,59,0,0,0,245,0,0,20,0,0,0,0,0,0,0,0,0,0,0,732,9,0,0,416,42,46,0,0,34,39,160,1298,58,0,13,4,0,0,5,0,0,0,0,0,4,278,11,0,0,0,0,27,0,0,0,0,0,0,0,0,5,0,0,0,0,0,0,0,0,0,0,0,0,0,0,0,0,0,0,0,0,0,0,9,50,0,1530,43,0,8,131,2799,0,211,3724,44,14,6,698,53,33,65,0,0,0,0,0,2
10737_progressing_10,149,0,24664,63,0,575,0,0,0,1013,0,0,82,0,3,0,0,19,0,0,0,0,2,0,602,9,0,0,172,6,699,0,0,63,57,532,2003,39,0,0,0,0,0,4,0,0,0,0,0,6,53,11,0,0,0,0,0,0,0,0,0,0,0,0,0,0,0,0,0,0,0,0,0,0,0,0,0,0,0,253,0,0,0,0,0,0,0,0,77,52,0,68,0,0,0,63,2542,0,273,3030,60,26,6,971,32,210,0,0,0,0,8,0,0
10737_progressing_12,5,0,4158,467,0,424,31,0,0,854,0,2,42,0,0,0,0,27,0,0,0,0,0,0,6428,64,0,0,106,0,0,0,0,0,0,430,671,0,9,0,0,0,0,5,0,0,0,0,0,13,78,42,0,0,0,0,0,0,0,0,0,0,0,0,0,0,0,0,0,0,97,0,0,0,0,0,0,0,0,0,0,0,0,0,0,0,0,0,117,145,54,350,0,0,23,257,2110,0,182,7860,216,24,11,1232,18,739,0,0,0,0,2,0,0
10793_stable_0,74,0,154,0,0,15,0,0,0,21,0,6,255,49,37,0,0,0,31,9,0,0,20,70,108,46,0,0,1013,16,397,27,0,181,50,1152,965,0,19,0,0,0,0,67,0,0,0,0,200,25,48,52,0,0,0,0,0,0,0,0,0,0,0,91,0,4,0,0,0,0,0,0,0,0,0,0,0,0,0,0,0,0,0,0,0,0,0,0,0,62,0,0,11,0,0,55,1218,0,191,100,0,0,0,3,220,67,0,0,0,0,0,0,0
10793_stable_2,120,0,6352,10,0,151,0,0,0,196,2,385,2995,0,34,0,0,0,23,0,0,0,20,48,503,0,0,0,1979,12,300,0,0,18,322,1475,1889,605,0,22,0,0,0,508,0,2,0,0,0,21,73,209,0,0,0,0,0,0,0,0,0,0,0,0,0,7,0,0,0,0,0,0,0,0,0,0,0,0,0,0,16,0,0,0,0,0,0,14,11,41,0,73,13,0,0,143,449,0,65,767,9,0,0,817,233,201,0,0,0,0,13,0,27
10793_stable_4,164,0,4667,39,0,277,51,35,0,4531,0,31,4806,138,108,0,0,0,32,19,0,0,34,200,846,31,0,0,1205,17,156,0,13,0,293,483,1215,1154,0,44,8,0,0,113,0,0,0,0,0,45,163,224,0,0,0,0,0,0,0,0,0,0,0,0,0,0,0,0,0,0,0,0,0,0,0,0,0,0,0,1541,0,0,0,0,0,0,0,0,35,124,48,123,11,0,0,181,634,0,214,1293,11,0,0,225,62,110,0,0,0,0,14,0,1
10793_stable_6,285,0,1591,0,0,108,0,0,0,212,0,57,349,0,0,0,0,0,3,0,0,0,0,0,166,0,8,0,848,25,27,0,9,49,324,63,920,774,7,13,0,0,0,34,0,0,0,0,0,20,177,25,0,0,0,0,0,0,0,0,0,0,0,25,0,0,0,0,0,0,0,0,0,0,0,0,0,0,0,0,0,0,0,0,0,0,0,68,133,0,72,51,43,0,0,222,406,0,30,324,4,0,0,810,22,0,0,0,0,0,4,0,0
10793_stable_8,2,0,1410,7,0,90,0,0,0,435,0,0,2101,15,0,0,0,0,0,0,0,0,0,23,711,0,0,0,134,13,11,0,0,0,0,126,670,77,0,0,0,0,0,38,0,0,0,0,41,11,87,75,0,0,0,0,0,0,0,0,0,0,0,0,0,0,0,0,0,0,0,0,0,0,0,0,0,0,0,0,0,0,0,0,0,0,0,6,0,5,60,197,0,0,0,0,554,0,10,608,4,0,0,168,227,83,0,0,0,0,0,0,0
10793_stable_10,190,0,6185,77,0,916,102,0,0,4765,0,180,7518,268,167,0,0,7,84,10,0,4,31,709,8173,0,0,0,451,7,54,0,0,15,174,208,1980,2287,0,19,8,0,0,41,0,0,0,0,0,97,147,560,0,0,0,0,0,13,0,0,0,0,0,0,0,24,0,0,0,0,32,0,0,0,0,0,0,0,0,0,9,0,0,0,0,0,0,43,53,147,62,245,25,0,0,409,262,20,165,1635,26,0,0,2528,265,370,0,0,0,0,4,0,1
10793_stable_12,6,0,0,0,0,0,0,0,0,49,0,0,81,0,0,0,0,0,0,0,0,0,0,0,0,18,0,0,362,0,0,0,0,0,3,0,209,70,0,0,0,0,0,49,0,0,0,0,0,0,183,0,0,0,0,0,0,0,0,0,0,0,0,0,0,0,0,0,0,0,0,0,0,0,0,0,0,0,0,0,0,0,0,0,0,0,0,0,0,32,0,346,0,0,0,8,264,0,125,20,0,0,0,0,0,18,0,0,0,0,0,0,0
10793_progressing_0,34,0,9260,14,0,1495,16,0,0,2577,0,46,2209,0,31,0,0,0,22,7,0,0,18,102,112,0,0,0,64,4,112,0,0,0,0,1239,795,93,5,0,0,0,0,14,0,0,0,0,0,54,215,103,0,0,0,0,0,0,0,0,0,0,0,36,0,6,0,0,0,25,0,0,0,0,0,0,0,0,0,962,0,0,0,0,0,0,0,46,0,0,20,196,0,0,7,113,2006,0,748,1126,28,3,0,62,174,1104,0,0,0,0,0,0,6
10793_progressing_2,10,0,6601,19,0,2359,24,0,0,3491,0,16,1103,6,5,0,0,0,9,0,0,0,15,349,603,0,0,0,277,3,60,0,0,0,0,102,407,18,0,157,9,0,0,30,0,0,0,0,0,59,64,244,0,0,0,0,5,0,0,0,0,0,0,0,0,0,0,0,0,0,60,0,0,0,0,0,0,0,0,0,0,0,0,0,0,0,0,38,67,18,0,407,23,0,6,87,1335,0,124,1294,24,6,3,825,17,1650,0,0,0,0,0,0,0
10793_progressing_4,7,0,1617,5,0,159,0,0,0,962,0,0,328,13,0,0,0,0,0,0,0,0,0,53,79,0,0,0,76,0,65,0,0,0,0,25,922,0,0,0,0,0,0,3,0,0,0,0,0,10,77,15,0,0,0,0,0,0,0,0,0,0,0,0,0,0,0,0,0,0,0,0,0,0,0,0,0,0,0,0,0,0,0,0,0,0,0,0,0,0,0,35,0,0,0,0,645,0,203,576,0,0,0,50,30,1139,0,0,0,0,0,0,0
10793_progressing_6,0,0,6319,13,0,479,0,0,0,7807,0,0,1571,31,3,0,0,0,4,0,0,0,0,18,194,0,0,0,68,13,127,0,0,0,0,789,528,18,0,149,0,0,0,21,0,0,0,0,0,36,144,102,0,0,0,0,4,0,0,0,0,0,0,0,0,0,0,0,0,0,21,0,0,0,0,0,0,0,0,1325,20,0,0,0,0,0,0,0,8,5,0,302,12,0,0,36,2092,0,163,1383,3,3,0,249,317,851,0,0,0,0,2,0,0
10793_progressing_8,150,271,5827,3,0,1826,0,0,0,11175,0,3,2301,26,8,0,0,0,8,0,0,0,9,67,399,0,0,0,44,34,68,0,0,0,0,1685,1770,0,0,5,5,0,0,3,0,0,0,0,0,30,89,61,0,0,0,0,0,0,0,0,0,0,0,0,0,0,0,0,0,0,15,0,0,0,0,0,0,0,0,691,0,0,0,0,0,0,0,0,0,0,0,122,0,0,0,57,1386,0,97,1169,38,4,3,330,165,1109,0,0,0,0,4,0,0
10793_progressing_10,109,0,4545,20,0,529,10,17,0,7118,0,29,3918,10,4,0,0,0,3,3,0,0,0,58,1021,0,0,0,448,2,115,0,0,0,39,381,1909,111,0,0,0,0,0,34,0,0,0,6,48,50,244,174,0,0,0,0,28,0,0,0,0,151,0,0,0,0,0,0,0,0,0,0,0,0,0,0,0,0,0,791,0,0,0,0,0,0,0,0,11,162,14,1609,0,0,0,53,2373,0,117,2945,10,0,0,716,672,1554,0,0,0,0,13,0,3
10793_progressing_12,3,0,4265,21,0,622,34,0,0,5216,0,3,1400,12,28,0,0,0,29,7,0,0,20,299,701,0,0,0,54,8,8,0,0,17,3,117,613,150,0,0,0,0,0,8,0,0,0,0,200,30,28,67,0,0,0,0,0,0,0,0,0,0,0,0,0,7,0,0,0,0,37,0,0,0,0,0,0,0,0,0,0,0,0,0,0,0,0,0,0,0,17,38,0,0,5,143,1116,0,153,639,6,0,0,73,327,1102,0,0,0,23,8,0,0
10945_stable_0,2,0,12,0,0,0,0,0,0,3,0,0,0,0,0,0,0,0,0,0,0,0,0,0,0,57,0,0,249,154,7,0,0,0,2,0,233,0,0,0,0,0,0,0,0,0,0,0,0,0,0,0,0,0,0,0,0,0,0,0,0,0,0,39,0,0,0,0,0,0,0,0,0,0,0,0,0,0,0,0,0,0,0,0,0,0,0,0,0,0,0,0,0,0,0,0,36,0,0,11,0,142,0,0,0,0,0,0,0,0,0,0,0
10945_stable_2,324,0,3540,3,0,35,0,0,0,15,0,2,294,0,43,0,0,0,22,0,0,0,7,52,578,0,0,0,503,2,13,0,0,0,141,0,714,9,0,15,0,0,0,12,0,7,0,0,0,17,14,0,0,0,0,0,0,0,0,0,0,0,0,0,0,0,0,0,0,0,0,0,0,0,0,0,0,0,0,163,0,0,0,0,4,0,0,162,255,347,0,94,29,0,8,53,33,0,454,130,3,0,0,57,318,294,0,0,0,0,0,0,1
10945_stable_4,50,0,1814,4,0,12,0,0,0,802,0,0,312,0,6,0,0,0,10,19,0,0,8,10,1347,0,0,0,623,4,63,0,0,0,400,0,880,1647,8,24,0,0,0,0,0,0,0,0,1757,10,24,52,0,0,0,0,9,0,0,0,0,0,0,0,0,7,0,0,0,0,0,0,0,0,0,0,0,0,0,0,0,0,0,0,33,0,31,891,1072,427,239,2147,57,0,3,179,817,0,361,287,2,0,0,348,660,605,0,0,0,0,27,0,5
10945_stable_6,12,0,768,0,0,0,0,0,0,8,0,0,3,0,4,0,0,0,0,0,0,0,0,0,0,24,0,0,400,2,46,0,0,0,24,0,420,36,0,171,0,0,0,123,0,0,0,0,0,10,147,0,0,0,0,0,0,0,0,0,0,0,0,0,0,0,0,0,0,0,0,0,0,0,0,0,0,0,0,0,0,0,0,0,0,0,0,0,0,0,0,0,2,0,0,15,119,0,159,960,0,0,0,31,521,48,0,0,0,0,0,0,0
10945_stable_8,151,0,4,0,0,0,0,0,0,0,0,0,0,0,0,0,0,0,0,0,0,0,0,0,4,0,0,0,108,0,8,0,0,0,2,0,153,0,0,0,0,0,0,0,0,0,0,0,0,0,0,0,0,0,0,0,0,0,0,0,0,0,0,0,0,0,0,0,0,0,0,0,0,0,0,0,0,0,0,0,0,0,0,0,0,0,0,0,0,0,0,83,0,0,0,0,0,0,0,14,0,0,0,0,0,0,0,0,0,0,0,0,0
10945_stable_10,0,0,2495,0,0,0,0,0,0,30,0,0,25,0,94,0,0,0,10,10,0,0,12,153,119,0,0,0,771,118,49,0,0,16,0,0,1035,0,0,0,0,0,0,0,0,28,0,0,0,36,28,0,0,0,0,0,0,0,0,0,0,0,0,0,0,0,0,0,0,0,0,0,0,0,0,0,0,0,0,0,0,0,0,0,0,0,0,0,0,0,23,0,0,0,0,31,9,0,59,397,3,0,0,2,851,146,0,0,0,0,0,0,0
10945_stable_12,24,0,582,0,0,0,0,0,0,93,0,0,18,5,96,0,0,0,4,0,0,0,3,9,146,263,0,0,783,22,14,0,0,0,68,0,374,598,0,0,0,0,0,571,0,6,0,0,20,8,6,0,0,0,0,0,0,0,0,0,0,0,0,12,0,0,0,0,0,0,0,0,0,0,0,0,0,0,0,0,0,0,0,0,0,0,0,0,43,0,0,47,0,0,0,64,19,0,94,228,0,0,0,0,355,0,0,0,0,0,0,0,0
10945_progressing_0,693,0,281,0,0,0,0,0,0,138,0,0,333,0,22,0,0,0,0,0,0,0,0,0,2142,14,0,0,6006,0,402,0,0,12,192,0,1248,274,5,26,14,0,0,0,0,60,0,0,811,13,2,17,0,0,0,0,0,7,0,0,0,23,0,13,0,0,0,0,0,0,0,0,0,0,0,0,0,0,0,0,0,0,0,0,0,0,0,145,316,360,55,216,41,0,5,77,1129,0,29,116,8,0,0,0,53,75,0,0,0,0,0,0,0
10945_progressing_2,0,0,0,0,0,0,0,0,0,10,0,0,239,0,0,0,0,0,0,0,0,0,0,0,10,0,0,0,586,91,138,0,0,0,0,0,400,73,0,7,0,0,0,0,0,2,0,0,0,21,93,0,0,0,0,0,0,0,0,0,0,0,0,0,0,0,0,0,0,0,0,0,0,0,0,0,0,0,0,0,0,0,0,0,0,0,0,0,85,115,0,0,0,0,0,0,220,0,0,14,0,0,0,179,0,0,0,0,0,0,0,0,127
10945_progressing_4,3,0,63,0,0,0,0,0,0,20,0,5,67,0,0,0,0,0,0,0,0,0,0,18,11,0,0,0,515,55,140,551,0,0,2,0,188,116,25,65,0,0,0,149,0,12,0,90,132,796,154,0,0,0,0,0,0,0,0,0,0,41,0,69,0,0,0,6,0,0,0,0,43,0,0,0,0,0,0,0,0,0,0,0,0,0,0,0,10,180,0,2858,6,0,0,44,3117,0,131,122,0,0,0,37,0,0,0,0,0,0,0,2,2
10945_progressing_6,32,0,73,0,0,0,0,0,0,5,0,0,230,0,8,0,0,0,0,0,0,0,0,0,255,66,6,0,1307,0,0,0,0,0,569,0,883,431,7,8,0,0,0,23,0,0,0,0,0,51,97,24,0,0,0,0,0,23,0,0,0,0,0,0,0,2,0,0,0,0,0,0,0,0,0,0,0,0,0,0,0,0,0,0,8,0,0,42,104,68,0,474,0,0,2,209,490,0,31,44,0,0,0,0,11,0,0,0,0,0,2,0,0
10945_progressing_8,71,0,31,0,0,2,0,0,0,0,0,0,4,0,0,0,0,0,0,0,0,0,0,0,0,124,0,0,598,11,19,0,0,0,33,0,682,111,0,0,0,0,0,0,0,0,0,0,9,2,70,0,0,0,0,0,0,0,0,0,0,0,0,0,0,0,0,0,0,0,0,0,0,0,0,0,0,0,0,0,0,0,0,0,0,0,0,0,0,0,0,0,9,0,0,0,158,0,27,61,0,0,0,0,0,0,0,0,0,0,0,0,0
10945_progressing_10,37,0,8,0,0,0,0,0,0,0,0,0,2,0,0,0,0,0,0,0,0,0,0,0,7,187,0,0,876,75,2,0,0,0,0,0,563,21,0,0,0,0,0,9,0,0,0,0,0,0,45,0,0,0,0,0,0,0,0,0,0,0,0,0,0,0,0,0,0,0,0,0,0,0,0,0,0,0,0,0,0,0,0,0,0,0,0,0,0,0,0,0,0,0,0,6,54,0,0,107,0,0,0,0,0,0,0,0,0,0,0,0,0
10945_progressing_12,0,0,12,0,0,0,0,0,0,0,0,0,0,0,0,0,0,0,0,0,0,0,0,0,6,23,0,0,96,5,2,0,0,0,0,0,308,22,0,0,0,0,0,5,0,0,0,0,0,5,28,0,0,0,0,0,0,0,0,0,0,0,0,0,0,0,0,0,0,0,0,0,0,0,0,0,0,0,0,0,0,0,0,0,0,0,0,0,0,0,0,59,0,0,0,0,18,0,0,0,0,0,0,0,0,0,0,0,0,0,0,0,0
11434_stable_0,0,0,90,0,0,0,0,0,0,0,0,0,81,0,2,0,0,0,0,0,0,0,0,0,26,49,0,0,275,20,4,0,0,0,8,5,241,0,0,43,0,0,0,3,0,0,0,0,0,67,350,0,0,0,0,0,12,0,0,0,0,0,0,0,0,5,0,0,0,0,0,0,0,0,0,0,0,0,0,0,0,0,0,0,0,0,0,0,11,66,0,1885,7,0,0,0,1105,0,24,329,0,0,0,11,0,0,0,0,0,0,0,0,7
11434_stable_2,11,0,30310,364,0,4884,2886,0,0,6363,3,26,2553,244,506,0,0,0,20,8,0,0,0,59,2638,238,15,0,287,0,9,0,0,0,22,132,379,162,11,32,0,0,0,147,0,3,0,0,0,61,69,542,0,0,0,0,0,0,0,0,0,34,0,0,0,7,0,7,0,0,72,0,0,0,0,0,0,0,0,714,27,0,0,0,0,0,0,46,232,130,85,365,61,0,12,132,1637,0,62,2499,25,7,3,913,123,3908,75,0,0,0,18,0,39
11434_stable_4,5,0,29894,94,0,1504,690,37,0,3612,3,0,1754,162,85,0,0,0,27,4,0,0,5,57,852,75,0,0,122,0,0,0,0,0,4,215,393,127,0,0,0,0,0,34,0,0,0,0,0,44,28,124,0,0,0,0,0,0,0,0,0,24,0,0,0,0,0,14,0,0,30,0,0,0,0,0,0,0,0,237,41,0,0,0,0,0,0,0,131,0,0,312,23,0,6,167,892,0,138,1192,17,0,0,609,244,3880,0,0,0,57,13,0,18
11434_stable_6,5,0,1451,0,0,0,0,0,0,51,0,0,295,11,4,0,0,0,0,0,0,0,0,0,9483,25,0,0,238,82,25,0,0,5,0,72,445,21,0,166,0,0,0,0,0,0,0,0,0,8,157,0,4,0,0,0,9,0,0,8,0,0,0,0,0,0,0,0,0,0,0,0,0,0,0,0,0,0,0,177,0,0,0,0,0,0,0,0,0,20,3,2705,4,0,21,26,2306,0,68,459,0,0,0,135,0,36,0,0,0,50,0,0,1
11434_stable_8,2,0,6167,62,0,492,54,0,0,1398,0,39,2171,144,313,0,0,0,34,9,0,0,8,208,8490,15,0,0,318,18,15,0,54,0,22,67,537,47,6,0,5,0,0,31,0,0,0,0,71,67,42,86,0,0,0,0,9,0,0,0,0,0,0,17,0,5,0,0,0,6,0,0,0,0,0,0,0,0,0,0,0,0,0,0,0,0,0,0,23,20,14,402,17,0,0,441,1050,0,124,1122,14,5,0,1504,717,1062,0,0,0,0,8,0,13
11434_stable_10,5,0,1576,0,0,9,0,0,0,168,0,0,360,102,0,0,0,0,0,0,0,0,0,0,53,0,0,0,89,0,6,0,0,0,53,148,484,20,0,0,0,0,0,3,0,0,0,0,73,3,100,24,0,0,0,0,0,0,0,0,0,0,0,0,0,0,0,0,0,0,0,0,0,0,0,0,0,0,0,0,0,0,0,0,0,0,0,0,0,0,0,484,0,0,0,0,823,0,96,191,0,0,0,28,0,0,0,0,0,0,0,0,3
11434_stable_12,4,0,26170,97,0,1069,209,0,0,3954,0,70,1890,295,491,0,0,0,28,7,0,0,15,72,567,0,0,0,139,0,41,0,215,0,0,257,334,0,8,60,0,0,0,26,0,0,0,0,0,48,57,181,15,0,0,0,0,0,0,0,0,0,0,0,0,5,0,7,0,0,0,0,0,0,0,0,0,0,0,0,20,0,0,0,0,0,0,0,20,20,30,62,60,0,0,92,780,0,103,990,10,0,0,989,295,2793,0,0,0,92,5,0,0
11434_progressing_0,11,0,4072,0,0,3,0,0,0,520,0,11,684,231,19,0,0,0,0,0,0,0,2,3,241,23,0,0,242,2,38,0,3,0,0,626,297,0,0,0,0,0,0,15,0,0,0,0,0,17,14,0,0,0,0,0,0,0,0,0,0,0,0,0,0,0,0,0,0,0,0,0,0,0,0,0,0,0,0,1477,0,0,0,0,0,0,0,0,0,0,0,232,0,0,0,60,1339,0,80,310,3,0,0,423,107,6,0,0,0,0,0,0,0
11434_progressing_2,19,113,8123,3,0,36,0,0,0,301,0,11,884,21,2,0,4,0,7,0,0,0,0,0,85,20,0,0,81,0,480,0,0,0,287,931,407,36,2,74,0,0,0,3,0,0,0,0,44,5,35,0,0,0,0,0,2,0,0,0,0,3,0,0,0,20,0,0,0,0,0,0,0,0,0,0,0,0,0,7610,0,0,0,0,0,0,0,0,15,0,9,287,0,0,0,71,2156,0,50,298,6,3,2,200,101,16,0,0,0,0,0,0,0
11434_progressing_4,81,232,22419,0,0,100,0,0,0,1192,2,0,1403,56,6,0,0,0,3,0,0,0,0,4,85,4,0,0,75,24,100,0,0,36,76,1066,434,31,0,0,0,0,0,15,0,0,0,0,0,32,91,4,0,0,0,0,13,0,0,0,0,0,0,0,0,0,0,0,0,0,0,0,0,0,0,0,0,0,0,4340,0,0,0,0,0,0,0,0,44,0,0,293,0,0,0,88,1928,0,64,652,12,8,0,321,126,141,0,0,0,0,0,0,1
11434_progressing_6,18,0,14225,7,0,12,3,0,0,128,0,0,638,16,48,0,0,0,10,0,0,0,2,5,155,16,0,0,412,8,1763,0,0,0,243,1295,705,0,0,11,0,0,0,3,0,0,0,0,0,10,20,9,0,0,0,0,0,0,0,0,0,0,0,0,0,3,0,0,0,0,0,0,0,0,0,0,0,0,0,3655,0,0,0,0,0,0,0,0,5,11,9,172,7,0,0,83,1958,0,96,285,6,2,0,1348,297,54,0,0,0,0,0,0,0
11434_progressing_8,8,0,4535,0,0,3,0,0,0,91,0,0,101,62,34,0,0,0,5,0,0,0,0,0,51,16,0,0,298,4,71,10,0,0,11,98,390,10,0,0,0,0,0,2,0,4,0,0,0,17,93,4,0,0,0,0,2,0,0,0,0,7,0,11,0,0,0,0,0,0,0,0,0,0,0,0,0,0,0,502,0,0,0,0,0,0,0,0,14,7,22,792,0,0,0,71,5284,0,121,316,0,0,0,34,0,0,0,0,0,0,0,0,0
11434_progressing_10,3,0,25099,47,0,187,8,0,0,945,5,81,1312,24,297,0,9,0,24,5,0,0,14,43,1846,36,5,0,323,2,2401,0,9,208,614,329,4745,2093,6,14,0,0,0,11,0,0,0,0,0,24,87,71,0,0,0,0,0,0,0,0,0,7,0,0,0,4,0,0,0,0,0,0,0,12,0,0,0,0,0,2368,0,0,0,0,0,0,0,0,0,14,15,418,0,0,0,261,1270,0,60,1341,8,0,0,465,65,84,0,0,0,0,3,0,3
11434_progressing_12,19,0,21239,15,0,103,0,0,0,934,0,17,1540,141,293,0,0,0,43,19,0,11,23,39,573,0,0,0,245,0,397,8,4,0,45,699,1151,194,0,0,0,0,0,9,0,3,0,0,70,39,62,39,0,0,0,0,0,0,0,0,0,5,0,11,0,2,0,0,0,0,0,0,0,0,0,0,0,0,0,4270,0,0,0,0,0,0,0,0,25,0,0,387,0,0,0,362,1993,0,72,508,20,0,0,331,98,199,0,0,0,0,0,0,0
50931_stable_0,27,65,76779,0,0,9,0,0,0,969,0,0,497,13,2,0,0,0,7,2,0,0,0,2,98,13,0,0,61,0,293,2,0,0,15,2274,274,77,2,0,0,0,0,20,0,20,0,0,0,40,66,6,0,0,0,0,0,0,0,0,0,0,0,0,0,0,0,0,0,0,0,0,0,0,0,0,0,0,63,1750,0,0,0,0,0,0,0,14,78,0,15,441,18,0,0,128,2360,0,109,587,12,4,3,129,419,0,0,0,0,0,0,0,0
50931_stable_2,0,0,41,0,0,0,0,0,0,0,0,3,9,0,0,0,0,0,0,0,0,0,0,0,30,33,0,0,216,0,16,0,0,0,47,0,484,0,0,0,0,0,0,2,0,8,0,0,447,2,32,3,4,0,0,0,0,0,0,0,0,4,0,0,0,0,0,0,0,0,0,0,0,0,0,0,0,0,0,16,0,0,0,0,0,0,0,0,12,9,5,519,2,0,0,0,2382,0,45,78,0,0,0,63,0,47,0,0,0,0,0,0,0
50931_stable_4,54,0,2047,14,0,125,43,0,0,307,4,97,323,0,39,0,0,0,8,0,0,0,5,87,302,17,11,0,1056,9,0,0,0,47,150,0,640,831,0,14,7,0,0,24,0,19,0,0,0,25,13,95,0,0,0,0,0,0,0,0,0,0,0,0,0,0,0,0,0,0,0,0,0,0,0,0,0,0,0,0,0,0,0,0,0,0,0,0,0,11,0,291,0,0,0,44,743,0,197,1468,4,0,0,101,81,845,0,0,0,0,4,0,0
50931_stable_6,113,0,2276,0,0,39,0,0,0,90,19,2500,3074,15,226,0,0,0,55,22,0,1,22,76,5220,83,5,0,6370,28,71,0,4,23,287,0,2652,3160,10,23,7,0,0,95,0,42,0,0,0,67,184,89,0,0,0,8,4,0,0,0,0,0,0,10,0,8,0,0,0,3,17,0,0,0,0,0,0,0,0,0,0,0,0,0,0,0,3,0,73,65,34,1152,24,0,0,273,5179,2,151,746,17,0,2,163,148,9,0,0,0,0,14,0,0
50931_stable_8,44,0,2411,44,0,365,0,0,0,36,0,154,518,28,187,0,0,0,98,12,0,0,26,109,914,0,0,0,747,4,32,0,0,168,24,12,462,16,29,0,17,0,0,102,0,4,0,0,0,63,46,39,0,0,0,0,0,0,0,0,0,14,0,33,0,9,0,0,0,0,0,0,0,0,0,0,0,0,0,0,0,0,0,0,5,0,0,0,389,247,95,1312,43,0,13,236,2782,0,202,1231,2,0,0,220,124,341,0,0,0,0,4,0,0
50931_stable_10,146,0,269,0,0,20,0,0,0,14,1,1762,1125,26,43,0,0,5,50,20,0,0,17,1633,1114,63,0,0,1953,0,53,0,8,33,167,0,1885,5022,7,27,18,0,0,26,0,14,0,0,0,50,247,24,0,0,0,0,7,0,0,0,0,0,0,20,0,11,0,0,0,0,0,0,0,0,0,0,0,0,0,0,0,0,0,0,0,0,0,40,88,0,20,303,16,0,3,78,872,0,47,169,8,0,0,66,123,10,0,0,0,0,12,0,0
50931_stable_12,101,0,2238,3,0,108,0,0,0,256,0,1100,820,37,339,0,0,0,49,16,0,5,7,2445,2303,70,0,0,1614,17,38,0,0,14,131,0,954,1514,0,114,0,0,0,16,0,0,0,0,0,53,90,71,0,0,0,0,7,0,0,0,0,0,0,18,0,5,0,0,0,0,19,0,0,0,0,0,0,0,0,308,0,0,0,0,0,0,0,16,74,37,40,461,31,0,0,185,1027,0,87,601,27,0,0,177,89,152,0,0,0,0,26,0,1
50931_progressing_0,0,0,86,0,0,3,0,0,0,0,0,3,98,0,0,0,0,0,0,0,0,0,0,0,3,12,0,0,392,93,80,0,0,0,6,0,600,0,0,0,0,0,0,4,0,10,0,0,0,44,274,0,0,0,0,0,101,0,0,0,0,0,0,0,0,0,0,0,0,0,0,0,0,0,0,0,0,0,0,0,0,0,0,0,0,0,0,0,14,33,0,4371,9,0,0,205,1732,0,317,587,0,0,0,48,5,12,0,0,0,0,2,0,0
50931_progressing_2,0,0,2,0,0,0,0,0,0,0,0,0,5,0,0,0,0,0,0,0,0,0,0,0,0,59,0,0,154,69,0,0,0,0,0,18,915,0,0,0,0,0,0,15,0,7,0,0,0,3,0,0,0,0,0,0,0,0,0,0,0,0,0,0,0,0,0,0,0,0,0,0,0,0,0,0,0,0,0,0,0,0,0,0,0,0,0,0,0,4,0,155,0,0,0,29,1091,0,230,23,0,0,2,0,0,0,0,0,0,0,0,0,0
50931_progressing_4,0,0,811,0,0,2,0,0,0,89,0,2,30,0,0,0,0,0,0,0,0,0,0,0,47,21,0,0,283,3,0,0,0,0,39,37,605,0,0,0,0,0,0,84,0,28,0,0,36,15,88,4,0,0,0,0,0,0,0,0,0,0,0,0,0,0,0,0,0,0,0,0,0,0,0,0,0,0,0,0,0,0,0,0,0,0,0,0,16,230,0,21,0,0,0,0,372,0,50,80,0,0,0,0,0,7,0,0,0,0,0,0,2
50931_progressing_6,4,0,268,0,0,0,0,0,0,4,0,0,205,0,0,0,0,0,0,0,0,0,0,6,19,84,0,0,464,57,40,0,0,0,0,47,531,0,0,34,0,0,0,23,0,0,0,0,0,102,611,3,0,0,0,0,39,0,0,3,0,0,0,0,0,0,0,0,0,108,0,0,0,0,0,0,0,0,0,0,0,0,0,0,0,0,0,0,14,62,2,3451,0,0,14,68,2168,0,57,557,0,0,0,100,0,0,0,0,0,0,0,0,0
50931_progressing_8,48,0,45111,47,0,250,9,0,0,1767,0,6,849,18,8,0,0,0,11,0,0,2,4,18,333,3,0,0,120,0,14,0,0,6,79,911,772,135,0,4,4,0,0,14,0,0,0,0,17,20,129,16,0,0,0,0,0,0,0,0,0,0,0,0,0,0,0,0,0,0,0,0,0,0,0,0,0,0,0,252,3,0,5,7,12,0,19,0,517,70,70,390,184,0,0,403,2886,22,238,4839,67,9,20,1576,188,417,368,0,0,0,2,0,0
50931_progressing_10,4,0,10401,0,0,0,0,0,0,88,0,0,135,16,28,0,0,0,13,2,0,0,3,14,23,0,0,0,182,11,34,4,0,3,119,903,1440,0,4,4,0,0,0,3,0,0,0,0,25,14,16,0,0,0,0,0,0,0,0,0,0,0,0,0,0,0,0,0,0,0,0,0,0,0,0,0,0,0,0,0,0,0,0,0,0,0,0,0,0,0,0,163,0,0,0,88,897,0,173,686,7,3,0,7,0,0,0,0,0,0,0,0,0
50931_progressing_12,10,0,671,0,0,0,0,0,0,42,0,2,71,0,4,0,0,0,0,0,0,0,0,2,91,10,0,0,263,87,15,0,0,0,4,0,195,120,0,0,0,0,0,56,0,0,0,6,0,0,92,0,0,0,0,0,0,0,0,0,0,0,0,0,0,0,0,0,0,0,0,0,0,0,0,0,0,0,0,0,0,0,0,0,0,0,0,0,0,5,8,316,0,0,0,42,873,0,83,149,0,0,0,50,0,134,0,0,0,0,0,0,0
51426_stable_0,0,0,25,0,0,0,0,0,0,0,0,0,0,0,0,0,0,0,0,0,0,0,0,0,0,127,0,0,225,80,42,0,0,0,0,0,289,11,0,14,5,0,0,103,0,34,0,0,62,3,21,8,0,0,0,0,0,0,0,0,0,0,0,13,0,0,0,0,0,0,0,0,0,0,0,0,0,0,0,0,0,0,0,0,0,0,0,0,0,0,0,211,0,0,0,27,89,0,11,7,0,0,0,0,0,0,0,0,0,0,0,0,0
51426_stable_2,0,0,16,0,0,0,0,0,0,0,0,34,2,0,0,0,0,0,0,0,0,0,0,0,132,4,0,0,143,14,83,0,0,0,0,0,604,0,0,0,4,0,0,34,0,9,0,0,388,67,13,0,0,0,0,0,0,0,0,0,0,0,0,0,0,0,0,0,0,0,0,0,0,0,0,0,0,0,0,0,0,0,0,0,0,0,0,0,0,0,0,0,0,0,0,34,21,0,0,123,0,0,0,13,0,0,0,0,0,0,0,0,0
51426_stable_4,139,0,200,3,0,269,0,0,0,2,4,0,120,0,0,0,0,0,0,0,0,0,0,4,1597,0,0,0,329,0,7,0,0,0,89,0,343,38,4,0,0,0,0,0,0,0,0,0,49,13,13,9,0,0,0,0,0,0,0,0,0,0,0,0,0,0,0,0,0,0,0,0,0,0,0,0,0,0,0,0,0,0,0,0,0,0,0,0,137,99,21,0,0,0,7,129,112,0,33,414,5,0,0,590,3,0,0,0,0,0,2,0,0
51426_stable_6,29,0,30,0,0,0,0,0,0,2,0,19,196,0,0,0,0,0,0,0,0,0,0,0,173,24,0,0,233,89,8,0,0,0,80,0,306,12,0,0,0,0,0,25,0,0,0,0,160,4,165,0,0,0,0,0,24,0,0,0,0,0,0,0,0,0,0,0,0,0,0,6,0,0,0,0,0,0,0,0,0,0,0,0,0,0,0,0,105,35,0,1295,0,0,0,76,1285,0,13,522,0,0,0,23,0,13,0,0,0,0,0,0,4
51426_stable_8,3,0,89,0,0,0,0,0,0,0,0,0,17,0,0,0,0,0,0,0,0,0,0,0,4,103,0,0,87,106,5,0,0,0,0,0,417,0,3,15,0,0,0,148,0,32,0,0,0,54,104,0,0,0,0,0,0,0,0,0,0,0,0,0,0,0,0,0,0,0,0,0,0,0,0,0,0,0,0,0,0,0,0,0,0,0,0,0,0,0,0,98,0,0,0,10,4,0,0,18,0,0,0,26,0,0,0,0,0,0,0,0,0
51426_stable_10,310,0,46,0,0,0,0,0,0,0,0,0,99,0,0,0,0,0,0,0,0,0,0,0,407,66,0,0,641,17,0,0,15,0,0,0,931,0,0,0,0,0,0,6,0,0,0,0,0,157,334,0,0,0,0,0,0,0,0,0,0,0,0,0,0,0,0,0,0,0,0,0,0,0,0,0,0,0,0,20,0,0,0,0,13,0,0,0,189,0,0,253,22,0,0,29,65,0,112,212,0,206,0,0,0,58,0,0,0,0,0,0,0
51426_stable_12,0,0,0,0,0,3,0,0,0,16,0,75,123,0,0,0,0,0,0,0,0,0,0,0,155,12,0,0,96,26,9,0,0,6,0,0,1934,42,0,0,0,0,0,4,0,0,0,0,0,0,60,0,0,0,0,0,0,0,0,0,0,0,0,0,0,0,0,0,0,0,0,0,0,0,0,0,0,0,0,0,0,0,0,0,0,0,0,0,26,0,0,40,0,0,0,0,12,0,0,28,0,0,0,141,0,0,0,0,0,0,0,0,0
51426_progressing_0,17,0,1167,16,0,637,0,0,0,4,0,87,224,0,0,0,0,0,0,0,0,0,0,12,16846,77,0,0,1557,3,32,0,0,9,108,0,1263,1093,0,182,0,0,0,391,0,7,0,0,670,51,60,39,0,0,0,0,0,0,0,0,0,0,0,0,0,2,0,0,0,0,0,0,0,0,0,0,0,0,0,0,0,0,0,0,8,0,0,371,603,256,115,673,107,0,23,279,291,0,58,4310,0,0,0,2827,0,1087,0,0,0,0,28,0,0
51426_progressing_2,29,0,30,0,0,11,0,0,0,0,0,13,0,0,0,0,0,0,0,0,0,0,0,0,304,12,0,0,359,65,56,0,0,0,33,0,293,81,0,0,0,0,0,0,0,0,0,0,0,0,19,3,0,0,0,0,0,0,0,0,0,0,0,0,0,0,0,0,0,0,0,0,0,0,0,0,0,0,0,0,0,0,0,0,0,0,0,0,0,10,0,288,0,0,0,222,15,0,3,57,0,0,0,42,0,44,0,0,0,0,3,0,0
51426_progressing_4,436,0,52,0,0,0,0,0,0,19,0,5,174,0,0,0,0,0,0,0,0,0,0,0,1424,55,3,3,1758,58,59,0,0,0,35,0,553,136,2,7,2,0,0,106,0,42,0,3,0,5,614,10,0,0,0,0,60,29,0,0,0,0,0,0,0,0,0,0,0,0,0,0,0,0,0,0,0,0,0,0,0,0,0,0,0,0,0,28,34,239,13,6641,207,0,0,101,2659,0,70,774,0,0,2,313,0,71,0,0,0,0,22,2,5
51426_progressing_6,24,0,26,0,0,0,0,0,0,9,0,41,84,0,2,0,0,0,0,0,0,0,0,0,235,4,0,2,563,164,43,0,0,0,41,0,382,31,0,0,0,0,0,0,0,0,0,0,0,2,231,0,0,0,0,0,21,57,0,0,0,0,0,0,0,0,0,0,0,0,0,0,0,0,0,0,0,0,0,0,0,0,0,0,3,0,0,8,22,169,0,2287,0,0,0,169,1169,0,2,224,0,0,0,162,0,0,0,0,0,0,5,0,2
51426_progressing_8,9,0,214,0,0,3,0,0,0,53,0,49,634,0,6,0,0,0,3,0,0,0,0,0,400,0,7,0,1031,473,223,0,0,0,149,0,571,0,0,7,6,0,0,18,0,0,0,0,0,128,1458,2,0,0,0,0,260,0,0,19,0,0,0,3,0,5,0,0,0,4,3,3,0,0,0,0,0,0,0,0,0,0,0,0,5,0,0,5,32,142,5,16432,27,0,2,416,10427,0,704,2560,0,0,0,547,0,25,0,0,0,0,7,7,19
51426_progressing_10,392,0,984,0,0,103,0,0,0,3,0,213,281,0,10,0,0,2,15,0,0,0,0,1,16840,9,0,0,6177,28,19,0,0,0,104,0,465,130,0,3,2,0,0,6,0,0,0,0,0,24,61,6,0,0,0,0,3,0,0,0,0,0,0,0,0,2,0,0,0,0,4,0,0,0,0,0,0,0,0,0,0,0,0,3,6,0,5,52,207,118,55,1541,93,0,9,265,783,0,17,5635,0,0,0,2296,8,13,0,0,0,0,13,0,0
51426_progressing_12,0,0,1423,0,0,0,0,0,0,72,0,2,84,0,0,0,0,0,0,0,0,0,0,0,7,6,0,0,218,0,68,0,0,0,6,0,220,0,0,0,0,0,0,13,0,0,0,0,0,0,26,0,0,0,0,0,0,46,0,0,0,0,0,0,0,0,0,0,0,0,0,0,0,0,0,0,0,0,0,0,0,0,0,0,0,0,0,0,0,9,0,24,0,0,0,0,66,0,0,27,0,0,0,0,0,0,0,0,0,0,0,0,0
60409_stable_0,34,0,49,0,0,30,0,0,0,3,0,0,30,0,4,0,0,0,6,2,0,0,0,15,25,148,0,0,376,30,2,0,0,300,120,0,553,218,0,70,10,12,0,24,0,7,0,0,610,3,34,0,0,0,0,0,0,0,0,0,0,0,0,0,0,0,0,0,0,0,0,0,38,0,0,0,0,0,0,0,0,0,0,0,0,0,0,0,232,116,0,302,49,0,0,272,125,0,70,130,0,0,0,100,0,0,0,0,0,0,8,0,3
60409_stable_2,0,0,280,0,0,0,0,0,0,0,0,0,0,0,0,0,0,0,0,0,0,0,0,0,2,20,0,0,232,32,17,0,0,0,0,0,427,33,0,0,0,0,0,0,0,0,0,0,0,0,0,0,0,0,0,0,0,0,0,0,0,0,0,0,0,3,0,0,0,0,0,0,0,0,0,0,0,0,0,0,0,0,0,0,0,0,0,0,0,0,0,95,0,0,0,0,0,0,4,8,0,0,0,0,0,0,0,0,0,0,0,0,0
60409_stable_4,18,0,0,0,0,80,0,0,0,28,0,0,239,0,4,0,0,0,0,0,0,0,7,6,8,37,0,0,1030,65,147,0,0,0,2,0,664,903,0,0,0,0,0,8,0,23,0,0,475,6,158,16,0,0,0,0,0,0,0,0,0,0,0,20,0,0,0,0,0,0,0,0,0,0,0,0,0,0,0,0,0,0,0,0,0,0,0,0,64,51,0,2280,11,0,0,23,186,0,22,499,0,0,0,9,0,78,0,0,0,0,0,0,0
60409_stable_6,7,0,41,0,0,0,0,0,0,365,0,0,0,0,0,0,0,0,0,0,0,0,0,0,34,54,0,0,159,18,0,0,0,0,4,0,615,0,0,0,0,0,0,5,0,0,0,0,0,0,33,0,0,0,0,0,0,0,0,0,0,0,0,0,0,0,0,0,0,0,0,0,0,0,0,0,0,0,0,0,0,0,0,0,0,0,0,42,0,93,0,29,0,0,0,25,30,0,0,332,0,0,0,0,0,11,0,0,0,0,0,0,0
60409_stable_8,12,0,98,0,0,0,0,0,0,4,0,0,23,0,0,0,0,0,2,0,0,0,0,0,146,33,0,0,266,0,25,0,0,0,0,0,709,284,0,0,0,0,0,0,0,0,0,0,0,7,66,0,0,0,0,0,0,0,0,0,0,0,0,0,0,4,0,0,0,0,0,0,0,0,0,0,0,0,0,0,0,0,0,0,0,0,0,0,473,0,0,0,0,0,0,181,118,0,23,88,0,0,0,0,0,0,0,0,0,0,0,0,0
60409_stable_10,0,0,75,0,0,0,0,0,0,3,0,0,108,0,0,0,0,0,0,0,0,0,0,0,5,63,0,0,370,0,0,0,0,0,2,0,427,0,6,0,11,646,0,141,0,280,0,18,43,307,48,38,0,0,0,0,0,0,0,0,0,0,0,28,0,0,0,0,0,0,0,0,0,0,0,0,0,0,0,13,0,0,0,0,0,0,0,0,0,27,0,31,0,0,0,159,126,0,40,160,0,0,0,6,0,0,0,0,0,0,0,0,0
60409_stable_12,62,0,3191,75,0,1163,43,0,0,4500,0,8,4668,24,51,0,0,0,13,0,0,0,24,437,1374,0,0,0,466,0,54,0,0,0,8,282,675,285,0,0,0,0,0,39,0,0,0,0,0,118,58,434,0,0,0,0,0,0,0,0,0,12,0,0,0,0,0,0,0,0,46,0,0,0,0,0,0,0,0,0,11,0,0,0,0,0,0,0,39,57,13,767,32,0,0,99,455,13,68,1141,7,0,0,2038,600,1201,0,0,0,0,8,0,0
60409_progressing_0,224,0,0,0,0,7,0,0,0,0,0,0,15,0,0,0,0,0,2,0,0,0,0,0,127,14,0,0,113,33,16,0,0,85,174,0,292,966,0,15,12,0,0,98,0,2,0,0,0,34,62,0,0,0,0,0,0,0,0,0,0,0,0,0,0,2,0,0,0,0,0,0,0,0,0,0,0,0,0,0,0,0,0,0,7,0,0,143,300,418,66,563,38,0,5,127,49,0,21,3106,0,0,0,56,4,0,0,0,0,0,82,6,6
60409_progressing_2,3,0,26,0,0,0,0,0,0,2,0,0,76,0,0,0,0,0,0,0,0,0,0,0,117,46,0,0,809,161,66,0,0,0,7,0,521,0,0,4,2,0,0,31,0,39,0,0,18,117,191,3,0,0,0,0,17,0,0,0,0,0,0,0,0,0,0,0,0,0,0,0,0,0,0,0,0,0,0,0,0,0,0,0,0,0,0,0,7,84,16,5824,0,0,2,7,2620,0,88,619,0,0,0,49,0,0,0,0,0,0,0,0,1
60409_progressing_4,5,0,9,0,0,17,0,0,0,0,0,9,33,0,0,0,0,0,0,0,0,0,0,0,104,0,0,0,115,0,0,0,0,0,5,0,128,0,0,27,0,0,0,0,0,0,0,0,0,0,0,0,0,0,0,0,0,0,0,0,0,0,0,0,0,0,0,0,0,0,0,0,0,0,0,0,0,0,0,0,0,0,0,0,0,0,0,0,0,0,0,0,0,0,0,0,17,0,0,163,0,0,0,0,2,0,0,0,0,0,0,0,2
60409_progressing_6,67,0,208,0,0,4,0,0,0,5,0,4,106,0,7,0,0,0,0,0,0,0,0,0,155,63,0,0,534,37,52,0,5,0,13,0,238,244,0,0,0,0,0,0,0,0,0,0,0,6,100,0,0,0,0,0,0,0,0,0,0,0,0,0,0,6,0,0,0,0,0,0,0,0,0,0,0,0,0,0,0,0,0,0,0,0,10,0,54,62,21,386,10,0,7,343,246,0,39,139,0,0,0,0,8,0,0,0,0,0,0,0,0
60409_progressing_8,33,0,153,0,0,0,0,0,0,0,0,4,33,0,0,0,0,0,0,0,0,0,0,0,189,70,0,0,759,28,9,0,0,0,0,0,507,55,0,38,0,0,0,14,0,0,0,0,0,14,0,4,0,0,0,0,0,0,0,0,0,0,0,0,0,0,0,0,0,0,0,0,0,0,0,0,0,0,0,0,0,0,0,0,0,0,0,0,89,74,0,56,0,0,0,88,134,0,21,977,0,0,0,0,10,0,0,0,0,0,2,0,0
60409_progressing_10,85,0,0,0,0,0,0,0,0,0,0,0,11,0,0,0,0,0,0,0,0,0,0,0,57,0,0,0,185,26,11,0,0,0,30,0,178,5,0,0,0,0,0,0,0,0,0,0,0,7,48,0,0,0,0,0,0,0,0,0,0,0,0,0,0,0,0,0,0,0,0,0,0,0,0,0,0,0,0,0,0,0,0,0,0,0,0,8,13,9,0,174,0,0,0,9,134,0,3,106,0,0,0,0,0,2,0,0,0,0,0,0,0
60409_progressing_12,5,0,28,0,0,15,0,0,0,3,0,5,0,0,0,0,0,0,0,0,0,0,0,0,34,40,0,0,122,0,25,0,0,0,0,0,237,67,0,0,0,0,0,0,0,0,38,0,0,0,0,0,0,0,0,0,0,0,0,0,0,0,0,0,0,5,0,0,0,0,0,0,0,0,0,0,0,0,0,0,0,0,0,0,0,0,0,0,99,0,136,58,0,0,0,18,195,0,0,39,0,0,0,23,0,15,0,0,0,0,0,0,0
60353_stable_0,0,0,981,0,0,0,0,0,0,2257,0,0,20,0,0,0,0,0,0,0,0,0,0,0,407,8,0,0,72,4,13,0,0,0,0,0,224,57,0,66,0,0,0,28,0,0,0,0,0,4,17,0,0,0,0,0,0,0,0,0,0,0,0,0,0,63,0,0,0,0,0,0,0,0,0,0,0,0,0,0,0,0,0,0,0,0,0,0,294,20,0,165,0,0,0,152,70,0,59,15652,0,0,0,0,6,1059,0,0,0,0,0,0,6
60353_stable_2,0,0,0,0,0,30,0,0,0,66,0,0,0,0,0,0,0,0,0,0,0,0,0,0,0,0,0,0,122,0,15,0,0,0,0,0,441,0,0,0,0,0,0,81,0,2,0,0,0,3,0,5,0,0,0,0,0,0,0,0,0,0,0,0,0,0,0,0,0,0,0,0,0,0,0,0,0,0,0,0,0,0,0,0,0,0,0,0,0,122,0,0,0,0,0,0,17,0,0,105,0,0,0,0,0,0,0,0,0,0,0,0,27
60353_stable_4,0,0,74,0,0,0,0,0,0,17,0,0,19,0,0,0,0,0,0,0,0,0,0,0,0,29,0,0,83,2,0,0,0,0,0,0,380,0,8,0,7,0,0,49,0,0,0,0,0,30,0,0,0,0,0,0,0,0,0,0,0,0,0,0,0,6,0,0,0,0,0,0,0,0,0,0,0,0,0,0,0,0,0,0,0,0,0,0,0,0,0,135,0,0,0,5,3,0,7,35,0,0,0,0,0,162,0,0,0,0,0,0,0
60353_stable_6,0,0,2086,0,0,0,0,0,0,4915,0,0,60,0,0,0,0,0,0,0,0,0,0,0,342,2,0,0,148,33,21,0,13,0,0,0,621,0,0,0,0,0,0,54,0,17,0,0,0,7,110,0,0,0,0,0,0,0,0,0,0,0,0,0,0,80,0,0,0,0,5,0,0,0,0,0,0,0,0,0,0,0,0,0,0,0,0,0,429,15,0,143,5,0,0,0,60,0,40,25686,0,0,0,0,10,676,136,0,0,0,0,0,0
60353_stable_8,356,0,47,0,0,214,0,0,0,57,0,0,34,10,7,0,0,0,12,0,0,3,0,17,22,257,0,0,186,4,108,0,0,0,4,0,414,47,0,0,20,0,0,8,0,3,0,0,833,4,41,0,0,0,0,0,0,0,0,0,0,0,0,0,0,5,0,0,0,0,0,0,0,0,0,0,0,0,0,0,0,0,0,0,0,0,0,0,253,0,0,872,45,0,0,55,58,0,2,750,3,0,0,442,0,0,0,0,0,0,2,0,11
60353_stable_10,5,0,267,0,0,0,0,0,0,9,0,0,873,0,0,0,0,0,0,0,0,0,0,0,5,10,6,0,1154,448,18,0,0,0,93,0,538,10,0,3,2,0,0,3,0,24,0,2,0,191,974,2,0,0,0,0,147,525,0,0,0,0,0,5,0,0,0,0,0,0,0,0,0,0,0,0,0,0,0,0,0,0,0,0,0,0,0,0,17,286,8,13552,21,0,2,22,8363,0,18,2098,0,0,3,221,0,77,0,0,0,0,3,9,10
60353_stable_12,0,0,2,0,0,0,0,0,0,2,0,0,235,0,0,0,0,0,0,0,0,0,0,0,0,52,0,0,508,85,30,0,0,0,6,0,134,0,0,0,0,0,0,224,0,58,0,0,0,0,8,0,0,0,0,0,0,0,0,0,0,0,0,0,0,0,0,0,0,0,0,0,0,0,0,0,0,0,0,6,0,0,0,0,9,0,0,0,0,50,0,219,0,0,0,0,18,0,30,159,0,2,0,0,0,0,0,0,0,0,0,0,0
60353_progressing_0,19,0,703,0,0,0,0,0,0,122,0,117,349,0,12,0,0,0,11,0,0,0,3,0,1090,612,0,0,3289,45,49,0,10,0,44,0,1004,285,0,538,10,0,0,51,0,32,0,0,0,416,83,9,0,0,0,0,0,0,0,0,0,0,0,10,0,9,0,0,0,0,0,0,0,0,0,0,0,0,0,0,0,0,0,0,0,0,0,0,157,57,0,271,0,0,4,83,63,0,19,3200,0,0,0,635,2,43,0,0,0,0,29,0,140
60353_progressing_2,0,0,117,0,0,4,0,0,0,99,0,2,39,13,0,0,0,7,0,0,0,0,0,0,56,133,0,0,213,0,15,0,0,0,0,11,39611,6,0,0,0,0,0,23,0,0,0,0,0,9,22,16,0,0,0,0,0,0,0,0,0,0,0,0,0,0,0,0,0,0,0,0,0,0,0,0,0,0,0,152,0,0,0,0,0,0,0,0,0,0,0,99,0,0,0,54,134,0,55,256,0,0,0,14,0,75,0,0,0,0,2,0,2
60353_progressing_4,3,0,110,0,0,57,0,0,0,76,0,17,37,0,5,0,0,0,11,0,0,0,3,0,1123,0,0,0,217,21,24,0,0,8,21,29,234,14,8,0,0,0,0,45,0,26,0,0,0,9,234,22,0,0,0,0,52,0,0,0,0,0,0,0,0,12,0,0,0,0,0,0,0,0,0,0,0,0,0,90,0,0,0,0,0,0,3,28,56,165,19,2174,15,0,5,27,1124,0,74,616,2,0,9,22,0,57,0,0,0,0,6,2,6
60353_progressing_6,118,0,286,0,0,153,0,0,0,64,0,295,89,0,84,0,0,0,27,13,0,0,11,29,682,0,0,0,228,14,141,0,0,0,0,0,463,0,16,0,0,0,0,12,0,112,0,0,0,20,363,0,0,0,0,0,110,0,0,0,0,0,0,0,0,0,0,0,0,0,0,0,0,0,0,0,0,0,0,33,47,0,0,0,0,0,0,9,8,39,0,748,14,0,2,19,872,0,163,278,4,0,0,83,0,31,0,0,0,0,8,2,4
60353_progressing_8,0,0,29,0,0,2,0,0,0,4,0,39,88,0,0,0,0,0,2,0,0,0,0,0,91,0,0,0,1052,94,261,0,0,0,21,0,510,31,13,0,0,0,0,49,0,18,0,0,18,23,536,4,8,0,0,0,83,3,0,0,0,0,0,0,0,3,0,0,0,0,0,0,0,0,0,0,0,0,0,0,0,0,0,0,0,0,0,0,10,253,8,7694,0,0,4,12,2245,0,11,417,2,0,0,95,0,10,0,0,0,0,11,0,3
60353_progressing_10,172,0,391,5,0,331,0,0,0,447,0,267,224,0,33,0,0,0,29,5,0,0,6,73,761,0,12,0,193,13,23,0,0,71,39,32,708,117,22,42,15,0,0,837,0,32,0,0,0,82,447,47,0,0,0,0,41,25,0,0,0,0,0,54,0,27,3,0,0,0,0,0,0,0,0,0,0,0,0,0,0,0,0,0,5,0,5,207,283,398,85,4135,78,0,19,280,1626,0,60,1011,11,0,0,288,0,55,0,0,0,0,44,0,169
60353_progressing_12,16,0,468,0,0,87,0,0,0,306,0,151,162,0,6,0,0,0,0,4,0,0,0,0,1440,0,0,0,103,0,32,0,0,0,0,0,439,31,15,14,0,0,0,558,0,6,0,0,0,8,69,0,0,0,0,0,0,0,0,0,0,0,0,0,0,20,0,0,0,0,0,0,0,0,0,0,0,0,0,0,0,0,0,0,0,0,0,29,56,59,62,113,0,0,0,25,87,0,3,1968,0,0,0,207,0,221,0,0,0,0,12,0,11
60381_stable_0,401,0,204,0,0,0,0,0,0,0,0,0,0,0,0,0,0,0,0,0,0,0,0,0,163,0,0,0,113,0,29,0,0,0,0,0,293,0,3,0,2,0,0,254,0,0,0,0,0,24,8,0,0,0,0,0,71,0,0,0,0,0,0,0,0,4,0,0,0,0,0,0,0,0,0,0,0,0,0,0,0,0,0,0,0,0,0,0,0,124,0,99,4,7,0,14,8,0,0,357,0,0,0,0,0,6,0,0,0,0,0,4,0
60381_stable_2,21,0,132,0,0,6,0,0,0,178,0,0,1202,0,0,0,0,0,0,0,0,0,0,0,24,0,3,0,1541,104,35,0,12,0,57,3,2024,232,42,578,54,0,0,1012,0,431,2,0,38,196,1742,14,0,0,14,0,40,43,0,0,0,0,0,0,3,19,0,0,0,28,0,0,14,0,0,0,0,0,0,0,0,0,0,0,5,0,2,19,69,400,19,7504,15,0,9,222,3304,0,98,1707,0,0,0,169,0,60,0,0,0,38,28,2,6
60381_stable_4,21,0,1258,0,0,16,2,0,0,3410,0,3,156,0,4,0,0,0,0,0,0,0,0,0,470,0,0,0,1333,13,484,0,51,0,3,0,2124,367,80,17,13,0,0,921,0,320,0,0,326,19,1597,9,0,0,4,0,0,0,0,0,0,0,0,0,3,265,0,0,0,0,0,0,25,0,0,0,0,0,0,0,0,0,0,0,7,0,0,34,520,33,20,668,25,0,2,92,218,0,187,9030,8,0,2,26,5,998,0,0,0,74,0,0,0
60381_stable_6,315,0,60,7,0,5433,423,0,0,778,0,0,435,0,15,0,0,0,8,0,0,0,2,0,10351,0,0,0,1231,63,547,0,29,0,16,0,6110,152,23,31,7,0,0,608,0,111,0,5,2199,69,412,27,0,0,0,0,0,7,0,0,0,3,0,0,0,111,0,0,0,0,0,10,0,0,0,0,0,0,0,0,10,0,0,8,41,0,29,803,1329,786,247,2565,601,0,53,1177,1541,21,46,3199,0,7,0,2777,48,413,0,0,0,0,46,8,13
60381_stable_8,0,0,38,0,0,81,0,0,0,6,0,0,86,0,0,0,0,0,0,0,0,0,0,0,17,0,0,0,94,158,224,0,0,0,2,0,415,0,3,5,5,0,0,61,0,0,0,0,0,35,77,0,0,0,0,0,13,126,0,0,0,0,0,0,0,6,0,0,0,0,0,0,0,0,0,0,0,0,0,0,0,0,0,0,0,0,0,0,103,0,0,807,4,0,0,4,543,0,124,306,0,0,0,5,0,0,0,0,0,0,0,0,0
60381_stable_10,255,0,0,0,0,15,0,0,0,18,0,0,24,0,8,0,0,0,2,0,0,0,0,0,97,0,0,0,63,0,24,0,0,0,0,0,173,44,3,0,6,0,0,10,0,0,0,0,175,11,53,0,0,0,0,0,0,0,0,0,0,0,0,0,0,36,0,0,0,0,0,0,0,0,0,0,0,0,0,0,0,0,0,0,39,0,28,948,1092,578,311,323,457,43,108,575,317,0,4,44,6,0,9,0,0,2,0,0,0,0,17,0,0
60381_stable_12,0,0,198,0,0,192,0,0,0,148,0,0,127,0,15,0,0,0,0,0,0,0,0,0,126,0,0,0,222,67,234,0,8,0,3,51,392,160,5,0,0,6,0,15,0,0,0,7,0,13,20,5,0,0,0,0,49,4,0,0,0,0,0,0,0,31,0,0,0,0,0,0,0,0,0,0,0,0,0,0,0,0,0,0,20,0,8,188,226,523,57,5656,72,0,25,92,1393,0,87,425,0,0,0,26,0,0,0,0,0,0,13,0,1
60381_progressing_0,1032,0,567,0,0,516,0,0,0,61,0,0,24,0,21,0,0,0,0,0,0,0,0,0,326,0,0,0,16,2,33,0,0,0,0,0,1239,0,47,21,0,0,0,82,0,102,0,0,0,0,219,20,0,0,0,0,0,0,0,0,0,0,0,0,0,5,0,0,0,0,0,0,0,0,0,0,0,0,0,0,0,0,0,6,0,0,0,0,325,416,36,287,424,0,29,253,548,0,30,264,0,0,0,159,15,414,0,0,0,0,99,0,10
60381_progressing_2,714,0,200,0,0,294,8,0,0,380,0,32,249,0,64,0,0,0,6,2,0,0,4,38,1682,0,0,0,252,0,82,0,5,0,4,0,522,33,13,123,6,0,0,298,0,0,4,0,0,67,499,14,0,0,0,0,16,0,0,0,0,0,0,0,0,16,0,0,0,0,0,0,0,0,0,0,0,0,0,0,0,0,0,0,11,0,9,191,183,173,39,341,414,0,11,110,722,0,76,1037,5,0,3,92,0,82,0,0,0,0,11,2,3
60381_progressing_4,55,0,146,0,0,269,0,0,0,131,0,0,237,0,3,0,0,0,10,0,0,0,4,0,685,0,0,0,1212,61,124,0,6,77,8,0,590,231,38,221,41,0,4,693,0,3,0,13,0,36,1218,0,0,0,0,0,0,4,0,0,0,9,0,9,0,74,0,0,0,0,0,0,32,0,0,0,0,0,0,0,0,0,0,16,18,0,24,1194,1376,691,351,844,195,0,49,416,321,0,95,624,0,0,0,52,0,46,0,0,0,0,37,0,4
60381_progressing_6,79,0,0,0,0,2,0,0,0,3,0,0,0,0,0,0,0,0,0,0,0,0,0,0,10,0,0,0,160,0,3,0,0,0,0,0,18,17,9,0,10,0,0,0,0,0,0,4,0,4,34,0,0,0,0,0,0,42,0,0,0,9,0,0,0,53,0,0,0,0,0,0,0,0,0,0,0,0,0,0,0,0,0,10,34,0,50,361,2704,1199,210,1382,345,0,36,320,179,0,0,172,0,0,0,30,0,0,0,0,0,0,5,0,3
60381_progressing_8,0,0,0,0,0,0,0,0,0,0,0,0,6,0,0,0,0,0,0,0,0,0,0,0,0,0,0,0,15,0,90,0,0,0,6,0,726,0,8,9,4,0,0,211,4,0,0,0,56,182,15,6,0,0,0,0,0,0,0,0,0,0,0,0,0,0,0,0,0,0,0,0,0,0,0,0,0,0,0,0,0,0,0,0,0,0,0,0,37,0,0,44,0,0,0,11,6,0,0,63,0,0,0,0,0,0,0,0,0,0,0,0,0
60381_progressing_10,0,0,0,0,0,0,0,0,0,0,0,0,0,0,0,0,0,0,0,0,0,0,0,0,0,0,0,0,11,0,27,0,0,0,0,0,233,0,3,0,0,0,0,5,0,0,0,0,0,0,135,0,0,0,0,0,0,0,0,0,0,0,0,0,0,0,0,0,0,0,0,0,0,0,0,0,0,0,0,0,0,0,0,0,0,0,0,0,0,122,0,46,0,0,0,0,4,0,0,23,0,0,0,0,0,0,0,0,0,0,0,0,0
60381_progressing_12,0,0,7,0,0,9,0,0,0,83,0,0,2,0,0,0,0,0,0,0,0,0,0,0,0,0,0,0,134,0,0,0,0,0,5,0,333,0,10,21,7,0,0,97,0,2,0,0,0,8,66,11,0,0,0,0,0,0,0,0,0,0,0,0,0,0,0,0,0,0,0,0,0,0,0,0,0,0,0,0,0,0,0,0,0,0,0,35,22,49,0,59,8,0,0,10,52,0,9,82,0,0,0,0,0,0,0,0,0,0,0,0,0
60392_stable_0,8,0,1770,11,0,655,38,0,0,1308,0,0,159,0,24,0,0,0,6,0,0,0,0,0,119,0,0,0,62,0,0,0,0,0,0,101,261,0,0,21,0,0,0,22,0,0,0,0,0,8,5,29,0,0,0,0,0,0,0,0,0,0,0,0,0,4,0,0,0,0,36,0,0,0,0,0,0,0,0,0,214,0,0,0,0,0,0,0,0,240,11,66,0,0,0,9,241,0,11,294,2,0,0,255,183,683,0,0,0,0,0,0,0
60392_stable_2,12,0,1733,58,0,434,5,0,0,708,0,0,1283,0,16,0,0,0,25,6,0,0,6,25,266,0,4,0,980,286,354,0,6,0,2,1866,3993,17,53,2777,14,7,0,1288,0,193,0,0,0,239,1246,48,0,0,17,0,3,0,0,0,0,983,0,19,0,15,0,0,0,4,0,0,0,0,0,0,0,0,0,586,324,0,0,0,11,0,0,67,195,738,26,697,33,0,3,42,3515,0,135,2284,10,0,0,57,57,2220,0,0,0,11,4,0,0
60392_stable_4,0,0,2369,8,0,823,15,0,0,2768,0,0,211,43,32,0,0,0,10,4,0,0,17,20,84,0,0,0,58,0,0,0,0,0,0,137,999,0,0,10,0,0,0,5,0,0,0,0,0,15,38,45,0,0,0,0,0,0,0,0,0,6,0,0,0,6,0,0,0,0,0,0,0,0,0,0,0,0,0,1273,26,0,0,0,0,0,0,0,44,0,0,77,0,0,0,69,40,5,96,210,5,0,0,162,195,1929,0,0,0,18,0,0,0
60392_stable_6,0,0,0,0,0,0,0,0,0,5,0,0,2,0,0,0,0,0,0,0,0,0,0,0,11,0,0,0,2,15,5,0,0,0,0,0,89,0,0,27,0,0,0,0,0,109,0,0,0,9,143,0,0,0,0,0,0,0,0,0,0,0,0,0,0,0,0,0,0,0,0,0,0,0,0,0,0,0,0,0,0,0,0,0,0,0,0,0,0,0,0,485,0,0,0,0,41,0,2,25,0,0,0,0,0,3,0,0,0,0,0,0,0
60392_stable_8,0,0,387,0,0,701,0,0,0,243,0,0,60,0,0,0,0,0,3,0,0,0,0,5,100,0,0,0,55,12,116,0,0,0,0,0,1258,63,13,10,3,0,0,80,0,0,0,0,0,12,2793,0,0,0,0,0,4,0,0,0,0,0,0,0,0,8,0,0,0,8,0,0,0,0,0,0,0,0,0,0,24,0,0,0,0,0,0,0,64,0,9,628,4,0,2,22,183,0,225,207,0,0,0,163,0,281,0,0,0,0,3,0,0
60392_stable_10,0,0,414,3,0,5,0,0,0,867,0,0,146,0,0,0,0,0,0,0,0,0,0,0,17,0,0,0,293,24,125,0,0,0,0,0,1982,18,12,11,3,0,0,365,0,0,0,0,0,26,377,0,0,0,0,0,0,0,0,0,0,0,0,0,0,0,0,0,0,0,0,0,0,0,0,0,0,0,0,0,0,0,0,0,0,0,0,23,27,26,0,870,6,0,0,11,49,0,284,1382,0,0,0,0,13,692,0,0,0,0,2,0,0
60392_stable_12,0,0,0,0,0,0,0,0,0,4,0,0,0,0,0,0,0,0,0,0,0,0,0,0,3,0,0,0,6,0,128,0,0,0,0,0,189,0,0,0,0,0,0,99,0,0,0,0,0,0,0,0,0,0,0,0,0,0,0,0,0,0,0,0,0,0,0,0,0,0,0,0,0,0,0,0,0,0,0,0,0,0,0,0,0,0,0,0,0,0,0,0,0,0,0,0,12,0,0,4,0,0,0,0,0,0,0,0,0,0,0,0,0
60392_progressing_0,5,0,2507,632,0,2115,469,0,0,4813,4,0,517,281,46,0,0,0,54,8,0,0,0,323,583,0,37,0,49,0,30,0,0,0,0,0,316,56,16,33,0,0,0,70,0,0,0,0,92,55,39,636,0,0,71,0,0,0,0,0,0,43,0,0,0,0,0,10,0,76,0,0,128,0,0,0,0,0,0,0,62,0,0,0,0,0,0,0,51,13,0,46,15,0,7,60,351,25,124,964,7,0,0,867,28,3035,0,0,0,0,5,0,0
60392_progressing_2,82,0,991,1144,0,2120,25,0,0,166,20,0,1904,19,177,0,0,0,17,8,0,0,12,40,2036,0,21,0,91,0,0,0,0,24,42,14,2014,761,11,13,0,0,0,11,0,0,0,0,845,12,34,97,0,0,0,0,0,0,0,0,0,0,0,0,0,5,0,4,0,0,24,0,0,0,0,0,0,0,0,0,197,0,0,0,8,0,0,22,53,22,0,32,19,0,0,31,97,0,18,1414,0,0,0,203,11,1079,0,0,0,43,19,0,55
60392_progressing_4,29,0,1325,31,0,549,117,0,0,2986,0,0,81,84,39,0,0,0,7,0,0,0,0,43,17,0,36,0,187,0,49,0,0,0,3,46,438,0,19,36,0,0,0,122,0,0,0,0,0,23,10,67,0,0,0,0,0,0,0,0,0,0,0,0,0,40,0,0,0,0,0,0,0,0,0,0,0,0,0,0,127,0,0,0,0,0,0,0,50,0,0,58,0,0,0,22,456,3,93,932,3,0,0,763,9,2088,0,0,0,0,0,0,0
60392_progressing_6,97,0,2994,38,0,484,30,79,0,6405,0,5,115,20,132,0,0,0,63,4,0,0,55,336,685,0,28,0,3,0,260,0,0,0,22,63,526,0,31,98,0,0,0,27,0,0,0,0,0,54,13,161,0,0,0,0,0,0,0,0,0,33,0,0,0,104,0,0,0,0,109,0,0,0,0,0,0,0,0,0,0,0,0,0,0,0,0,72,0,0,0,81,0,0,0,42,342,0,33,1352,7,3,0,495,46,939,0,0,0,27,2,2,0
60392_progressing_8,0,0,559,33,0,1352,116,0,0,1657,0,0,79,14,18,0,0,0,5,0,0,0,0,19,39,0,20,0,179,8,4,0,0,0,0,0,422,0,13,724,0,0,0,28,0,0,0,0,0,10,12,152,0,0,0,0,0,0,0,0,0,63,0,0,0,0,0,0,0,0,0,0,0,0,0,0,0,0,0,0,48,0,0,0,0,0,0,0,16,0,0,19,0,0,0,11,68,0,15,567,0,0,0,393,175,1696,0,0,0,0,3,0,0
60392_progressing_10,0,0,0,0,0,0,0,0,0,56,0,0,7,0,0,0,0,0,0,0,0,0,0,0,6,0,0,0,156,0,34,0,0,0,0,0,261,0,0,0,0,0,0,0,0,0,0,0,0,2,56,0,0,0,0,0,10,0,0,0,0,0,0,0,0,0,0,0,0,0,0,0,0,0,0,0,0,0,0,0,0,0,0,0,0,0,0,0,0,12,0,637,0,0,0,0,375,0,53,121,0,0,0,3,0,42,0,0,0,0,0,0,0
60392_progressing_12,0,0,209,0,0,431,0,0,0,641,0,0,71,0,0,0,0,0,0,0,0,0,0,0,104,0,0,0,0,0,78,0,0,0,0,0,198,0,0,0,0,0,0,0,0,0,0,0,0,0,0,45,0,0,0,0,0,0,0,0,0,0,0,0,0,15,0,0,0,0,0,0,0,0,0,0,0,0,0,0,0,0,0,0,0,0,0,0,0,0,0,11,0,0,0,5,90,0,0,128,0,0,0,133,14,283,0,0,0,0,0,0,0
50779_stable_0,1292,0,13,0,0,0,0,0,0,17,0,0,16,0,13,0,0,0,0,0,0,0,0,0,10,0,0,0,434,47,81,0,0,0,23,0,428,0,5,5,2,0,0,4,0,0,0,0,0,6,277,0,0,0,0,0,11,0,0,0,0,0,0,0,0,0,0,0,0,0,0,0,0,0,0,0,0,0,0,0,0,0,0,0,0,0,0,0,3,103,3,1476,9,0,0,0,733,0,30,29,0,0,0,9,0,0,0,0,0,0,0,0,0
50779_stable_2,6,0,759,0,0,0,0,0,0,336,0,0,494,0,6,0,0,0,3,0,0,0,0,4,212,0,4,0,1111,240,222,6,6,71,22,2,2074,363,102,49,31,12,0,2540,0,500,18,21,34,166,3455,7,0,0,0,0,60,15,0,0,0,0,0,0,0,31,0,0,0,0,0,0,0,0,0,0,0,0,0,0,0,0,0,0,5,0,2,12,59,512,7,3385,14,0,6,411,2820,0,459,1320,7,0,0,62,0,174,0,0,0,0,3,0,11
50779_stable_4,445,0,212,0,0,45,0,0,0,43,0,79,317,0,29,0,0,0,3,0,0,0,0,5,12148,0,0,0,565,13,2,0,0,12,6,0,1217,243,6,14,0,0,0,17,0,0,0,0,0,13,527,9,0,0,0,0,0,6,0,0,0,0,0,0,0,26,0,0,0,0,10,0,0,0,0,0,0,0,0,0,0,0,0,8,7,0,16,130,293,252,129,384,86,0,18,171,206,18,76,2878,6,0,6,83,13,295,0,0,0,0,25,0,11
50779_stable_6,2,0,17,0,0,0,0,0,0,50,0,0,29,0,0,0,0,0,0,0,0,0,0,0,212,0,0,0,74,70,108,0,0,57,18,0,577,55,9,72,0,0,0,119,0,56,0,0,0,36,536,9,0,0,18,0,0,0,0,0,0,0,0,0,0,3,0,0,0,0,18,0,0,0,0,0,0,0,0,0,0,0,0,0,0,0,0,0,0,0,60,51,0,0,2,2,207,0,14,348,0,0,0,0,0,0,0,0,0,0,0,0,0
50779_stable_8,6,0,49,0,0,2,0,0,0,16,0,0,105,0,2,0,0,0,0,0,0,0,0,0,1330,0,0,0,146,172,271,0,0,56,10,0,594,105,5,0,0,0,0,34,0,12,0,0,58,0,259,0,0,0,0,0,153,3,0,0,0,0,200,0,0,5,0,0,22,3,0,0,0,0,0,0,0,0,0,0,0,0,0,0,4,0,26,112,20,273,3,3557,22,0,5,545,1152,0,73,674,2,0,2,70,4,0,0,0,0,0,3,85,0
50779_stable_10,0,0,0,0,0,0,0,0,0,0,0,0,3,0,0,0,0,0,0,0,0,0,0,0,3,0,0,0,55,0,58,0,0,0,0,0,537,0,0,3,0,0,0,0,0,0,0,0,114,25,15,0,0,0,0,0,0,0,0,0,0,0,0,0,0,0,0,0,0,0,0,0,0,0,0,0,0,0,0,0,0,0,0,0,0,0,0,0,0,0,0,0,0,0,0,0,0,0,0,5,0,0,0,0,0,0,0,0,0,0,0,0,0
50779_stable_12,0,0,0,0,0,17,0,0,0,0,0,0,26,0,0,0,0,0,0,0,0,0,0,0,176,0,0,0,6,0,25,0,0,0,0,0,308,13,0,0,0,0,0,0,0,0,0,0,0,6,7,0,0,0,0,0,0,0,0,0,0,0,0,0,0,0,0,0,0,0,0,0,0,0,0,0,0,0,0,0,0,0,0,0,0,0,0,18,0,17,0,24,0,0,0,0,17,0,11,187,0,0,0,0,0,13,0,0,0,0,0,0,0
50779_progressing_0,0,0,0,0,0,0,0,0,0,22,0,0,7,0,0,0,0,0,0,0,0,0,0,0,3,0,0,0,30,5,111,0,0,0,0,0,28,0,0,13,0,0,0,6,0,15,0,0,101,2,73,0,0,0,0,0,0,0,0,0,0,0,0,0,0,0,0,0,0,0,0,0,0,0,0,0,0,0,0,0,0,0,0,0,0,0,0,26,0,0,0,145,0,0,0,0,10,0,0,110,3,60,0,0,0,0,0,0,0,0,0,0,0
50779_progressing_2,0,0,21,0,0,0,0,0,0,67,0,0,0,0,0,0,0,0,0,0,0,0,0,0,9,0,0,0,82,14,25,0,0,0,0,0,61,0,6,0,0,0,0,0,0,0,0,0,0,0,0,0,0,0,0,0,0,0,0,0,0,0,0,0,0,0,0,0,0,0,0,0,0,0,0,0,0,0,0,0,0,0,0,0,0,0,0,0,0,0,0,0,0,0,0,0,4,0,16,121,0,0,0,0,0,0,0,0,0,0,0,0,0
50779_progressing_4,0,0,9,0,0,0,0,0,0,24,0,0,14,0,10,0,0,0,0,0,0,0,0,0,4,0,0,0,28,0,54,0,0,0,0,0,264,0,0,129,0,0,0,0,0,0,0,0,0,0,42,0,0,0,0,0,0,0,0,0,0,0,0,0,0,0,0,0,0,0,0,0,0,0,0,0,0,0,0,0,0,0,0,0,0,0,0,0,25,0,0,20,0,0,0,0,12,0,5,90,0,0,0,0,0,0,0,0,0,0,0,0,0
50779_progressing_6,32,0,840,0,0,19,0,0,0,368,0,0,439,0,0,0,0,0,0,0,0,0,0,0,31,0,0,0,1337,168,333,0,16,18,45,0,1630,1459,38,43,26,0,5,1206,0,4,0,10,20,725,1603,0,0,0,0,0,21,166,0,0,43,0,0,12,0,101,0,3,0,4,0,0,0,0,0,2,3,3,0,0,0,0,0,15,61,0,28,806,1329,533,230,7091,124,16,28,296,658,0,198,423,11,0,0,577,2,65,0,0,0,0,8,2,5
50779_progressing_8,3,0,0,0,0,0,0,0,0,27,0,0,0,0,0,0,0,0,0,0,0,0,0,0,0,0,0,0,52,36,17,0,0,0,0,0,397,160,0,0,0,0,0,49,0,0,0,0,0,0,473,0,0,0,0,0,0,9,0,0,0,0,0,0,0,0,0,0,0,0,0,0,0,0,0,0,0,0,0,0,57,0,0,0,0,0,0,0,36,69,0,206,0,0,0,3,198,0,0,3,0,0,0,0,0,2,0,0,0,0,0,0,0
50779_progressing_10,4,0,222,0,0,0,0,0,0,605,0,0,297,0,2,0,0,0,0,0,0,0,0,0,237,0,0,0,1287,161,428,0,0,0,11,0,1777,193,46,91,14,0,0,498,0,524,0,5,560,85,1959,11,0,0,9,0,85,3,0,0,0,0,0,0,3,38,0,0,0,0,0,0,0,0,0,0,0,0,0,0,0,0,0,0,3,0,0,50,62,128,5,4995,19,0,5,52,3947,0,210,2934,0,0,0,26,5,0,0,0,0,0,3,0,40
50779_progressing_12,5,0,0,0,0,0,0,0,0,2,0,0,292,0,0,0,0,0,0,0,0,0,0,0,0,0,0,0,139,17,184,0,0,0,0,0,398,0,0,0,0,0,0,60,0,2,0,0,0,4,62,0,0,0,0,0,12,0,0,0,0,0,0,0,0,0,0,0,0,0,0,0,0,0,0,0,0,0,0,0,0,0,0,0,0,0,0,0,13,27,0,1875,0,0,0,6,729,0,2,140,0,0,0,428,0,76,0,0,0,0,0,10,0
