feature	Abiotrophia_defectiva	Actinomyces_naeslundii	Actinomyces_oris	Aggregatibacter_actinomycetemcomitans	Aggregatibacter_aphrophilus	Anaeroglobus_geminatus	Bifidobacterium_longum	Brevundimonas_diminuta	Bulleidia_extructa	Campylobacter_concisus	Capnocytophaga_gingivalis	Capnocytophaga_granulosa	Cardiobacterium_valvarum	Catonella_morbi	Comamonas_testosteroni	Corynebacterium_durum	Cryptobacterium_curtum	Dialister_invisus	Dialister_micraerophilus	Eggerthia_catenaformis	Enterococcus_faecalis	Filifactor_alocis	Fusobacterium_naviforme	Fusobacterium_necrophorum	Fusobacterium_nucleatum	Fusobacterium_periodonticum	Gemella_haemolysans	Gemella_morbillorum	Granulicatella_adiacens	Haemophilus_haemolyticus	Jonquetella_anthropi	Lactobacillus_crispatus	Lactobacillus_gasseri	Lactococcus_lactis	Leptotrichia_wadei	Neisseria_elongata	Neisseria_flavescens	Neisseria_subflava	Parvimonas_micra	Peptostreptococcus_stomatis	Prevotella_denticola	Schaalia_meyeri	Schaalia_odontolytica	Selenomonas_sputigena	Staphylococcus_epidermidis	Staphylococcus_warneri	Streptococcus_anginosus	Streptococcus_australis	Streptococcus_constellatus	Streptococcus_cristatus	Streptococcus_gordonii	Streptococcus_intermedius	Streptococcus_mitis	Streptococcus_mutans	Streptococcus_parasanguinis	Streptococcus_salivarius	Streptococcus_sanguinis	Streptococcus_sinensis	Streptococcus_sobrinus	Streptococcus_vestibularis	Tannerella_forsythia	Treponema_denticola	Veillonella_atypica	Veillonella_parvula
Sample1	0	0.001685488	0	0	0	0.000337098	0	0	0	0	0	0	0	0	0	0	0	0.005056464	0	0	0	0	0	0	0.732344514	0	0	0	0	0.001516939	0	0	0.01820327	0.034889601	0	0	0	0	0	0	0	0	0	0	0	0	0	0	0	0.198887578	0	0	0	0.004550817	0.000674195	0.001854037	0	0	0	0	0	0	0	0
Sample2	0	0.004072566	0	0	0	0	0	0.004072566	0	0	0	0	0	0	0	0	0	0.002776749	0	0.000740466	0	0	0	0	0.691780822	0	0	0	0	0	0	0	0.013883747	0.040725657	0	0	0.000740466	0	0	0	0	0	0	0	0	0	0	0	0	0.225472047	0	0	0	0.010736764	0.001480933	0.001295816	0	0	0	0.00166605	0	0	0	0.000185117
Sample3	0.001265022	0.036263968	0	0	0	0	0	0	0	0	0	0	0	0	0	0	0	0.006325111	0	0.001686696	0	0	0	0	0.631667721	0.000421674	0	0	0	0.000632511	0	0.006325111	0.011174362	0.030360531	0	0	0	0	0	0	0	0.018553658	0	0	0	0	0	0	0	0.243938436	0	0	0.000843348	0.002319207	0.003373392	0.002740881	0	0	0	0	0.00210837	0	0	0
Sample4	0	0	0	0	0	0	0	0	0	0	0	0	0	0	0	0	0	0.00633553	0.001773948	0.003801318	0	0	0.001013685	0	0.679929042	0	0	0	0.000506842	0.001773948	0	0	0.01495185	0.032184491	0	0	0	0	0	0	0	0	0	0	0	0	0	0	0	0.238976178	0	0	0	0.017739483	0	0.001013685	0	0	0	0	0	0	0	0
Sample5	0	0.00351803	0	0	0	0	0	0.00351803	0	0	0	0	0	0	0	0	0	0.008970976	0.000879507	0.003166227	0	0	0.000527704	0	0.682497801	0	0	0.000351803	0	0	0	0	0.016710642	0.041688654	0.000351803	0.000703606	0	0	0	0	0	0	0	0	0	0	0	0.002110818	0	0.2117854	0	0	0.001407212	0.016182938	0.000527704	0.005101143	0	0	0	0	0	0	0	0
Sample6	0.00928353	0.232852774	0.000436872	0.018676278	0	0.015945828	0.00109218	0.007972914	0	0	0	0	0	0	0.00928353	0	0	0.005242464	0.000764526	0.004259502	0	0	0.004150284	0.018785496	0.325469637	0	0.000436872	0.000655308	0	0.00109218	0	0	0.005570118	0.014853648	0.001201398	0	0	0	0	0	0.000982962	0.019222368	0	0	0	0	0	0.000873744	0.00054609	0.179117519	0	0	0.00873744	0.004150284	0.00163827	0.02894277	0.000436872	0.00054609	0	0.039209262	0.00709917	0.029598078	0.00054609	0.000327654
Sample7	0.000482509	0.43787696	0	0.002557298	0	0.008154403	0	0.006031363	0	0.000386007	0.000241255	0	9.65e-05	0.000144753	0.001013269	0.00053076	0	0.003860072	0.000289505	0.007237636	0	0	0.004680338	0.030349819	0.326031363	0	0	0	0	0	0.000144753	0.000675513	0.002702051	0.00641737	0.000434258	0	0	0	0	0	0	0.009650181	0	0	0	0	0.000241255	0.000241255	0.000193004	0.083618818	0	0	0.00318456	0.029915561	0.005548854	0.009264174	0.00053076	0	9.65e-05	0.00747889	0.001833534	0.007623643	0.000193004	4.83e-05
Sample8	0.000205634	0.600349578	0.002947426	0.004318322	0.000376996	0.034478031	0	0.015251217	0	0.000514086	0	0	0	0.000548358	0.018952636	0	0	0.010898622	0.000925355	0.003701419	0	0.001473713	3.43e-05	0.0009939	0.060936322	0.00013709	0.000171362	0.003632874	0	0.000479814	0	0	0.001336623	0.010521626	0.001062444	0	0	0	0	0	0.000514086	0	0.000171362	0	0	0	0.007025841	0.002638975	0	0.010692988	0.00243334	0.000411269	0.007882651	0.017033381	0.00071972	0.042360683	0.000685448	0	0	0.101137844	0.009733361	0.022174241	0	0
Sample9	0.000494825	0.615397303	0.00053606	0.011669622	0.000247412	0.030101851	0	0.013236568	0	0	0	0.000206177	0	0	0.023710362	0.000247412	0	0.005772958	0	0.001113356	0	0	0.000412354	0.001773123	0.022803183	0.000247412	0	0	0	0.001278298	0	0.000618531	0.000701002	0.004535895	0.000164942	0	0.000206177	0	0	0	0	0	0	0	0	0	0.004577131	0	0	0.018555936	0	0	0.003669952	0.072203208	0.005154427	0.104325595	0.002886479	0.000577296	0.000494825	0.033606862	0.001608181	0.016576636	0	0
Sample10	0.000385902	0.364098276	0.000385902	0.003987651	0.00064317	0.008103936	0	0.004695138	0	0	0	0	0	0.000578853	0.022317983	0.001157705	0	0.009904811	0.002765629	0.001543607	0	0	0.000450219	0.000900437	0.048173399	0	0	0	0	0	0.000257268	0	0.001350656	0.00295858	0.000771803	0	0	0	0	0	0	0	0	0	0	0	0	0.009068691	0	0.062837664	0	0	0.001414973	0.022575251	0.001286339	0.37985593	0.001093388	0	0	0.01350656	0.004051968	0.028621045	0	0
Sample11	0.002002741	0.38347212	0.001054074	0.004005481	0	0.057447033	0	0.001475704	0	0	0	0	0	0	0.05997681	0	0	0.020343628	0.001581111	0.005059555	0	0.00242437	0.002318963	0.042795404	0.051017181	0	0	0	0	0	0	0	0.000843259	0.011173184	0.00042163	0	0	0	0	0	0	0	0	0	0	0	0.000737852	0	0	0.000948667	0	0	0.006324444	0.092758512	0.005902814	0.15969221	0.000632444	0.000316222	0	0.042689997	0.022767998	0.019816591	0	0
Sample12	0.013492777	0.301127044	0.00148156	0.003121858	0	0.012963649	0	0.001058257	0	0	0	0	0	0	0.038732208	0.000476216	0	0.022011747	0.00222234	0.002433991	0	0.001799037	0.002063601	0.008466056	0.068680883	0.003068945	0	0.000687867	0.000211651	0.000264564	0	0	0.000211651	0.014709773	0.000582041	0.001428647	0	0	0	0.000264564	0	0	0	0	0	0	0.000476216	0.002645643	0	0.080956664	0.002275253	0.000423303	0.006931584	0.148103074	0.011164612	0.197047463	0.002328166	0.00074078	0.000317477	0.036933171	0.002804381	0.001746124	0	0.000105826
Sample13	0.003870431	0.640673299	0.001636491	0.014936229	0	0.026313739	0	0.002130036	0	7.79e-05	0	0	5.2e-05	0	0.015637582	0.000233784	0	0.004467881	0.000155856	0.018157259	0	0.001636491	0.001480635	0.013819259	0.052030028	0.001013066	0	0	0	0.000103904	0	0	0.000155856	0.001376731	0.000285737	0	0	0	0	0	0	0.006571941	0	0	0	0	0.002000156	0.001350755	0	0.001766371	0	0	0.001636491	0.066031119	0.007091462	0.078707432	0.001558563	0.000675377	0.000155856	0.025222745	0.000831234	0.005454971	0.000207808	0
Sample14	0.000183197	0.152346756	0.017110614	0.015535119	0.001135822	0.031290074	7.33e-05	0.001538856	0	0	0	0	0	0	0.235518265	0.002344924	0	0.00388378	0	0	0	0	0	0.015754955	0.024585058	0	0.000329755	0	0	0.000183197	0	0	0.000476313	0.002857876	0.001538856	0	0	0	0	0	0.003554025	0	0	0	0	0	0.004286813	0.005312718	0.001978529	0.012823801	0	0.000842707	0.009416334	0.0773092	0.006668377	0.28798593	0.007914117	0.000879346	0.000403034	0.045139779	0.00065951	0.02707654	7.33e-05	0
Sample15	0.010380137	0.021601908	0	0.002104082	0	0.002945715	0.000841633	0.035769393	0.006873334	0.005190069	0.004348436	0.001262449	0.002805443	0.009819049	0.01514939	0.006452518	0	0.142095666	0.002244354	0.055688035	0	0.025389255	0.007013606	0.161593491	0.135362603	0	0.00266517	0	0	0.009398233	0	0.028054426	0.003506803	0.006733062	0.007294151	0	0	0	0.012764764	0.000561089	0	0	0	0	0	0	0	0.008696872	0	0	0.001542993	0	0.007714967	0.170851452	0.026791976	0.014027213	0	0	0	0.000420816	0.030859868	0.009398233	0	0
Sample16	0.005667596	0.300004723	0.0004723	0.007131724	0	0.009257073	0.018183536	0.141453738	0	0.001605819	0.001086289	0	0.000944599	0.002267038	0.023756671	0	0	0.093468096	0.00056676	0.014168989	0	0.000850139	0.015208048	0.069664195	0.0892174	0.028574127	0	0.001039059	0	0.023992821	9.45e-05	0	0.000991829	0.003447787	0.009871062	0	0	0	0	0.00033061	0	0	0.000755679	0	0	0.000661219	0.00051953	0.001936428	0	0.003447787	0.00061399	0	0.006753885	0.021206253	0.003069948	0.036225381	0.00042507	0	0	0.03858688	0.011004581	0.009493223	0.00061399	0.001275209
Sample17	0.006364236	0.181109085	0.001513446	0.01074935	0.001979122	0.175831425	0.001202996	0.186503163	0.005355272	0.004191082	0.001241802	0.00073732	0.001319415	0.007761264	0.032830145	0.001202996	0	0.046761613	0.000659707	0.006053786	0.000504482	0	0.011370251	0.018743451	0.047149676	0.044782491	0	0.001707478	0.000310451	0.004385114	0	0	0.001746284	0.00632543	0.008692615	0	0	0	0	0	0	0.059800536	0	0	0	0	0.001358221	0.004811983	0.001862703	0.004773177	0.000426869	0	0.007023943	0.024603205	0.008304552	0.050176569	0.000426869	0	0	0.008731421	0.002405992	0.004268695	0.000543288	3.88e-05
Sample18	0.034304285	0.191502167	0	0.012999519	0	0.025517573	0.006860857	0.042007703	0	0	0.000361098	0	0	0	0.019980741	0	0.000962927	0.102070294	0.003009148	0.00324988	0.001083293	0.00589793	0.038998556	0.007583052	0.110736639	0.093163216	0.000842561	0.001564757	0	0.004092441	0	0	0.002407318	0.021304766	0.003009148	0	0	0	0.003009148	0	0	0	0	0	0	0.008184882	0.016008666	0	0.008666346	0.006138662	0.005175734	0	0.026721233	0.04886856	0.003610977	0.038998556	0.000481464	0	0	0.097496389	0.00264805	0	0.000481464	0
Sample19	0.000250031	0.176272034	0.000875109	0.011251406	0	0.054381798	0	0.262657832	0.001875234	0	0	0	0	0.002875359	0.088886111	0	0	0.016752094	0.001625203	0.001375172	0	0	0	0.015751969	0.08376047	0.009626203	0	0	0	0.004750594	0	0.005125641	0.001375172	0.01087636	0.009376172	0	0	0	0	0	0	0	0	0	0	0.000750094	0	0.000625078	0.007500938	0.024628079	0	0	0	0.069258657	0.001250156	0.076009501	0.000500063	0	0	0.021002625	0.028378547	0.010376297	0	0
Sample20	0.004548501	0.14806569	0.00184334	0.021928565	0.002441827	0.114071627	0.004309107	0.179977018	0.006415781	0.003997893	0.002010916	0.000239395	0.000742124	0.016973092	0.195657378	0	0	0.010796706	0.000167576	0.001292732	0	0.000359092	0.00416547	0.004979412	0.047400172	0.054749593	0	0.00045485	0.000191516	0.000981519	0	0	0.00232213	0.003519104	0.013406109	0	0.000311213	0	0	0.000574548	0.000766063	0	0.000215455	0	0	0.001029398	0.001268792	0.003519104	0.001484248	0.005865173	0.000598487	0	0.009791248	0.006272144	0.003950014	0.039141051	0.000622427	0	0	0.060519008	0.006343962	0.008857608	9.58e-05	2.39e-05
Sample21	0.003255562	0	0	0	0	0.026587086	0	0.043950081	0	0	0	0	0	0	0	0.009766685	0	0.196418882	0	0	0	0	0.001627781	0	0.113402062	0.037981552	0	0	0	0.026587086	0	0	0	0.099294628	0	0	0	0	0	0	0	0	0	0	0	0	0	0.017362995	0	0.187737385	0	0	0.004340749	0.14324471	0.0678242	0.010851872	0	0	0	0	0	0.009766685	0	0
Sample22	0.001343396	0.365877751	0.000553163	0.059069896	0.000632186	0.101821486	0.001817535	0.087281204	0	0.001224861	0.000869256	0.000276581	0.000711209	0.004030187	0.004425303	0	0	0.002528745	0.000158047	0.004425303	0	0	0	0.048954917	0.031411751	0.003674582	0.000197558	0	0	0.000553163	0	0	0.002133628	0.008495002	0.004069699	0	0	0	0.001422419	0.00023707	0	0.038010194	0	0	0	0.001817535	0	0	0.000790233	0.007744281	0	0.000276581	0.004464815	0.079260342	0.029554704	0.044490102	0.001106326	0.000118535	0	0.002449721	0.006875025	0.043620846	0	0.00023707
Sample23	0.000453947	0.299650461	0.000862499	0.107086114	0.001089473	0.158472922	0.000726315	0.050070362	0.000272368	0.000226974	0.000408552	0	0.000680921	0.015842753	0.027373008	0	0	0.012574334	0.000136184	0.002723682	0	0	0	0.00463026	0.018475646	0.000817105	0	0.007126969	0.000408552	0.001361841	0	0	0.002678288	0.002905261	0.011076309	0.000226974	0	0	0	0	0.002723682	0	0	0	0	0.001724999	0.003041445	0.000817105	0	0.018475646	0.001044078	0.000272368	0.00394934	0.060601934	0.005628944	0.058740751	0.001089473	0.000272368	0.000136184	0.037450633	0.00077171	0.074901267	0	0
Sample24	0.000986749	0.227939103	0.000704821	0.022413307	0	0.135607556	0	0.046236256	0.001832535	0	0	0	0	0.007471102	0.011136171	0	0	0.010713279	0	0.009162673	0	0	0	0.003524105	0.129968988	0	0	0	0	0.000422893	0	0	0.001409642	0.010854243	0.002114463	0	0	0	0	0	0	0	0	0	0	0	0	0	0	0.004933747	0	0	0	0.090921906	0.028615732	0.081195376	0	0	0	0.00704821	0.004228926	0.160558218	0	0
Sample25	0	0.250455807	0.00051526	0.018985335	0	0.309433214	0	0.062267142	0.001228696	0.000118906	0.000158541	0	0	0.000713436	0.007689259	0	0	0.002695204	0.00051526	0.00503369	0	0	0	0.031272295	0.020927467	0.000713436	0	0.005905668	0	0.000832342	0	0	0.001426873	0.005707491	0.004042806	0.000158541	0	0	0	0	0.000832342	0.052516845	0.000792707	0	0	0	0.000317083	0.000198177	0	0.011969877	0.000475624	0	0.001426873	0.082917162	0.006460563	0.054815696	0.000118906	0.000118906	0	0.009869203	0.012564407	0.033729687	7.93e-05	0
Sample26	0.004829829	0.187622758	9.66e-05	0.058795119	0	0.359822262	9.66e-05	0.074089577	0.00083717	0.000257591	0.000257591	0	0.00028979	0.002157324	0.012847345	0	0	0.00141675	0.001094761	0.002189522	0	0	0	0.054255079	0.056991982	0	0	0.000160994	0.000160994	9.66e-05	0	0	0.000965966	0.002865699	0.00196413	0	0	0	0	0	0.000482983	0.022249412	0	0	0	0	0	0	0	0.003928261	0	0	0.001835335	0.04462762	0.003123289	0.037640468	0.001223557	0.000128795	9.66e-05	0.010625624	0.005312812	0.035708536	0.000128795	0
Sample27	0.003387513	0.141249961	0.000621562	0.016440315	0.000310781	0.221213911	0.000901265	0.121763993	0.000310781	0.000124312	9.32e-05	9.32e-05	0	0.00180253	0.031730739	0	0	0.013922988	6.22e-05	0.003573981	0	0	0.001212046	0.011840756	0.059328091	0.003449669	0	0	0	0.001056655	0	0.001491749	0.001553905	0.007583056	0.005407589	0.000870187	0	0.004692793	0	0	0	0.024582777	0	0	0	0	0.000341859	0.005034652	0.000435093	0.050004662	0	0	0.001647139	0.07374833	0.003636138	0.091525002	0.000310781	0	0	0.022251919	0.020884483	0.048295366	0.000404015	9.32e-05
Sample28	0.000169904	0.241547262	0.00118933	0.035226822	0.001925582	0.295406921	0.000169904	0.079288667	0.000679617	0.001585773	0.001642408	0.000396443	0.001132695	0.016933794	0.039700968	0	0	0.003058277	0.000453078	0.000453078	0	0.000962791	0.000169904	0.006626267	0.034717109	0.008495214	0	0	0	0.000453078	0	0.011326952	0.001699043	0.001585773	0.003794529	0	0	0	0	0.000396443	0.002095486	0	0	0	0	0	0	0	0.000962791	0.002152121	0	0.000283174	0.008098771	0.063204395	0.008665119	0.036189613	0.000339809	0	0	0.004134338	0.018519567	0.062411508	0.000453078	0
Sample29	0.002111932	0.012671595	0	0	0	0.003167899	0	0	0	0	0	0	0	0	0	0.060190074	0	0.262935586	0.162618796	0.007391763	0	0	0.002111932	0	0.246040127	0	0	0	0	0	0	0	0	0	0	0	0	0	0.041182682	0	0	0	0	0	0	0	0	0	0	0	0	0	0	0.038014784	0	0.011615628	0	0.149947202	0	0	0	0	0	0
Sample30	0.03695677	0.403786928	0.000342192	0.003992244	0	0.001710962	0.000228128	0.033534847	0	0.004904756	0.00250941	0	0.000798449	0.005931333	0.065929052	0	0	0.057374244	0.000228128	0.001482833	0	0	0.016083039	0	0.08144177	0.001026577	0	0.001710962	0	0.001368769	0.000798449	0	0.00193909	0.001596897	0	0	0	0	0	0	0	0.018592449	0	0.000456256	0	0.018478385	0.029086347	0.039580244	0	0.010722026	0.003307859	0.000912513	0.006045398	0.003764115	0.051785103	0.014828334	0.000342192	0	0	0.006501654	0.036272385	0.033534847	0	0.000114064
Sample31	0.0027635	0.100259769	0.00022108	0.00066324	0	0.044326535	0	0.017244238	0	0.00033162	0.0005527	0.00105013	0.00044216	0.0005527	0.074448682	0	0	0.034433206	0.00022108	0.00348201	0	0	0.022107998	0	0.048637595	0.09102968	0.00044216	0.00132648	0	0	0	0.097109379	0.0005527	0.00132648	0.00287404	0.00049743	0	0	0	0.00038689	0	0	0	0.00182391	0.00171337	0.049245565	0.059249433	0.023600287	0.013209529	0.118664677	0.00315039	0.00016581	0.009893329	0.045155585	0.019952468	0.015862488	0.00011054	0	0	0.019233958	0.036478196	0.033438346	0.00149229	0.00027635
Sample32	0.00296077	0.189489267	0	0	0	0.001973847	0	0.000740192	0	0.000986923	0	0	0	0	0	0.00592154	0	0.098692327	0.000493462	0.011349618	0	0	0.00592154	0	0.103626943	0.008882309	0	0.04219097	0	0.03034789	0	0	0.002467308	0.03626943	0	0	0	0	0	0	0	0	0	0	0	0	0	0	0	0	0.000493462	0	0.003700962	0.029360967	0.0392302	0.236861584	0	0	0	0.007648655	0.128546755	0.011843079	0	0
Sample33	0.286527514	0.007590133	0	0	0	0	0	0	0	0	0	0	0	0	0.007590133	0	0	0.204933586	0	0.015180266	0	0	0.003795066	0	0.290322581	0	0	0	0	0	0	0	0	0	0	0	0	0	0	0	0	0	0	0	0	0	0	0	0	0.157495256	0	0	0	0	0	0.026565465	0	0	0	0	0	0	0	0
Sample34	0	0.380916031	0	0	0	0.004580153	0	0.003816794	0	0.014351145	0.001526718	0.001526718	0.001832061	0.023358779	0.018167939	0	0	0.117709924	0.018015267	0.007480916	0	0.002442748	0	0	0.158015267	0	0	0	0	0	0.004274809	0	0.005496183	0.004274809	0	0	0	0	0	0	0	0	0	0	0	0	0	0	0.00351145	0	0	0	0.004732824	0.001374046	0.009007634	0.060610687	0.000458015	0	0	0.000305344	0.129923664	0.022290076	0	0
Sample35	0.005245902	0.127213115	0	0	0	0.020327869	0	0.003934426	0.001092896	0.020983607	0.000874317	0	0.000655738	0.001967213	0.031912568	0.057486339	0	0.171147541	0.004808743	0.003060109	0	0	0.014863388	0	0.081748634	0.130710383	0	0	0	0.124808743	0.001311475	0.004371585	0.001748634	0.001311475	0	0	0	0	0.002622951	0	0	0	0	0	0	0	0.009398907	0	0	0.010273224	0	0	0.013989071	0.004153005	0.020546448	0.049836066	0	0	0	0	0.077595628	0	0	0
Sample36	0.045079035	0.0182788	0	0	0	0.008976777	0	0.021661354	0	0.00143108	0	0	0	0	0.139335198	0.000910688	0	0.390684967	0	0.026149743	0	0.000780589	0.01248943	0	0.081181292	0.017823457	0.000325246	0.001691277	0.000910688	0	0.003902947	0.05275483	0.000845638	0.000130098	0.001105835	0	0.000455344	0.00149613	0.000845638	0	0	0	0	0	0	0.009432121	0.020555519	0.02341768	0.003577701	0.014050608	0.002667014	0.000325246	0.005008782	0.073440448	0.001886424	0.007545697	0.000520393	0	0	0	0.003447603	0.004878683	0	0
Sample37	0	0	0	0	0	0.004149378	0	0.099170124	0	0	0	0	0	0	0.004149378	0	0	0.243153527	0.037759336	0.057261411	0	0	0	0	0.165975104	0.030290456	0	0.002904564	0	0	0.000829876	0	0.008713693	0.038589212	0	0	0	0	0	0	0	0	0	0	0	0	0.03526971	0.047717842	0	0	0	0	0	0.091286307	0	0.005809129	0	0	0	0.074273859	0	0	0	0.052697095
Sample38	0.000304723	0.006399187	0	0	0	0.002031488	0.000507872	0.006805485	0	0	0	0	0	0.001828339	0.001117318	0	0	0.052310818	0.005586592	0.014220416	0	0	0.000203149	0	0.019095988	0.011782631	0.00253936	0.006602336	0	0.015134586	0.001218893	0.013407821	0.080853225	0.015642458	0	0	0	0.004164551	0.007008634	0	0	0	0	0	0	0	0.001015744	0.018283393	0	0.290299644	0.000609446	0	0.004469274	0.316607415	0.013306247	0.012392077	0	0	0	0.003758253	0	0	0	0.000203149
Sample39	0.005729633	0.013070725	0	0	0	0.000895255	0	0.041181737	0	0.001432408	0	0	0	0	0.045658013	0.011817368	0.001074306	0.234019696	0	0	0	0	0.101880036	0	0.158102059	0.077170994	0.001253357	0.001432408	0	0.004118174	0	0	0.009131603	0.01736795	0.004297225	0	0.004118174	0	0	0.000358102	0	0	0	0.001432408	0	0.007520143	0.018621307	0.01217547	0	0.084870188	0	0.000358102	0.037421665	0.087735004	0.005550582	0.007878245	0	0	0	0	0.001969561	0	0.000358102	0
Sample40	0.035113749	0.015331355	0	0.00098912	0	0	0	0.001978239	0	0	0	0	0	0	0	0.06132542	0	0.295746785	0.005440158	0.009396637	0	0	0.016320475	0	0.337289812	0.054896142	0	0	0	0	0	0.004451039	0.00098912	0.034619189	0	0	0	0	0	0	0	0	0	0	0	0	0	0	0	0	0.004451039	0	0	0.078140455	0.013353116	0.03016815	0	0	0	0	0	0	0	0
Sample41	0.018509255	0.004002001	0	0	0	0	0	0.0010005	0	0	0	0	0	0	0.003501751	0.093546773	0	0.43821911	0.037518759	0.0010005	0	0	0	0	0.28164082	0.010505253	0	0	0	0.004502251	0	0	0	0.022511256	0	0	0	0	0	0	0	0	0	0	0	0	0	0	0	0	0	0	0.003001501	0.027013507	0	0.053526763	0	0	0	0	0	0	0	0
Sample42	0	0.020373514	0	0	0	0	0	0	0	0	0	0	0	0	0.010186757	0.039049236	0	0.162988115	0.008488964	0.003395586	0	0	0	0	0.522920204	0.037351443	0	0	0	0.008488964	0	0	0.008488964	0.0475382	0	0	0	0	0	0	0	0	0	0	0	0	0	0	0	0.100169779	0	0	0	0.030560272	0	0	0	0	0	0	0	0	0	0
Sample43	0	0.019043589	0	0	0	0	0	0.01713923	0	0.000423191	0	0	0	0	0.005501481	0.010368176	0	0.058188743	0.004231909	0.000846382	0	0	0.001692763	0.001057977	0.050994499	0	0	0.009098603	0	0.000634786	0	0	0.014176894	0.0740584	0	0.002539145	0	0	0	0.001057977	0	0	0	0	0	0	0.00232755	0.013965298	0	0.398857385	0.001481168	0	0	0.23381295	0.00507829	0.069614896	0	0	0	0.00232755	0	0	0	0.001481168
Sample44	0.000171294	0.471993397	0.005668281	0.076054627	0.044941371	0.099085912	0.000404877	0.039755828	0.003799617	0.007879533	0.000311444	0.000124578	0	0.00091876	0.041079465	0.003706184	0.000233583	0.004469222	0	0.00014015	0	0	0.000342588	0.00205553	0.005901864	0.002522696	0.000171294	0.00049831	0	0.002289113	4.67e-05	0	0.000949904	0.001074482	0.008440133	0	0	0.000529455	0	0.000109005	0.001121198	0.011118551	0.000420449	0	0	0.000716321	0.003612751	0.002024386	0.001323637	0.005683853	0.000949904	0.000186866	0.00205553	0.025491692	0.000965476	0.038914929	0.000389305	0.000109005	4.67e-05	0.014217419	0.001915381	0.06085616	0.0002803	0.000607316
Sample45	0.000104175	0.62284357	0.001958497	0.031335945	0.014376198	0.075256271	0	0.036544712	0.003375281	0.001770981	0.000562547	8.33e-05	0.000104175	0.001187599	0.017751479	0.00156263	0	0.002541878	0	0	0	0	8.33e-05	0.00447954	0.008188182	0.002646054	0	0	0	0.000708392	0	0	0.000916743	0.000583382	0.002583549	0	0	0.000500042	0	0	0.000625052	0.004937911	0.000854238	0	0	0	0.002729394	0	0	0.006500542	0.000479207	0.00012501	0.003479457	0.018584882	0.00287524	0.024835403	0.000354196	0	0	0.012688557	0.005083757	0.08084007	0.000270856	0.000375031
Sample46	0.000269165	0.078111542	0	0	0	0.002745478	0	0.015880706	0.000592162	0.000215332	0	0	0	0	0.510497416	0.001345823	0	0.012812231	0.004414298	0.001345823	0	0.000269165	0	0.003875969	0.023955642	0.001130491	0	0.008936262	0	0	0	0	0.000430663	0.008451766	0	0.000484496	0	0	0	0	0	0.009528424	0	0	0	0	0	0.001076658	0.000161499	0.145618002	0.000215332	0.001130491	0.001399655	0.124138674	0.003660637	0.024709302	0	0	0	0.007267442	0	0.001937984	0	5.38e-05
Sample47	7.26e-05	0.223725739	0.002249229	0.017848721	0.001959006	0.050716488	0.001414838	0.078759296	0.005224016	0.011354979	0.001233448	0.000326501	0.000290223	0.007545801	0.307999274	0.000544168	0	0.011536369	0.000653002	0.000544168	0.001959006	0	0.000798114	0.002430619	0.019481226	0.001705061	0.000217667	0	0.000181389	0.001124615	0	0.00257573	0.002430619	0.001523671	0.003119898	0.000326501	0	0	0.000616724	0.000181389	0	0	0	0	0	0	0.000834391	0.000725558	0.00050789	0.014583711	0.000616724	0	0.015998549	0.038091783	0.004498458	0.040703791	0.00050789	0.000181389	0	0.054561944	0.026011246	0.038527118	0.000290223	0.000471613
Sample48	0.0010202	0.321567027	0	0.00183636	0	0.034278719	0	0.073454397	0.020812079	0	0	0	0	0	0.01081412	0	0	0.018159559	0	0.00122424	0	0	0.01081412	0.030197919	0.098755356	0.0040808	0	0	0	0.00061212	0	0.014894919	0.00061212	0.020403999	0.00489696	0	0	0	0	0	0	0	0	0	0	0	0	0	0	0.098755356	0	0	0	0.167924913	0.019587839	0.038971638	0	0	0	0.00571312	0	0	0	0.00061212
Sample49	9.37e-05	0.612995409	0.002272088	0.02503982	0.004895531	0.092616884	0.001639651	0.044270589	0.00690996	0.011500984	0.000655861	0.000163965	0.000351354	0.001686499	0.013281177	0	0	0.003255879	0	0.000960367	0.005036072	0	0	0.006019863	0.00782348	0	0.000187389	0.001405416	0	0.000609013	0	0	0.001124332	0.001335145	0.00423967	0	0	0	0	0.000117118	0	0	0.000468472	0	0	0	0.000468472	0.000468472	0.000702708	0.001452263	0.001405416	0	0.00215497	0.018270402	0.00241263	0.023189356	0.000234236	0	0	0.023165933	0.00690996	0.065422093	0.000117118	0
Sample50	0.00099001	0.366483665	0	0.000270003	0	0.046800468	0.00099001	0.061560616	0.020790208	0.001710017	0	0	0.000180002	0.000270003	0.021690217	0.002070021	0	0.021780218	0.000180002	0.003420034	0.000270003	0	0	0.056340563	0.026730267	0	0	0	0	0.001350014	0	0	0.001530015	0.001260013	0	0	0	0	0	0	0	0.132931329	0	0	0	0	0	0	0	0.020880209	0	0	0.005400054	0.120511205	0.007200072	0.027900279	0.000270003	0	0	0.038070381	0.009630096	0.000540005	0	0
Sample51	0.000831037	0.355290207	0.000131216	0.001574597	0	0.013165376	0.000481127	0.038665092	0.000918515	8.75e-05	0.000306172	0	0	0	0.003717797	0.000874776	0	0.003542842	0	0.02099462	0	0	0.012553033	0.040720815	0.017801688	0.001574597	8.75e-05	0.003236671	0	0.000131216	0	0.001924507	0.000218694	0.001530858	0	8.75e-05	0	0.000131216	0	0.000874776	0	0.332852207	0	0	0	0	0.000656082	0	0.000393649	0.012553033	0	0	0.003105454	0.094300835	0.00218694	0.01303416	0.000262433	0.000131216	8.75e-05	0.008747758	0.004417618	0.000699821	0	0
Sample52	0.002275153	0.629711814	0	0.002808831	0	0.033481265	0	0.039407898	0.001572945	0.00016853	8.43e-05	0	0	0.000112353	0.002387506	0.000112353	0	0.002106623	0.000674119	0.002808831	0	0.001011179	0.002134712	0.029942138	0.012190326	0.000870738	0	0	0	0.000421325	0	0	0.000898826	0.002556036	0.000112353	0.000365148	0	0	0	0	0	0.121903264	0	0	0	0	0.001235886	0	0	0.008229875	0	0	0.002471771	0.054154261	0.001797652	0.018313578	0.00033706	0.000224706	0	0.009016347	0.003539127	0.003960452	0	2.81e-05
Sample53	0.000648579	0.512557201	0.000252225	0.000432386	0.000108096	0.004612114	0	0.022988506	0.000576514	0.001729543	0.000360321	0	7.21e-05	0.000180161	0.005584982	0.000576514	0	0.014845242	0.000288257	0.063524664	0	0	0.00875581	0.046661622	0.025402659	0	0	0.000396354	0	0.000108096	0	0	0.000360321	0.000720643	0.000324289	0	0	0	0	0.000108096	0	0.131697474	0	0	0	0	0.000180161	0.000396354	0.000324289	0.006197528	0.000252225	0	0.002990668	0.070550931	0.003459086	0.01026916	0.000216193	7.21e-05	0	0.048571326	0.010701546	0.001945736	0	0
Sample54	0.00061064	0.346156782	0	0.00022899	0	0.006946035	0	0.007709335	0.004732463	0.002595222	0.00038165	0	0	0	0.003892833	0.001221281	0	0.022746355	0.00030532	0.005419434	0	0	0.000839631	0.007480345	0.02976872	0.000763301	0	0	0	0.00015266	0.00030532	0	0.001297611	0.007098695	0.00030532	0.00015266	0	0.00053431	0.000839631	0	0	0.038317686	0	0	0	0	0.001068621	0.00053431	0.001679261	0.060453401	0	0	0.005419434	0.40332799	0.009235936	0.024120296	0	0	0	0.002595222	0	0	0	0
Sample55	6.34e-05	0.530353936	0.000993133	0.0039514	0.000169044	0.019968304	0.001711569	0.027723191	0.000507132	0.006275753	0.000507132	0.000105652	0.000295827	0.000908611	0.039006867	0.000760697	0.000105652	0.006825145	4.23e-05	0.050734284	0.000190174	0.00439514	0.012974115	0.006951928	0.100264131	0.044226096	0.000126783	0.000295827	0	0.000232435	0	0	0.000507132	0.001838352	0.001500264	0	0	0.000147913	0	8.45e-05	0	0.050036978	0	0	0	0	0	0.000295827	0.000316957	0.008832541	0	0	0.005515055	0.026835711	0.001267829	0.028335975	0.000169044	0	0	0.009825674	0.001373481	0.00177496	6.34e-05	6.34e-05
Sample56	0.000524037	0.58579033	0.000413713	0.002840831	0	0.025760543	0.000468875	0.042474557	0.003888904	0.008081198	0.001185978	0.000524037	0.00063436	0.001075654	0.015803845	0	0	0.006757316	0	0.01094961	0.000110324	0	0.00124114	0.019279036	0.031745594	0.005350691	0	0	0	0.000248228	8.27e-05	0.001930662	0.001075654	0.001710015	0.001075654	0	0	0.000137904	0.00030339	5.52e-05	0	0.117770362	0	0	0	0	0.000689522	0	0	0.010673801	0	0	0.009984279	0.054968696	0.001985823	0.014011088	0.000551618	0	0	0.009129272	0.002702926	0.005488595	0	0
Sample57	0.254380784	0.002559559	0	0	0	0.003347116	0	0.003150226	0	0.002559559	0	0	0	0	0.001968892	0	0	0.085449892	0.00925379	0.015948021	0	0	0.00452845	0	0.084268557	0	0.000984446	0.000984446	0.000393778	0.000787557	0	0	0.001181335	0.054538295	0	0.002165781	0	0	0	0	0	0	0	0	0	0	0.000590667	0.020279583	0.000590667	0.290608387	0.001772002	0	0	0.144319748	0.005906675	0.005709785	0	0	0	0.001772002	0	0	0	0
Sample58	0.000269651	0.034110826	0	0	0	0.015100445	0	0.022201249	0	0.000269651	0.000134825	0	0	0.000179767	0.009527662	0	0.000179767	0.04993034	0.010786032	0.00997708	0.000269651	0.003190868	0.00098872	8.99e-05	0.093209294	0.016313874	0.004584064	0.002202148	0.001393196	0.114152173	0.0224709	0.001528021	0.007460339	0.15527392	0.000314593	0.002696508	0.000674127	0	0	0.001393196	0	0	0	0.000224709	8.99e-05	0.000539302	0.002651566	0.023010202	0.000314593	0.152127994	0.000629185	0.000269651	0.01847108	0.126735877	0.020628286	0.059323176	0.000314593	0	0	0.002786392	0	0.007819873	0.000134825	0.00049436
Sample59	0.021067083	0.010036453	0	0.002130379	0	0.002035696	0.003739999	0.015007338	0	0.001372911	0.000142025	0	0	0.000236709	0.575107703	0	0	0.026748094	0.000615443	9.47e-05	0	0.000568101	0.000284051	0	0.057614922	0.011504048	0.000284051	0.000662785	0	0.00080481	0	0	0.000615443	0.024949108	0.000426076	0	0.000284051	0	0	0.001230886	0.000473418	0	0	0.000331392	0.000757468	0.006154429	0.013871136	0.011930124	0.006107087	0.018179236	0.004071391	0.000852152	0.008095441	0.009752403	0.003597974	0.136249586	0.000284051	0	0.000284051	0.003929366	0.000615443	0.013965819	0.001183544	0.000520759
Sample60	0.000706964	0.006009191	0	0	0	0.01767409	0	0.010250972	0	0	0	0	0	0	0.074938141	0	0	0.026157653	0.024743726	0.038176034	0	0.020148462	0.006362672	0	0.203958996	0.019441499	0.003181336	0.025450689	0	0.042064334	0.019794981	0	0.012725345	0.189466242	0.003181336	0	0	0	0	0.001060445	0.006362672	0	0	0	0	0	0	0	0.021208908	0.018027572	0	0.000706964	0.000706964	0.073170732	0.004948745	0.123011665	0	0	0	0	0	0	0	0
Sample61	0.000585366	0.004780488	0	0.000195122	0	0.001560976	0	0.010243902	0	0.000195122	0	0	0	0	0.129756098	0	0	0.014243902	0.016780488	0.026439024	0	0.005463415	0.00097561	0	0.05795122	0.010243902	0.000487805	0	0	0.003317073	0.001170732	0.005658537	0	0.025268293	0	0.014926829	0.000292683	0	0	0.000487805	0	0	0	0.000390244	0.002536585	0.010926829	0.00195122	0.026634146	0.000292683	0.34702439	0.002146341	0.000487805	0.053170732	0.112390244	0.007121951	0.065756098	0.000195122	0	0.000195122	0.006829268	0.000390244	0	0.000292683	0
Sample62	0	0	0	0	0	0	0	0.003667482	0	0	0	0	0	0	0.003667482	0	0	0.067237164	0	0.070904645	0	0	0	0	0.656479218	0	0	0.003667482	0	0	0	0.139364303	0.030562347	0.018337408	0	0	0	0	0	0	0	0	0	0	0	0	0	0	0	0	0	0	0	0	0	0.006112469	0	0	0	0	0	0	0	0
Sample63	0	0	0	0.019517796	0	0	0	0.029850746	0	0	0	0	0	0	0.20206659	0	0	0.006888634	0	0.028702641	0	0	0	0	0.353616533	0.014925373	0	0	0	0	0	0	0.006888634	0.008036739	0	0	0	0	0	0	0	0	0	0	0	0.020665901	0	0.019517796	0	0.027554535	0	0	0	0.019517796	0.012629162	0.214695752	0	0	0	0	0	0.014925373	0	0
Sample64	0	0	0	0	0	0.028571429	0	0.009090909	0	0	0	0	0	0	0.003896104	0	0	0.038961039	0.006493506	0.144155844	0	0	0	0	0.036363636	0	0	0.016883117	0	0.007792208	0.019480519	0.131168831	0.002597403	0.094805195	0	0	0	0	0	0	0	0	0	0	0	0.033766234	0	0	0	0.188311688	0	0	0	0.012987013	0	0.142857143	0.003896104	0.077922078	0	0	0	0	0	0
Sample65	0	0.049295775	0	0	0	0.157276995	0	0	0	0	0	0	0	0	0.021126761	0	0	0.192488263	0.03286385	0.058685446	0	0	0	0	0.143192488	0	0.014084507	0	0	0	0	0	0	0	0	0	0	0	0	0	0	0	0	0	0	0	0	0	0	0	0	0	0	0.009389671	0.037558685	0.284037559	0	0	0	0	0	0	0	0
Sample66	0	0.012328767	0	0	0	0.032876712	0	0.019178082	0	0.01369863	0	0	0	0	0.005479452	0	0	0.038356164	0	0.073972603	0	0	0	0	0.361643836	0	0	0.176712329	0	0	0	0	0	0.057534247	0	0	0	0	0	0	0	0	0	0	0	0	0.034246575	0	0	0.02739726	0	0	0	0.016438356	0.006849315	0.123287671	0	0	0	0	0	0	0	0
Sample67	0.001374629	0.036084024	0	0.000816186	0	0.015808239	0	0.018858198	0	0	0	0	0	0	0.001331672	0	0	0.057433739	0.007216805	0.014304738	0.000687315	0.000773229	0.001933073	0	0.07002019	0.062674514	0.001632373	0.001847158	0.001116886	0.051806349	0.000171829	0.000859143	0.031143949	0.068860346	0	0.000902101	0.007130891	0	0.000515486	0.004338674	0	0	0	0.002620387	0.001202801	0.03462348	0.057090081	0.022896173	0.009880149	0.304609305	0.005326689	0.001202801	0.012715323	0.028265819	0.00850552	0.018170884	0.000472529	0	0	0.024786288	8.59e-05	0.002792216	0.000343657	0.000214786
Sample68	0.001669449	0	0	0	0	0.015025042	0	0	0	0	0	0	0	0	0	0	0	0.028937117	0.020033389	0.009460211	0	0	0	0	0.220923762	0.089037284	0	0	0	0.027267668	0	0	0	0.263216472	0	0	0.005008347	0	0	0	0	0	0.031719533	0	0	0	0.020033389	0.038397329	0	0.114635504	0	0	0.001669449	0.110183639	0	0.001669449	0	0	0	0	0	0.001112966	0	0
Sample69	0.000184851	0.010259254	0	0	0	0.027958778	0	0.013725218	0	9.24e-05	0	0	0	0	0.010952447	0	0	0.059475946	0.00744027	0.019779103	0	0	0.000508341	0	0.082120246	0.008919081	0.002125791	0.00420537	0.00064698	0.023014002	0.024215537	0.0258792	0.003928093	0.090530986	0.000508341	0.003928093	0.000138639	0	0	0.001756089	0	0	0	0.000138639	0	0.002310643	0.002865197	0.005915246	0.000231064	0.230833218	0.000878044	0.000231064	0.002403069	0.182402144	0.0097047	0.135588521	0	0	0	0.001201534	0.000231064	0	0.000138639	0.001848514
Sample70	0.001115325	0	0	0	0	0.00044613	0	0.065134954	0	0	0	0	0	0	0	0	0	0.031006023	0.003792104	0.041043944	0	0	0	0	0.088779835	0	0	0	0	0.013383895	0.00044613	0	0.00089226	0.013830025	0	0.002676779	0	0	0	0	0	0	0	0	0	0	0.002899844	0.006022753	0	0.41824671	0	0	0.001338389	0.162614321	0.00044613	0.031229088	0	0	0	0.095471782	0	0.016952933	0	0
Sample71	0.000307647	0.874844752	0	0.000102549	0	0.011041099	0	0.005662979	0.000148126	2.28e-05	7.98e-05	2.28e-05	0	2.28e-05	0.001116644	0.000148126	0	0.000695054	0	0.003338537	0	0	0.000170915	0.025910691	0.003122045	0.000877363	2.28e-05	0	0	0.000227886	0.000227886	0	0.000455773	0.000752025	6.84e-05	0	0	0	0	0	0	0.019940066	0	0	0	0.000159521	0.000888757	0	0.000170915	0.005024897	0.000205098	0	0.001458473	0.026890603	0.001241981	0.006688468	0.000136732	4.56e-05	3.42e-05	0.001469868	0.004774221	0	0	0
Sample72	0	0.0089932	0	0	0	0	0.000658039	0.001974117	0	0	0	0	0	0	0.00658039	0.007238429	0	0.047378811	0	0.003509542	0	0	0.010309278	0	0.106163632	0	0	0	0	0.000438693	0.001754771	0.098047818	0.000438693	0.007019083	0.000658039	0	0	0.000877385	0	0	0	0.003509542	0	0	0	0	0.002632156	0.001974117	0.001096732	0.113840755	0.000438693	0	0	0.522483001	0.009870586	0.017109015	0	0	0	0.01381882	0	0.010309278	0	0
Sample73	0.00529308	0.200646932	0.00137228	0.0122525	0.00421486	0.030092139	0.00950794	0.031660459	0	0.00382278	0.00078416	0	0.0004901	0.00852774	0.029602039	0.00166634	0.00107822	0.103509116	0.00088218	0	0	0.00460694	0.014702999	0	0.062732797	0.081454617	0	0.00137228	0.00068614	0.00235248	0.00186238	0	0.0024505	0.00127426	0.0093119	0	0	0	0	0	0	0	0	0	0	0	0	0.00107822	0	0.028523819	0	0	0.00431288	0.072828857	0.019309939	0.143893354	0.00039208	0	0	0.00990002	0.00793962	0.082826897	0.00039208	0
Sample74	0.00322369	0.064930248	0	0.001112601	0	0.002567541	0.071320572	0.087695775	0.000427923	0.00644738	0.001569053	0.000627621	0.000627621	0.002168145	0.148917354	0.002367843	0.000142641	0.181724817	0.00079879	0.002025504	0.000114113	0.000656149	0.008187602	0	0.075656862	0.090149203	0.000285282	0.000656149	0.000199698	0.002710182	0.001198186	0	0.001911391	0.005249194	0.002539012	0.000114113	0	0	0.000285282	0.000228226	0.00048498	0	0	0	8.56e-05	0	0.002082561	0.001854335	0.00096996	0.032864519	0.000684677	0	0.007788206	0.147747696	0.004307763	0.021282059	0.00048498	0	5.71e-05	0.004650101	0.004222178	0.000256754	0.000399395	0
Sample75	0.003139941	0.172054521	0.003139941	0.026047242	0	0.002569043	0.010989795	0.036965675	0.001998145	0.013344751	0.006993506	0.000856348	0.00185542	0.007778491	0.065225148	0	0	0.053307643	0.000285449	0.002283594	0	0.011988867	0.001712695	0.000856348	0.032969386	0.001141797	0.002069507	0	0.001213159	0.007278955	0.000285449	0	0.004495825	0.003282666	0.00278313	0	0	0.000999072	0.002354956	0.000642261	0	0	0	0.000356812	0	0	0.027759937	0.01762649	0.006779419	0.093627346	0.003068579	0.00092771	0.016841504	0.198529936	0.014415186	0.087846999	0.000142725	0	0	0.015699707	0.008848926	0.024334546	0.000285449	0
Sample76	0.008232309	0.015167747	0	0.001127714	0	0.000789399	0.099351565	0.063433888	0.001466028	0.002424584	0.002819284	0.001127714	0.000958557	0.092077812	0.062813645	0.003552298	0	0.110121229	0	0.002988441	0.000451085	0.001860727	0.009416408	0	0.106287003	0.283168875	0.0003947	0.001522413	0.001014942	0.001466028	0.000789399	0	0.002819284	0.013927262	0.001353256	0.0003947	0	0	0.001127714	0.000620242	0	0	0	0	0	0.002255427	0.00496194	0	0.001127714	0.01708486	0.000902171	0.000169157	0.004398083	0.049168311	0.002650127	0.00952918	0.000451085	0	0	0.003721455	0.006935438	0.000563857	0.000676628	0
Sample77	0.005638993	0.124951147	0.000167495	0.006029814	0	0.014292893	0.061414773	0.045781922	0.00206577	0.018926916	0.002735749	0.000893306	0.000390821	0.136508291	0.128580202	0.003908213	0	0.090112222	0.000949137	0.002121601	0	0.000781643	0.007313941	0	0.053263358	0.08452906	0	0.006364804	0	0.000893306	0	0	0.002959075	0.005024845	0.003964044	0.000390821	0	0	0.001004969	0.000279158	0.001060801	0.017196136	0	0	0	0.000893306	0.004131539	0.00206577	0.002233264	0.025738373	0.00173078	0	0.010328848	0.057339065	0.00485735	0.033554799	0.001507454	0	0	0.009882195	0.004969013	0.008486405	0.001451622	5.58e-05
Sample78	0	0.009405074	0	0.000328084	0	0	0.000328084	0.01071741	0	0	0	0	0	0	0.000328084	0.001312336	0	0.042869641	0.010170604	0.008748906	0	0	0.000656168	0	0.065616798	0	0	0	0	0.000437445	0.001093613	0	0.004811899	0.029965004	0	0.011045494	0	0	0	0	0	0	0	0	0	0	0.001531059	0.003608924	0	0.478018373	0.000984252	0	0.022419073	0.189413823	0.034667542	0.064195101	0	0	0	0.005249344	0.000546807	0.001312336	0.000218723	0
Sample79	0	0.000719166	0	0	0	0	0	0.001797914	0	0	0	0	0	0	0	0.02121539	0	0.055375764	0.024811219	0	0	0	0	0.006472492	0.329018339	0	0	0	0	0.005393743	0.00251708	0	0.001078749	0	0	0	0	0	0	0	0	0	0	0	0	0	0	0.001438332	0	0.055735347	0	0	0.010427904	0.392304926	0.082704063	0.008270406	0	0	0.000719166	0	0	0	0	0
Sample80	0	0.270153231	0	0.000666223	0	0.029646902	0.000666223	0.009993338	0	0	0	0	0	0	0.015656229	0.006995336	0	0.094270486	0.000999334	0	0	0	0.012991339	0.012325117	0.201532312	0	0	0	0	0.027981346	0.009327115	0.011992005	0.004996669	0.029313791	0.001332445	0	0	0	0	0	0	0	0	0	0	0	0.00532978	0.07661559	0	0.006995336	0	0	0	0.123917388	0.016655563	0.026648901	0	0	0	0	0	0.002331779	0	0.000666223
Sample81	0.000437397	0.029305631	0	0	0	0.000437397	0	0.022416621	0	0	0	0	0	0.000656096	0.002077638	0.009185347	0	0.050738108	0.006232914	0.004373975	0	0	0	0.00513942	0.058064516	0	0	0.003717879	0	0.002515036	0	0	0.011153636	0.066812466	0.000328048	0.004264625	0	0	0	0	0	0	0	0	0	0	0.001530891	0.006779661	0.000218699	0.37736468	0	0.001530891	0.007435757	0.237069437	0.006232914	0.0609076	0	0	0	0.010934937	0	0	0	0
Sample82	0.000758426	0.712777892	0.000742625	0.003950134	0.000142205	0.027919544	9.48e-05	0.013414653	0.00028441	0.000126404	0.000173806	0	6.32e-05	0.00028441	0.005261578	4.74e-05	0	0.001896064	0	0.000221207	0	9.48e-05	0.001248242	0.014394287	0.012198012	0.002133072	0	6.32e-05	6.32e-05	0.000221207	0	0.000268609	0.000316011	0.002038269	0.000252809	0	0	0	0	0	0	0.003981735	4.74e-05	0.000189606	0.00030021	0	0.008168876	0.001106037	0.001106037	0.006162208	0.002907298	0	0.006367615	0.045600341	0.003760527	0.076458784	0.001058636	0.000142205	0.000316011	0.024901642	0.0029705	0.006588823	3.16e-05	0
Sample83	0.000257848	0.670469928	0	0	0	0.005672662	0	0.008702379	0.001031393	0.001804938	0.000838007	0.000128924	0.000193386	0.000902469	0.001482627	0	0	0.011732096	0.000709083	0.00219171	0	0.000193386	0.007670986	0.058209244	0.092825372	0	0.000257848	0.000257848	0	0.000193386	0	0.001611552	0.000902469	0.001031393	0	0	0	0	0	0	0	0	0	0	0	0	0	0	0	0.010507316	0	0	0.005672662	0.057822471	0.011151937	0.044220976	0.000451234	0.000193386	0	0.000451234	0	0	0	0
Sample84	0.002940312	0.197294913	0	0	0	0.012349309	0.000588062	0.020876213	0	0.001176125	0	0	0	0.000588062	0.026756836	0.002940312	0	0.077330197	0.025580712	0.004410468	0	0	0.001176125	0	0.057336078	0.03528374	0	0	0	0.016465745	0	0	0	0.027050867	0	0	0	0	0	0	0	0	0	0	0	0	0	0.001470156	0.002352249	0.092913849	0	0	0.012349309	0.256689209	0.024404587	0.043810644	0	0	0	0.014701558	0	0.039400176	0	0
Sample85	0	0.017768301	0	0	0	0	0	0	0	0	0	0	0	0	0	0.090262971	0	0.159914712	0.056858564	0.029850746	0	0	0	0	0.205401564	0.007818053	0	0.009950249	0.00355366	0.073205402	0.02416489	0.044065387	0.002132196	0.014925373	0.005685856	0	0	0	0.009239517	0	0	0	0	0	0	0	0	0	0	0.149964463	0	0	0.019189765	0.063255153	0.007818053	0.004975124	0	0	0	0	0	0	0	0
Sample86	0	0.009205984	0	0	0	0	0.019562716	0.001150748	0	0	0	0	0	0	0.075949367	0.002301496	0	0.082278481	0.008055236	0.047756041	0	0	0	0	0.347525892	0	0	0	0.002301496	0.019562716	0.005178366	0.223245109	0.038550058	0.007479862	0	0	0	0	0	0	0	0	0	0	0	0	0	0	0	0	0	0	0.019562716	0.012082854	0	0.070771001	0	0	0	0.007479862	0	0	0	0
Sample87	0.029055184	0.04180602	0.00062709	0.056229097	0	0.00041806	0	0.025083612	0	0	0	0	0	0.00083612	0.33382107	0	0	0.068770903	0	0.001463211	0	0	0.018603679	0	0.071697324	0.007943144	0.00083612	0	0	0	0	0.010242475	0.002717391	0.002717391	0.001881271	0	0	0	0	0	0	0	0	0	0	0	0.028637124	0.02069398	0.004389632	0	0	0.001463211	0.026964883	0.023411371	0.006897993	0.086538462	0.001045151	0	0	0.123327759	0.00062709	0	0.00041806	0
Sample88	0.005851493	0.006053269	0	0	0	0.000403551	0.003833737	0.039548023	0	0	0	0	0	0	0.034907183	0.004842615	0	0.047013721	0.017958031	0.001614205	0	0	0.01614205	0	0.061743341	0.002421308	0	0	0	0.005044391	0	0.0322841	0.000807103	0.033292978	0	0.004842615	0	0	0	0	0	0	0	0	0	0	0.021186441	0.007062147	0	0.261299435	0	0	0.015334948	0.259281679	0.002623083	0.105326877	0	0	0	0.004640839	0	0.002623083	0	0.000807103
Sample89	0.002233805	0.066269546	0	0	0	0	0	0.012658228	0	0	0	0	0	0	0.002978407	0.076693969	0	0.064780343	0.078927774	0.003723008	0	0	0	0	0.310498883	0	0.002233805	0.011169025	0	0.110201042	0.023827252	0	0.040208488	0.07743857	0	0	0	0	0	0	0	0	0	0	0	0	0	0	0	0.072970961	0	0	0.007446016	0.002978407	0	0.013402829	0	0	0	0.019359643	0	0	0	0
Sample90	0.073669202	0.010931559	0	0	0	0	0	0.023526616	0	0	0	0	0	0	0.096720532	0.015684411	0	0.152328897	0.004039924	0	0.003564639	0	0	0	0.221245247	0	0	0	0	0.001425856	0	0	0.037309886	0.079372624	0	0	0	0	0	0	0	0.004752852	0	0.003089354	0	0	0.044914449	0	0	0.060123574	0.005228137	0	0.006891635	0.015446768	0.02661597	0.050380228	0	0.048954373	0	0	0	0.01378327	0	0
Sample91	0	0	0	0.001068376	0	0.005698006	0.026709402	0.043803419	0	0	0	0	0	0	0.05519943	0.004273504	0	0.034188034	0.009259259	0.003205128	0	0.002136752	0	0	0.688746439	0.014957265	0	0	0	0.001424501	0	0	0	0.021367521	0	0	0	0	0	0	0	0	0	0	0	0	0.009259259	0	0	0.014245014	0	0	0	0.004273504	0	0.00997151	0	0	0	0.050213675	0	0	0	0
Sample92	0.000477662	0.03279011	0.000449564	0.017898286	0	0.000112391	0.002444507	0.006293903	0	0	0	0	0	0.000337173	0.473335207	0.002163529	0	0.043748244	8.43e-05	0.000899129	0	0.00025288	0.00303456	0	0.035487496	0.030710874	0	0.005113796	0	0.010986232	0.000196684	0.018825513	0.001432987	0.001685867	0.001095813	0	0	0	0	5.62e-05	0	0	0	0.000224782	0	0.010424276	0.016942962	0.007193032	0.003231245	0.018909806	0.003006462	0.000646249	0.007839281	0.008176454	0.001629671	0.121101433	0	0	0	0.079432425	0	0.030542287	0.000786738	0
Sample93	0.014558233	0.015060241	0	0.005522088	0	0	0.006526104	0	0	0	0	0	0	0	0.152610442	0.006024096	0	0.180220884	0.032630522	0.02811245	0	0	0.016566265	0	0.147088353	0.040662651	0	0	0	0	0	0	0	0.009538153	0.001506024	0	0	0	0	0	0	0	0	0	0	0	0	0.00502008	0	0.144578313	0	0	0.111445783	0.00753012	0.001506024	0.028614458	0	0	0	0.021084337	0	0.022088353	0.001506024	0
Sample94	0.025904581	0.003089537	0	0	0	0.001128869	0.000297071	0.010338067	0	0	0	0	0	0	0.084605787	0.00326778	0.000178243	0.104450122	0.003446022	0.003505436	0	0	0.002079496	0	0.032856039	0.008080328	0.000118828	0.000415899	0.000118828	0.006297903	0.002495395	0	0.000297071	0.036480304	0.000594142	0.003564851	0.001723011	0	0	0	0	0	0	0	0	0.001663597	0.002020082	0.014199988	0.000772384	0.394569544	0.012298734	0	0.006000832	0.157982295	0.004158992	0.045986572	0	0	0.000118828	0.018596637	0	0.004218407	0.001307112	0.000297071
Sample95	0.003880983	0.004204398	0	0	0	0.001455369	0.006630013	0.013583441	0	0.000323415	0	0	0	0	0.038001294	0.000646831	0	0.091041397	0.026520052	0.006953428	0	0	0.006630013	0	0.061772316	0.005012937	0	0	0	0	0	0	0.000323415	0.037354463	0	0.00339586	0.009217335	0	0	0	0	0	0	0.000485123	0	0.001293661	0.003557568	0.02732859	0	0.369825356	0	0	0.02732859	0.189036223	0.000323415	0.03622251	0	0	0	0.026196636	0	0	0.000808538	0.000323415
Sample96	0.000242568	0.005767728	0	8.09e-05	0	0.001428456	0.001320648	0.017087567	0	0.000161712	8.09e-05	0	0	0	0.010780799	0	0.000188664	0.02778751	0.012748295	0.006010296	0	0	0.004015848	0	0.015389591	0	0	0.000188664	0.000161712	0.000485136	0	0	0.003449856	0.039296014	5.39e-05	0.00700752	0	0	8.09e-05	0.00013476	8.09e-05	0	0	0.00013476	0	0.00013476	0.000862464	0.003827184	0.00013476	0.442875239	0.000727704	5.39e-05	0.011212031	0.281028488	0.018974207	0.068997116	0	0	0	0.014742743	0	0.0006738	0.000188664	0.000512088
Sample97	0.010592877	0.026590283	0	0.002783332	0	8.11e-05	0.005755823	0.007593363	0	0.000270226	0.00040534	0	0	2.7e-05	0.455061341	0.000243204	0	0.166918878	0.000756634	0.00051343	0	0	0.002810355	0	0.01256553	0.003512944	0	8.11e-05	5.4e-05	0.000162136	0	0	0.000648543	0.001648381	0.000162136	8.11e-05	0	0	0	5.4e-05	0.000108091	0	0	0.000162136	0.000135113	0.001405178	0.005593688	0.003188672	0.001486245	0.041641896	0.002513106	0.000243204	0.007161001	0.021158731	0.000459385	0.152272604	0	0	0	0.062043993	0.000216181	0.000351294	0.000351294	0
Sample98	0	0.614156237	0	0	0	0.031074666	0.000863185	0.036253776	0	0	0	0	0	0	0.003021148	0.002589555	0	0.094087182	0	0.029348295	0	0	0.002589555	0	0.094950367	0	0	0	0	0.005610703	0	0	0	0.011221407	0	0	0.019853259	0	0	0	0	0	0	0	0	0	0	0.003884333	0	0.010358222	0	0	0	0.02848511	0	0.011653	0	0	0	0	0	0	0	0
Sample99	0	0.045199042	0	0	0	0.103990048	0	0.000921489	0	0	0	0	0	0	0.018752304	0.000368596	0	0.003317361	0.000184298	0.000598968	0	0	0	0	0.010320678	0.002626244	0	0.003040914	0	0.001290085	0	0	0.000184298	0.000783266	0	0	0	0	0	0.002902691	0	0	0	0	0	0	0.01354589	0.000921489	0	0.007602285	0	0	0.007003317	0.003225212	0.002718393	0.72115739	0	0	0	0	0.000276447	0.048792849	0	0.000276447
Sample100	0	0	0	0.028957529	0	0.063706564	0	0	0	0	0	0	0	0	0	0	0	0.117760618	0	0.014478764	0	0	0	0	0.425675676	0	0	0	0	0.078185328	0.001930502	0	0.002895753	0	0.004826255	0	0	0	0	0	0	0	0	0	0	0	0	0.117760618	0	0	0	0	0	0.016409266	0	0.101351351	0	0	0	0	0	0	0	0.026061776
Sample101	0	0.070409134	0	0	0	0.016175071	0	0.018078021	0	0	0	0	0	0	0	0.027592769	0	0.078972407	0.00190295	0	0	0	0	0	0.361560419	0	0.007611798	0	0.006660324	0.046622265	0	0	0.028544244	0	0	0	0	0	0	0.005708849	0	0	0	0	0	0	0	0	0	0.128449096	0	0	0.004757374	0.002854424	0.006660324	0.033301618	0	0	0	0	0	0.154138915	0	0
Sample102	0	0.058408467	0	0	0	0.137621101	0	0.001680013	0	0	0	0	0	0	0.009576077	5.6e-05	0	0.004144033	0.000924007	0.000588005	0.000364003	0	0	0	0.017388139	0	0	0	0	0.001512012	0.000476004	0	0.000196002	0.003080025	0	0	0	0	0	0.002240018	0.000140001	0	0	0	0	0	0.012012096	0.000420003	0	0.004004032	0.000140001	0	0	0.001680013	0.001120009	0.719213754	0	0	0	0	0.000280002	0.018928151	0	0
Sample103	0.068382635	0.009028045	0	0.041106416	0	0.010948905	0	0.006530926	0.001920861	0.001344602	0.002305033	0	0	0.003265463	0.004225893	0.049366116	0	0.035728006	0.000768344	0.020745294	0	0	0.000768344	0	0.079523627	0.009028045	0	0	0.003841721	0.001536688	0.000576258	0.160007683	0.000768344	0.007875528	0	0	0	0	0	0.00096043	0	0	0	0	0	0	0.048597772	0	0	0.16749904	0.008643872	0	0.010564733	0.011140991	0.000384172	0.144064541	0.000576258	0	0	0.084902036	0	0	0.000384172	0.002112947
Sample104	0.000166533	0.008892886	0	0	0	0.00029976	0	0.029076739	0	0	0	0	0	0	0.000166533	0.000333067	0.00019984	0.038435918	0.014921396	0.00059952	0	0	0.003097522	0	0.017918998	0.000333067	0	9.99e-05	6.66e-05	9.99e-05	0.000799361	0	0.006361577	0.032440714	6.66e-05	0.004896083	0.017486011	0	0.000166533	0	0	0	0	0	0	0	0.000566214	0.009525713	0.000266454	0.451372236	0.00069944	6.66e-05	0.000732747	0.278543832	0.00059952	0.069877431	0	0	9.99e-05	0.007360778	0	0.002564615	9.99e-05	0.000333067
Sample105	0	0.001088732	0	0	0	0.001088732	0	0.127925966	0	0	0	0	0	0	0	0.028307022	0	0.276537833	0.046271094	0.016330974	0	0	0.003266195	0	0.072945019	0	0	0	0	0.121937942	0.031573217	0	0	0.004354927	0	0	0	0	0	0	0	0.003266195	0	0.004899292	0	0	0	0.027218291	0	0.119216113	0	0	0	0.009798585	0.016330974	0.086554164	0	0.001088732	0	0	0	0	0	0
Sample106	0.001394495	0.05159633	0	0	0	0.008954128	0.008587156	0.025614679	0	0.000880734	0.000807339	0	0.000220183	0	0.08	0.044917431	0	0.241394495	0.003302752	0.00359633	0.000733945	0	0.003229358	0	0.073688073	0.020917431	0	0.039486239	0.000733945	0.003743119	0.002348624	0	0.03053211	0.006091743	0.00066055	0	0	0	0.000733945	0.00066055	0	0	0	0	0	0	0.011522936	0.004183486	0	0.019889908	0	0.000293578	0.006091743	0.004623853	0.001394495	0.234862385	0	0	0	0.046605505	0.000146789	0.003155963	0.00212844	0.010275229
Sample107	0	0.00283712	0	9.7e-05	0	0.00240064	4.85e-05	0.000945707	0.000315236	0	0	0	0	0	0.001357938	0.003225102	0	0.005165014	0	0.000363733	0	0	0	0.000266738	0.960522806	0.000145493	0	0	0	0.000557724	0	0	0.00021824	0.000533476	0.000387982	0	0	0	0	0	0	0.003685831	0	0	0	0	0	0	0	0.00240064	0	0	0.00130944	0.003249351	0.001333689	0.006207716	0	0	0	0.000339484	0	0.001818667	4.85e-05	4.85e-05
Sample108	0.000433651	0.015900549	0	0.008239376	0	0.010985834	0.002457358	0.005348367	0	0.000722752	0.001590055	0	0.000433651	0	0.162330153	0	0	0.031367447	0.003035559	0.003469211	0	0.001156404	0.003035559	0.004191963	0.033824805	0.002023706	0.001156404	0	0	0.00650477	0.003758312	0	0.001300954	0.033824805	0.00318011	0.007516623	0	0	0	0.001734605	0	0.01300954	0	0	0.000433651	0.004047413	0.008094825	0.023850824	0.002746459	0.314252674	0.002168257	0.000722752	0.003902862	0.162474704	0.010696733	0.089043076	0.000289101	0	0.001300954	0.00318011	0	0.008239376	0.000867303	0.000867303
Sample109	0.020723569	0.050228311	0	0.02687039	0	0.011239902	0.051808922	0.015630488	0	0.014752371	0.004741834	0.002283105	0.001931858	0.00509308	0.119775202	0	0	0.04004215	0.002458728	0.024762908	0	0	0	0	0.081313664	0	0.002809975	0	0	0.002107482	0.019669828	0	0.003512469	0.063751317	0	0.019318581	0	0	0	0	0	0.005795574	0.008254303	0	0	0.001580611	0.001404988	0.006849315	0	0.131366351	0.002458728	0.000351247	0.003336846	0.15314366	0.028626625	0.048823323	0.000702494	0	0	0.014576747	0	0.005444327	0.001404988	0.000702494
Sample110	0	0.002108018	0	0.000145381	0	0.000290761	0.00283492	0.006396743	0	0	0.000145381	0	0	0	0.006614814	0	0	0.076470161	0.006832885	0.01897216	0	0	0.001526496	0	0.037072036	0.002253398	0.000944973	0	0	0.003561823	0.001308425	0.001308425	0.001671876	0.038961983	0.000290761	0.006033292	0.000218071	0	0	0.000218071	0	0	0	0	0	0	0.000726903	0.018390637	0.000581522	0.559278913	0	0.000290761	0.000872283	0.163189649	0.000799593	0.030311841	0.000145381	0	0	0.006905575	0	0.000726903	0.000799593	0.000218071
Sample111	0.0119569	0.027181091	0.000347584	0.02301008	0	0.031074035	0.018561001	0.015571776	0	0.002294056	0.002015989	0.000347584	0.000417101	0.005074731	0.052902329	0	0.000834202	0.013416754	0.000903719	0.001598888	0	0.004935697	0.002711157	0.002224539	0.049217935	0.008133472	0.001529371	0.002919708	0.001042753	0.05818561	0.002224539	0	0.005700382	0.031074035	0.003267292	0.002850191	0.001737921	0	0.00375391	0.001876955	0	0	0	0.000347584	0.000347584	0.01438999	0.019673271	0.027667709	0.005908933	0.287452207	0.005422315	0.00132082	0.01946472	0.113034411	0.004171011	0.070281543	0.000764685	0	0	0.020020855	0	0.003823427	0.003058742	0.011748349
Sample112	0.002357101	0.068945197	0	0.012816735	0	0.045079552	0.022245138	0.023865645	0	0.000883913	0	0.000589275	0	0	0.212139069	0	0	0.015173836	0	0.004714202	0	0	0	0	0.064672952	0.004566883	0.002209782	0.002062463	0	0.082203889	0.000883913	0	0.00117855	0.010164997	0	0	0	0	0	0.002946376	0	0	0	0	0	0.004272245	0.008249853	0.008691809	0.009133765	0.016647024	0	0	0.00368297	0.012816735	0.000441956	0.289923394	0	0	0	0.030494991	0	0.032557454	0.001767826	0.001620507
Sample113	0.182937956	0.093065693	0	0	0	0	0	0	0	0	0	0	0	0	0.074361314	0	0	0.051551095	0	0.013229927	0	0	0	0	0.133667883	0	0.001368613	0	0.000912409	0.115875912	0	0	0.010948905	0.003649635	0	0.032390511	0	0	0	0.001824818	0	0	0	0	0	0	0	0.056569343	0	0.045164234	0.001824818	0	0.006386861	0.003649635	0	0.162864964	0	0	0	0	0	0.002737226	0	0
Sample114	0.000892857	0.005612245	0	0.000255102	0	0.007568027	0	0.051105442	0	0	0	0	0	0	0.001020408	0	0.000127551	0.065518707	0.004421769	0.001488095	0.000510204	0	0.002423469	0.000127551	0.086054422	0.009863946	0.001785714	0.02457483	0.002295918	0.043027211	0.01832483	0.001615646	0.008333333	0.074064626	0.000595238	0.00170068	0.001828231	0	0	0.000807823	0	0	0	0.000212585	8.5e-05	0.000807823	0.002933673	0.017006803	0.000807823	0.319047619	0.000637755	0.000382653	0.009438776	0.14047619	0.004166667	0.072576531	0	0	0	0.007185374	0	0.00255102	0.001190476	0.000255102
Sample115	0.000831255	0.049796145	0	0.000633337	7.92e-05	0.13498001	0.000118751	0.006175039	0	0.000158334	0	0	0	0	0.018604283	0	0	0.052764913	0.000514587	0.019158453	0.002018763	0	0.000118751	0	0.084075525	0.014527174	0.003166686	0.000672921	0.000514587	0.036456478	0.012666746	0.012904247	0.000752088	0.063214978	0.000356252	0	0	0	0	0.010489649	0	0	0	0.000277085	0	0.001345842	0.020583462	0.001306258	0.000791672	0.026441832	0.00098959	7.92e-05	0.003641689	0.008629221	0.00740213	0.357439734	0.000316669	0	7.92e-05	0.001029173	0.000197918	0.039504414	0	0
Sample116	0.006943526	0.001322576	0.000154301	0.119759291	0.009324163	0.017149407	0	0.009588679	0	0.000330644	0.000176344	0	4.41e-05	0	0.228166468	0	0	0.027134859	0.001388705	0.012057488	0.000639245	0	0.000352687	0	0.134682361	0.003350527	0.000506988	0.000683331	0.000154301	0.013402107	0.002446766	0.048472424	0.001520963	0.009081691	0.000595159	0	0.000154301	6.61e-05	0	0.002446766	0	0	0.000220429	0.000903761	0.000639245	0.017700481	0.029295067	0.017325751	0.005444606	0.05654014	0.013247807	0.001168276	0.02594454	0.03396817	0.001013975	0.070515364	0	0.000154301	0	0.061213243	0.001058061	0.009103734	0.001013975	0.000286558
Sample117	0	0.01135006	0	0.024193548	0	0.001792115	0	0.025686977	0	0	0	0	0	0	0.005077658	0	0	0.028076464	0.047192354	0.066905615	0	0	0.000597372	0	0.1239546	0	0.000896057	0.001493429	0.001493429	0.018219833	0	0	0.010454002	0.022998805	0	0.003882915	0.037634409	0	0	0.001792115	0	0	0	0	0	0	0.030764636	0	0	0.241039427	0.001194743	0	0.001194743	0.16218638	0.037037037	0.091397849	0	0	0	0.001493429	0	0	0	0
Sample118	0.043088881	0	0	0.00253464	0	0.003041568	0	0.004055424	0	0.001351808	0.000337952	0	0	0	0.016390673	0	0	0.010645488	0	0.004055424	0	0	0	0	0.029232849	0.007434944	0.000506928	0	0.001013856	0.00168976	0	0.029570801	0.001858736	0.008955728	0	0	0	0	0	0.006083136	0	0	0	0.006590064	0.004731328	0.160189253	0.184521798	0.097668131	0.052551538	0.05457925	0.077222034	0.018249409	0.097161203	0.053565394	0.000675904	0.007434944	0.001013856	0	0.001520784	0	0	0.000337952	0.002872592	0
Sample119	0	0.018148488	0	0.017598533	0	0.013565536	0	0.011640697	0	0.001374885	0	0	0	0	0.011549038	0	0	0.020348304	0.006141155	0.021448213	0.000733272	0	0.000274977	0.00467461	0.035930339	0.014665445	0.000458295	0	0	0.001374885	0	0	0.001191567	0.001833181	0.000458295	0.004491292	0.000366636	0	0	0.00284143	0	0	0	0.001833181	0.000733272	0.017231897	0.02071494	0.047937672	0.005224565	0.518423465	0.00659945	0.002291476	0.008432631	0.127681027	0.007974335	0.038955087	0	0	0	0.002383135	0	0	0.001191567	9.17e-05
Sample120	0.134937238	0.074137029	0	0.067468619	0	0.007975941	0	0.003138075	0	0.002745816	0	0	0	0	0.042625523	0	0	0.00209205	0.000261506	0.004314854	0	0	0	0	0.162003138	0	0.006145397	0.002745816	0	0.010721757	0.01333682	0	0	0.028634937	0.002615063	0	0	0	0	0.000653766	0	0	0	0	0	0	0.04249477	0.054393305	0.004707113	0.037526151	0.055439331	0.003791841	0.033080544	0.07165272	0.003922594	0.034518828	0	0	0	0.020789749	0.001961297	0.054131799	0.012944561	0.001307531
Sample121	0.078101072	0.021877051	0	0.032159265	0.000875082	0.041566397	0.003500328	0.027236928	0	0.007000656	0.000656312	0.000218771	0.000437541	0.00415664	0.183985999	0	0	0.027565084	0	0.008969591	0.000546926	0	0.000437541	0	0.057099103	0.003609713	0.001422008	0.013454386	0.000656312	0.032596806	0	0	0.007328812	0.054583242	0.001531394	0.001750164	0	0	0	0.001750164	0	0	0	0.001203238	0.000984467	0.020892584	0.020017502	0.018923649	0.004266025	0.037300372	0.045285496	0.001203238	0.012032378	0.078976154	0.008313279	0.113432509	0.000546926	0	0.000328156	0.010063443	0	0.008969591	0.001203238	0.000328156
Sample122	0.004366119	0.011590061	0	0.021354291	0	0.010399301	0	0.018814003	0	0.000238152	0.00079384	0	0.000317536	0	0.054378027	0	0	0.096213384	0.004842423	0.009843614	0.000476304	0.006112566	0.000635072	0	0.046836548	0.018337699	0.003016591	0.01754386	0.003254743	0.055013098	0.000238152	0	0.002857823	0.096689688	0	0	0.000317536	0.000714456	0.000714456	0.005874415	0	0	0	0.001428912	0.001905216	0.094784472	0.109232357	0.05485433	0.027863777	0.067000079	0.015479876	0.003889815	0.033023736	0.025482258	0.007541478	0.049535604	0	0	0	0.004127967	0	0.003651663	0.002937207	0.000317536
Sample123	0.010537548	0	0	0.000266773	0	0.00040016	0	0	0	0	0	0	0	0	0.001333867	0	0	0.02134187	0	0.00040016	0	0	0	0	0.00240096	0.002267574	0.00120048	0	0.001333867	0	0	0	0.000533547	0.004535147	0	0	0.005602241	0.00120048	0	0.007069494	0	0	0	0.004535147	0.006669334	0.048152594	0.360677604	0.159930639	0.028011204	0.184340403	0.046018407	0.004801921	0.04268374	0.023876217	0	0.02294251	0	0	0	0.004001601	0	0	0.000666933	0.00040016
Sample124	0	0	0	0	0	0	0	0.004002668	0	0	0	0	0	0	0	0	0	0.010006671	0	0.060040027	0	0	0.004002668	0	0.484322882	0	0.005336891	0.006004003	0.002668446	0.140760507	0	0.037358239	0.121414276	0.010006671	0.004002668	0	0	0	0	0	0	0	0	0	0	0	0.024683122	0	0	0.029352902	0	0	0.007338225	0.004002668	0	0.042028019	0	0	0	0	0	0	0	0
Sample125	0	0	0	0	0	0	0	0	0	0	0	0	0	0	0	0	0	0.018062397	0	0.044334975	0	0	0	0	0.382594417	0	0.004926108	0	0	0.008210181	0	0	0	0.221674877	0	0	0	0	0	0	0	0	0	0	0	0	0	0.200328407	0	0.075533662	0	0	0	0.006568144	0	0.037766831	0	0	0	0	0	0	0	0
Sample126	0	0.006244425	0	0.008028546	0	0.074041035	0	0.001784121	0	0	0	0	0	0	0	0	0	0.119536128	0	0	0	0	0.004460303	0	0.2970562	0	0.008920607	0.018733274	0.006244425	0.086529884	0.001784121	0	0.007136485	0.058876004	0.009812667	0	0	0	0	0	0	0	0	0	0	0.031222123	0.019625335	0.043710972	0	0.052631579	0.007136485	0	0.008920607	0.046387154	0.008028546	0.073148974	0	0	0	0	0	0	0	0
Sample127	0.001166861	0.258168028	0.001604434	0.095536756	0.00554259	0.190781797	0	0.023191365	0	0.003500583	0.000875146	0	0	0	0.01735706	0	0	0.009043174	0	0	0	0	0	0.014731622	0.038068845	0	0	0.003063011	0	0.003208868	0	0	0.001166861	0.000729288	0.004229872	0	0	0	0	0.000583431	0.005250875	0	0.031213536	0	0	0	0	0.035005834	0.001604434	0.009626604	0	0	0.001312719	0.035151692	0.001604434	0.042882147	0.000291715	0	0	0.037193699	0.026691949	0.09962077	0	0
Sample128	0.00039992	0.057755116	0.001932947	0.014463774	0.000166633	0.023595281	0	0.042758115	0	0.000533227	0.000833167	0.00019996	0.00019996	0.000833167	0.008864894	0	0.000133307	0.032660135	0.009531427	0.01179764	0.00019996	0	6.67e-05	0.062187562	0.133073385	0.000566553	0.001766313	0.092548157	0.000466573	0.042924748	0.006432047	0	0.007965074	0.041525028	0.00159968	1e-04	0	0.032760115	0.000633207	0.0004999	0	0.019529427	0.01079784	0.000366593	0	0.002232887	0.0064987	0.024595081	0.000866493	0.023228688	0.00109978	1e-04	0.00139972	0.117143238	0.0044991	0.07611811	0.000333267	0	0	0.00189962	0.00189962	0.073985203	0.000133307	0
Sample129	0	0.199545148	0.000673854	0.069322776	0.001263477	0.233153639	0	0.017772911	0.003621968	0.002695418	0.000842318	0.000336927	0.001431941	0.001684636	0.007075472	0	0	0.004885445	0	0	0	0	0	0.011539757	0.084147574	0	0	0.000842318	0	0.000421159	0	0	0.001263477	0.003200809	0.003790431	0	0	0.000505391	0	0.000505391	0	0.107227089	0.002190027	0	0	0	0.003706199	0	0	0.006485849	0	0	0.005811995	0.003369272	0.008086253	0.017688679	0.000421159	0	0	0.013645553	0.016425202	0.162483154	0	0
Sample130	0	0	0	0	0	0.005138746	0	0.002055498	0	0	0	0	0	0	0.011305242	0	0	0.002055498	0.015416238	0.005138746	0	0	0	0	0.091469681	0	0	0.027749229	0	0	0.112024666	0	0.009249743	0.14696814	0	0	0	0	0	0	0	0	0	0	0	0	0	0	0	0.498458376	0	0	0	0.042137718	0.002055498	0.025693731	0	0	0	0	0	0.003083248	0	0
Sample131	0	0.049941928	0	0.090463286	0	0.031358885	0	0.007742935	0	0	0.000387147	0	0	0.000645245	0.012904891	0	0	0.00709769	0.001548587	0.014969674	0	0	0	0	0.162343528	0.008130081	0.001677636	0.001290489	0.000387147	0.010323913	0	0	0.001548587	0.360433604	0	0.000516196	0	0	0	0.001032391	0	0	0.003097174	0	0	0	0.00825913	0	0.00116144	0.081042715	0.000516196	0.000258098	0.002839076	0.02361595	0.029036005	0.026713124	0	0	0	0.021034972	0	0.036262744	0.000387147	0
Sample132	0	0.051282051	0.000371609	0.000619348	0	0.10739502	0	0.018084975	0	0	0	0	0	0	0.002105785	0	0	0.036293819	0.002972873	0.015483711	0	0	0	0	0.245509724	0.002229654	0.001486436	0.001362567	0.000371609	0.045212437	0	0	0.003220612	0.046698873	0	0	0	0	0	0	0	0	0	0	0	0.002849003	0.003344482	0.003220612	0	0.10776663	0.000743218	0	0.001362567	0.006069615	0.035178992	0.17118791	0	0	0	0	0.001610306	0.085717825	0.000247739	0
Sample133	0	0	0	0	0	0.008988764	0	0	0	0	0	0	0	0	0.006741573	0	0	0.013483146	0	0.287640449	0	0	0	0	0.424719101	0	0	0	0	0.22247191	0	0	0	0	0	0	0	0	0	0	0	0	0	0	0	0	0	0	0	0	0	0	0	0.026966292	0	0.008988764	0	0	0	0	0	0	0	0
Sample134	0.000252857	0.126782644	0.031961161	0.106958633	0.023718014	0.243400425	0	0.026145444	0.01421058	0.002326287	0.002730859	0.000404572	0	0.016334581	0.02948316	0	0.001871144	0.002478001	0	0.001517144	0	0	0	0	0.015980581	0.002832002	0.000809143	0.001668858	0	0.003540002	0	0.004652574	0.00278143	0.001972287	0.032163447	0	0	0.002174573	0	0	0	0	0.00313543	0	0	0	0.002579144	0.000657429	0	0.002326287	0.000758572	0.000354	0.003034287	0.017750582	0.006270861	0.048750885	0.000354	0	0	0.043845454	0.001416001	0.153484373	0.000252857	0
Sample135	0.005090954	0.061526045	0.07102502	0.131619793	0.00155212	0.010306078	0	0.118209474	0.001179611	0.010989011	0.001055442	0.000496678	0.000745018	0.002483392	0.126404669	0	0.001303781	0.005649718	0	0	0	0.001490035	0.002607562	0.000869187	0.125038803	0.047246539	0.000682933	0.000807103	0	0.000682933	0	0.052461663	0.000745018	0.002110883	0.006022226	0	0	0	0	0.000310424	0.001490035	0	0.012230707	0.000496678	0	0.001365866	0.003290495	0.001365866	0	0.001986714	0.001179611	0	0.001924629	0.006022226	0.001117527	0.087787918	0	0	0	0.012603216	0.000682933	0.066989508	0.001179611	0.003414664
Sample136	0.002639243	0.120586094	0.00282126	0.049963597	0.01064798	0.271751001	0	0.007371678	0.007644703	0.003549327	0.000637059	0	0	0.00391336	0.001547142	0	0.003276301	0.017018566	0	0.00445941	0	0	0.000273025	0.004186385	0.039861667	0	0.001729159	0.003276301	0	0.011103021	0	0	0.002093193	0.000910084	0.006097561	0	0	0	0	0.003640335	0	0	0.011558063	0	0	0	0.004550419	0	0	0.005278486	0	0	0.002002184	0.041499818	0.008463779	0.084819803	0.000273025	0	0	0.069439388	0.000819075	0.190025482	0	0
Sample137	0.005872737	0.181267785	0.00230066	0.029303142	0.00181631	0.387782285	0.000302718	0.006962523	0.001210874	0.007991766	0.003814252	0.000242175	0.003329903	0.020342677	0.041472422	0	0.001695223	0.000181631	0	0.015741357	0	0	0.001331961	0.003814252	0.031845977	0	0.001876854	0.005933281	0	0.001634679	0	0	0.003269359	0.000787068	0.009747533	0	0	0.001997942	0	0.006296543	0.006599261	0	0	0	0	0.004359145	0	0	0	0.004904038	0	0	0.002542835	0.020705939	0.001997942	0.081855058	0.000423806	0.000181631	0	0.029969123	0.002785009	0.056850518	0.000121087	0
Sample138	0	0.065479677	0.003865527	0.158369451	0.013587911	0.194096287	0	0.009253836	0.00163992	0.002108469	0.000585686	0	0	0.002225606	0.00456835	0	0.002342743	0.020967553	0.000937097	0.000468549	0	0	0	0	0.049431885	0	0.001522783	0.084807309	0	0.003279841	0	0	0.001171372	0.001405646	0.017804849	0	0	0.007379642	0	0	0	0	0.005622584	0	0	0	0.001874195	0	0	0.002225606	0	0	0.001288509	0.007965327	0.001757058	0.066416774	0	0	0	0.046034907	0.020499004	0.198664636	0.000351412	0
Sample139	0	0	0	0	0	0.03058438	0	0.003823048	0	0	0	0	0	0	0.003276898	0	0	0.085199345	0	0.018569088	0	0	0	0	0.142545057	0	0	0	0	0	0	0	0.001092299	0.03058438	0	0.005461496	0	0	0	0	0	0	0	0	0	0	0	0.006553796	0	0.347897324	0	0	0	0.204806117	0.028945931	0.066084107	0	0	0	0.001638449	0	0.022938285	0	0
Sample140	0	0.08509772	0	0.175488599	0	0.260993485	0	0.028908795	0	0	0	0	0	0	0.042345277	0	0	0	0	0.031758958	0	0	0	0	0.080618893	0	0	0	0	0	0	0	0	0	0.018322476	0	0	0	0	0.006107492	0	0	0	0	0	0	0	0	0	0.004478827	0	0	0.002035831	0.036644951	0	0.052117264	0	0	0	0.054153094	0.005700326	0.115228013	0	0
Sample141	0.008173077	0.011778846	0	0.007211538	0	0.000721154	0	0.007211538	0	0.000961538	0.001442308	0.000480769	0	0.003605769	0.006009615	0.035576923	0	0.090384615	0.007211538	0.000480769	0	0.072115385	0.028846154	0	0.132932692	0.052403846	0	0.016826923	0.002403846	0.005769231	0.001682692	0.146634615	0.000721154	0.008173077	0	0	0	0	0	0	0	0	0	0	0	0	0.055769231	0.027884615	0	0.072596154	0.011778846	0	0.065384615	0.030048077	0.016826923	0.03125	0	0	0	0.024038462	0	0	0.001923077	0.000721154
Sample142	0	0.242844753	0	0	0	0	0	0	0	0	0	0	0	0	0.001734605	0.017346054	0	0.201214224	0.027753686	0.014744146	0	0	0	0	0.370338248	0.028620989	0	0	0	0	0	0	0	0	0	0	0	0	0	0.002601908	0	0	0	0	0	0	0	0	0	0.082393755	0	0	0	0	0.003469211	0.006938422	0	0	0	0	0	0	0	0
Sample143	0.002511511	0	0	0.011162272	0	0.003906795	0	0.033347286	0	0.000558114	0	0	0.000976699	0.00083717	0.001116227	0.005162551	0	0.143714246	0.009069346	0.020510674	0	0	0.000279057	0	0.092646854	0.12599414	0	0	0	0.001116227	0.003209153	0.066275987	0.00083717	0.022045486	0.002232454	0	0	0	0.002790568	0	0	0	0	0	0	0	0.008929817	0.007115948	0	0.318124738	0.001534812	0	0.003209153	0.025952281	0.003069625	0.069624669	0	0	0	0.001255756	0	0.010883215	0	0
Sample144	0.003690037	0.021613073	0	0	0	0.192409067	0	0	0	0	0	0	0	0	0.017923036	0.028465999	0	0.083816552	0.009488666	0	0	0	0.002108593	0	0.324196099	0	0	0	0	0.002635741	0	0	0	0.017395888	0	0	0	0	0	0	0	0	0	0	0	0.022140221	0	0.049024776	0	0.015287296	0	0	0.013178703	0.015814444	0	0.175013179	0	0	0	0	0	0.005798629	0	0
Sample145	0.004683841	0.038251366	0	0	0	0.00156128	0	0.008977361	0	0	0.00078064	0	0	0	0.056986729	0.012880562	0	0.103825137	0	0.009758002	0	0	0	0	0.276736924	0.110850898	0	0	0	0	0	0	0.00273224	0.025761124	0	0	0	0	0	0.00156128	0	0	0	0	0	0	0.18462139	0	0	0	0	0	0.070647931	0.046057767	0.008977361	0.034348165	0	0	0	0	0	0	0	0
Sample146	0	0.023577491	0	0	0	0.0009431	0	0.033951588	0	0	0	0	0	0	0.001571833	0.019805093	0	0.116315624	0	0	0	0	0.000628733	0	0.134234517	0	0.001886199	0	0.003458032	0.044325684	0.088022634	0.013517762	0.096510531	0.015089594	0.011945929	0	0	0	0.008802263	0	0	0.004086765	0	0	0	0	0	0.008487897	0	0.009745363	0	0	0.049984282	0.039610185	0.012574662	0.050298648	0	0	0	0.001886199	0	0	0	0
Sample147	0.002514295	0.129405085	0.003041486	0.047163308	0.001743785	0.182489152	0.000324425	0.18930208	0.000973275	0.00206821	0.000527191	0	0.000973275	0.017721724	0.055720021	0	0	0.018897766	0	0.00218987	0	0	0.000324425	0.011435987	0.027373373	0.011557646	0	0	0	0.001581573	0	0	0.004785271	0.002352082	0.017600065	0	0	0.000486638	0	0	0.001865445	0	0.000446085	0	0	0	0.001581573	0.002311529	0.000527191	0.031104262	0.001297701	0	0.004014761	0.018451681	0.002757614	0.046271138	0.000283872	0	0	0.082647309	0.024331887	0.048704327	0.000324425	0
Sample148	0.030727023	0	0	0.000960219	0	0	0	0.002057613	0	0	0.000274348	0	0	0	0.017421125	0.001920439	0	0.015500686	0.004526749	0.002194787	0	0.011659808	0.023868313	0	0.04005487	0.132510288	0	0.002057613	0.001646091	0.013443073	0.000274348	0	0.004663923	0.008504801	0	0	0	0	0	0.000274348	0	0	0	0.000960219	0	0.019615912	0.041152263	0.05733882	0.009053498	0.077229081	0.00521262	0.000685871	0.017421125	0.006721536	0.002880658	0.4260631	0	0	0	0.007681756	0.000548697	0	0.011248285	0.000823045
Sample149	0.000259224	0.002246608	0	0	0	0.000172816	0	0.006567009	0	0	0	0	0	0	0.010109738	0.003974769	0	0.069904087	0.013911691	0.005702929	0	0	0.000604856	0	0.045018578	0	0	0.000345632	0.000172816	0.002678649	0.003369913	0.001555344	0.010109738	0.016503932	0.000259224	0.001468936	0	0	0	0	0	0	0	0	0	0	0.000604856	0.007258274	0.001382528	0.503240301	0	0.000172816	0.000604856	0.226389009	0.007603906	0.053486564	0	0	0	0.004233993	0	0	0	8.64e-05
Sample150	0.007861635	0.014150943	0	0.02672956	0	0	0.014150943	0.051886792	0	0	0	0	0	0	0.163522013	0	0	0.18081761	0	0	0	0	0.007861635	0	0.201257862	0	0	0.04245283	0	0	0	0	0	0	0	0	0	0	0	0	0	0	0	0	0	0	0	0	0	0	0	0	0	0.02672956	0	0.256289308	0	0	0	0	0.003144654	0	0	0.003144654
Sample151	0.02107581	0.06542938	0	0.001258257	0	0.001572822	0.001258257	0.033343819	0	0.00220195	0	0	0	0	0.048757471	0.019817553	0	0.167977351	0.01163888	0.016357345	0.001572822	0	0.004089336	0	0.07486631	0.076753696	0	0	0	0	0	0	0.001887386	0.031456433	0	0	0	0	0	0.001887386	0	0	0	0	0.003145643	0	0.016986474	0.019502988	0.006605851	0.121421831	0.003145643	0.00220195	0.107895565	0.077382825	0.012268009	0.043724442	0	0	0	0	0.002516515	0	0	0
Sample152	0.009818506	0.045522166	0	0	0	0	0.001190122	0.009818506	0	0	0	0	0	0	0.056233264	0.020827135	0	0.225825647	0.008330854	0.002677774	0	0	0	0	0.150847962	0.016364177	0	0.011306159	0	0.004165427	0	0	0.004165427	0	0.001190122	0	0	0	0	0	0	0	0	0	0	0	0.026480214	0.022017257	0	0.016661708	0	0	0.026182684	0.039869087	0.00624814	0.290687295	0	0	0	0	0.002975305	0	0.000595061	0
Sample153	0.077202543	0	0	0	0	0	0	0.009990917	0	0	0	0	0	0	0.051771117	0	0	0.168029064	0.023614896	0.009990917	0	0	0.027247956	0	0.161671208	0.004541326	0	0	0	0	0	0	0.006357856	0.04359673	0	0	0	0	0	0	0	0	0	0	0	0.007266122	0.011807448	0.008174387	0	0.158038147	0	0	0.008174387	0.121707539	0.002724796	0.096276113	0	0	0	0	0	0.00181653	0	0
Sample154	0.004142502	0.023198012	0	0.012427506	0	0.002485501	0.004142502	0	0	0	0	0	0	0	0.028169014	0.033140017	0	0.101077051	0	0.02071251	0	0	0	0	0.196354598	0.055509528	0	0	0	0	0	0	0	0	0	0	0	0	0	0.004142502	0	0	0	0	0	0	0.082021541	0	0.112676056	0.048053024	0	0	0.014913007	0.161557581	0	0.032311516	0	0	0	0.01905551	0	0.012427506	0	0
